"UPC/EAN/ISBN","Item Name","Category","category_mapped","product_type"
"1149","4Rever Aloe M/ Foot Care Cream 80Ml","cream","Personal Care","Cream/Ointment"
"2712","4Rever Foot Care Cream","other","Personal Care","Cream/Ointment"
"8017","Aqueous In Salicylic Acid 5% Cream","cream","Personal Care","Cream/Ointment"
"3914","Caremax Plaster 2X5 (Non Alergic)","Other","Other","Unit"
"2760","Livolin Forte","other","Other","Unit"
"7994","Odazyth 250Mg","Tablet","Medicine","Tablet"
"9663","Ra Thermoseal 50Mg","tooth paste","Other","Unit"
"6254","3% Salcilic Acid In Emulsifying","cream","Personal Care","Cream/Ointment"
"6255","4% Salcilic Acid In Emulsifying","cream","Personal Care","Cream/Ointment"
"6111","4Rever Fw 50Ml","Other","Other","Unit"
"1146","4Rever Aloe 94% 100G","gel","Medicine","Cream/Ointment"
"5880","4Rever Aloe 94% 50G","Other","Other","Unit"
"5580","4Rever Aloe Vera Gel 100%","jel","Medicine","Cream/Ointment"
"1068","4Rever Anti Acne Treatment","other","Other","Unit"
"2814","4Rever Black Head & White Head Remover","Other","Other","Unit"
"6110","4Rever Body Milk 100Ml","Other","Beverage","Unit"
"9581","4Rever Body Wash 300Ml","body clear","Personal Care","Unit"
"9586","4Rever Cucumber Cleansing Milk 100Ml","other","Beverage","Unit"
"5895","4Rever Day Cream","cream","Personal Care","Cream/Ointment"
"5581","4Rever Deep Cleansing","FACE WASH","Personal Care","Unit"
"9214","4Rever Face Wash 100Ml","other","Personal Care","Unit"
"5771","4Rever Fair Beauty 25G","cream","Personal Care","Cream/Ointment"
"2726","4Rever Gold Body Milk 100Ml","Other","Beverage","Unit"
"10030","4Rever Gold Face Wash","other","Personal Care","Unit"
"9582","4Rever Gold Face Wash 100Ml","face wash","Personal Care","Unit"
"6112","4Rever Kohomba F W 50Ml","Other","Other","Unit"
"9587","4Rever Kohomba Kaha Deep Cleansing Milk 100Ml","other","Beverage","Unit"
"9656","4Rever Kohomba Kaha Face Scrub 60G","scrub","Other","Unit"
"3351","4Rever Lunuwila Shampoo 180Ml","shampoo","Personal Care","Unit"
"6115","4Rever Lunuwila Shampoo 80Ml","shampoo","Personal Care","Unit"
"4175","4Rever Nail Lacquer Remover","Other","Other","Unit"
"2725","4Rever Night Cream","Other","Personal Care","Cream/Ointment"
"6113","4Rever Shampoo 180Ml","Other","Personal Care","Unit"
"6117","4Rever Shampoo 80Ml","Other","Personal Care","Unit"
"9583","4Rever Skin Toner 100Ml","other","Personal Care","Unit"
"5582","4Rever Sun Cream","cream","Personal Care","Cream/Ointment"
"9684","4Rever Sun Cream100g","cream","Personal Care","Cream/Ointment"
"1062","4Rever Under Eye Jel","jel","Other","Cream/Ointment"
"9584","4Rever Vitamin E Cream","cream","Personal Care","Cream/Ointment"
"7688","A Scabs Lotion 30Ml","Lotion","Personal Care","Cream/Ointment"
"6686","A Z Vitamine","vitamin","Other","Unit"
"8268","A-scab","others","Other","Unit"
"4178","Aba Thel 25Ml","oil","Other","Unit"
"9533","Abamec-d","Tablet","Medicine","Tablet"
"5125","Abana","Tablet","Medicine","Tablet"
"9612","Abha 5 Miinute","liquid","Other","Unit"
"9613","Abha Black Henna Hair Colour Powder","powder","Other","Unit"
"5962","Accu-chek 10S","strips","Other","Unit"
"6071","Accu-chek 25S","Other","Other","Unit"
"8395","Accu-chek Meter","machine","Other","Unit"
"7505","Ace 125Mg","suppo","Medicine","Unit"
"2071","Ace 250 Suppo","suppositories","Medicine","Unit"
"9766","Acetazolamid 250Mg Spc","table","Other","Unit"
"1037","Acetazolamide 250Mg","Tablet","Medicine","Tablet"
"1041","Acifree O Suspetion","syrup","Medicine","Syrup"
"1042","Aciherpin 200Mg","Tablet","Medicine","Tablet"
"1043","Aciherpin 400Mg","Tablet","Medicine","Tablet"
"9542","Aciherpin 5Mg Cream","cream","Personal Care","Cream/Ointment"
"5565","Aciherpin 800Mg","Tablet","Medicine","Tablet"
"1045","Aciloc 150","Tablet","Medicine","Tablet"
"1428","Aclin Jel","cream","Personal Care","Cream/Ointment"
"9169","Aclofen 100","other","Other","Unit"
"1055","Acnes Creamy Wash 50G","Other","Personal Care","Unit"
"1057","Acnes Sealing Gel 3S","Other","Medicine","Cream/Ointment"
"5238","Acnesol Gel","gel","Medicine","Cream/Ointment"
"9054","Acnil Face Wash","FACE WASH","Personal Care","Unit"
"1152","Acnil Soap","soap","Personal Care","Unit"
"1060","Action (Vanila) 400G","Tin","Other","Packet"
"1577","Action Milk Powder New","milk powder","Snack","Unit"
"9609","Actrapid Hm Penfil","Other","Other","Unit"
"1066","Acular Ls Eye Drop","other","Other","Drops"
"2021","Acuvail Solution 0.45%","solution","Other","Unit"
"8029","Acyclovir 200Mg","Tablet","Medicine","Tablet"
"3495","Acyvir Eye Ointment","eye oinment","Medicine","Cream/Ointment"
"1069","Adaferin Gel","cream","Personal Care","Cream/Ointment"
"1070","Adapco Cream 15G","cream","Personal Care","Cream/Ointment"
"1071","Adapco Gel 15G","gel","Medicine","Cream/Ointment"
"1074","Adclear 60 G","Other","Medicine","Unit"
"1078","Adiflam 50","Tablet","Medicine","Tablet"
"1079","Adiflam Gel 30G","cream","Personal Care","Cream/Ointment"
"1509","Adipin Jel","cream","Personal Care","Cream/Ointment"
"1082","Admenta 10 Mg","Tablet","Medicine","Tablet"
"1083","Admenta 5Mg","Tablet","Medicine","Tablet"
"1167","Adult Diaper Pant M","Diapers","Baby Care","Unit"
"7539","Adult Diapers L","DIAPER","Baby Care","Unit"
"8133","Adult Diapers Xl","diapers","Baby Care","Unit"
"1084","Advanced Weight Gainer 500Gm","Tin","Other","Packet"
"4471","Aerochamber Easy 1-2-3","other","Other","Unit"
"6587","Aerolife Spacer","other","Other","Unit"
"1091","Aeromate Plus","Other","Other","Unit"
"5995","Aerospacer Plus Device","Other","Other","Unit"
"1050","Afm 0.1% Eye Drop","eye drops","Medicine","Drops"
"1101","Air Wick Liquid 450Ml","Spray","Personal Care","Unit"
"1102","Air X 80Mg","Tablet","Medicine","Tablet"
"1103","Airpore 2Inch * 5.5Yd","","Other","Unit"
"8037","Aknizol 0.1% Gel","gel","Medicine","Cream/Ointment"
"9224","Albendazole (For A Dog)","other","Other","Unit"
"1114","Alcane Eye Drop","","Other","Drops"
"7628","Alcet 5Mg","Tablet","Medicine","Tablet"
"1115","Alcet Syrup 60Ml","Syrup","Medicine","Syrup"
"9407","Alclox 250Mg Caps","Capsule","Medicine","Capsule"
"1116","Alclox 500Mg","Capsule","Medicine","Capsule"
"1117","Alclox Syrup","","Medicine","Syrup"
"5611","Alcox Syrup 100Ml","syrup","Medicine","Syrup"
"5963","Aldactone 100Mg","tablets","Other","Unit"
"1957","Aldactone A 25Mg","Tablet","Medicine","Tablet"
"1120","Aldomet 250 Mg","Tablet","Medicine","Tablet"
"1121","Aldren 70Mg","Tablet","Medicine","Tablet"
"5623","Alendronate 70Mg","Tablet","Medicine","Tablet"
"1122","Alerid Syrup","Syrup","Medicine","Syrup"
"1123","Alerid-10 100 S","Tablet","Medicine","Tablet"
"1659","Alfacalcidol 0.25(Spc)","Tablet","Medicine","Tablet"
"1124","Alfacip 0.25Mcg","Tablet","Medicine","Tablet"
"1125","Alfacip 0.25Mg","Tablet","Medicine","Tablet"
"1126","Alfatam 0.4Mg","Capsule","Medicine","Capsule"
"9003","Alfinor 16Mg","Tablet","Medicine","Tablet"
"2156","Alkafast Sacheets","sachet","Other","Packet"
"1127","Alkay Er (Spc)","Tablet","Medicine","Tablet"
"1128","Allegra 120Mg","Tablet","Medicine","Tablet"
"9268","Allegra 180Mg","Tablet","Medicine","Tablet"
"1569","Allerget 10Mg","Tablet","Medicine","Tablet"
"1132","Allerget Syrup 60Ml","Syrup","Medicine","Syrup"
"1135","Allermine 4Mg","Tablet","Medicine","Tablet"
"1134","Allermine Syrup 100Ml","Syrup","Medicine","Syrup"
"1136","Allopurinol Tablets","Tablet","Medicine","Tablet"
"5344","Almiral 25Mg","suppositories","Other","Unit"
"1137","Almiral 100Mg","suppositories","Other","Unit"
"1138","Almiral 50","","Other","Unit"
"1139","Almiral Gel","gel.","Medicine","Cream/Ointment"
"1140","Almiral Sup 50","syrup","Medicine","Syrup"
"4494","Almiral Supoo 100Mg","suppositories","Other","Unit"
"9057","Aloe Lavender Face Wash 100Ml","FACE WASH","Personal Care","Unit"
"9100","Aloe Lavender Face Wash 50Ml","FACE WASH","Personal Care","Unit"
"9073","Aloe Lavender Moisturizing Body Milk 100Ml","other","Beverage","Unit"
"1148","Aloe M/ Foot Care Cream 50Ml","cream","Personal Care","Cream/Ointment"
"5875","Aloe Miracle Footcare 50Ml","Other","Other","Unit"
"9083","Aloe Moisture Body Lotion 100Ml","other","Personal Care","Cream/Ointment"
"3782","Aloe Vera 150Ml","aloe jel","Other","Cream/Ointment"
"1150","Aloe Vera Gel 99%","gel","Medicine","Cream/Ointment"
"1151","Aloe Vera Real Soothing Gel 50Ml","","Medicine","Cream/Ointment"
"2433","Aloevera","other","Other","Unit"
"3375","Aloevera Gel","gel","Medicine","Cream/Ointment"
"5877","Aloevera Soothing Gel","Other","Medicine","Cream/Ointment"
"5879","Alovera Moisturising Cream 50Ml","Other","Personal Care","Cream/Ointment"
"6091","Alovera Shampoo 100Ml","Other","Personal Care","Unit"
"1153","Alovera Shaving Cream 100Ml","cream","Personal Care","Cream/Ointment"
"9275","Alovit Multivitamin Cap","other","Medicine","Capsule"
"1154","Alphadol 0.25Mcg","Tablet","Medicine","Tablet"
"1155","Alphagan P 5Ml","eye drops","Medicine","Drops"
"1158","Alphapress Tab 1Mg","Tablet","Medicine","Tablet"
"5884","Alrin 120Mg","Tablet","Medicine","Tablet"
"3289","Alrin 180","Tablet","Medicine","Tablet"
"6234","Alrin 60","others","Other","Unit"
"5976","Alzel 400Mg","Other","Other","Unit"
"1160","Alzolam 0.25Mg","Tablet","Medicine","Tablet"
"1161","Alzolam 0.5 Mg","Tablet","Medicine","Tablet"
"1162","Alzole Bolus","Other","Other","Unit"
"7580","Amaryl 2Mg","Tablet","Medicine","Tablet"
"7581","Amaryl 3Mg","Tablet","Medicine","Tablet"
"5505","Amaryl 1Mg","Tablet","Medicine","Tablet"
"1166","Amboten Syrup 100Ml","syrup","Medicine","Syrup"
"9546","Amclav 625Mg","Tablet","Medicine","Tablet"
"6421","Amet Sr 500Mg","Tablet","Medicine","Tablet"
"6978","Amico Vit Syrup 200Ml","vitamin","Medicine","Syrup"
"7566","Amileb 10Mg (Ceyoka)","Tablet","Medicine","Tablet"
"7567","Amileb 25Mg (Ceyoka)","Tablet","Medicine","Tablet"
"8109","Amino Plus","Capsule","Medicine","Capsule"
"6571","Aminomin Syrup","syrup","Medicine","Syrup"
"5165","Aminopep Syrup","syrup","Medicine","Syrup"
"1177","Amins Black Henna","Other","Other","Unit"
"1178","Amiodar 100Mg","Tablet","Medicine","Tablet"
"1179","Amiodor Tab 200Mg","Tablet","Medicine","Tablet"
"1181","Amiton Syrup","syrup","Medicine","Syrup"
"1119","Amlodac 5Mg","Tablet","Medicine","Tablet"
"6080","Amlodipine 10Mg","Tablet","Medicine","Tablet"
"7592","Amlong 10Mg","Tablet","Medicine","Tablet"
"1104","Amlong 2.5Mg","Tablet.","Medicine","Tablet"
"1183","Amlong 5","Tablet","Medicine","Tablet"
"1185","Amlopres 5Mg","Tablet","Medicine","Tablet"
"1186","Amlosun 5Mg","Tablet","Medicine","Tablet"
"1187","Amlotrust 5","Tablet","Medicine","Tablet"
"3702","Amogen 500","Capsule","Medicine","Capsule"
"1188","Amox & Cla Indclav 625Mg","","Other","Unit"
"1189","Amoxciline 500 Spmc","Tablet","Medicine","Tablet"
"1196","Amoxicillin 250Mg Spmc","Capsule","Medicine","Capsule"
"1190","Amoxicillin 500Mg Card","Capsule","Medicine","Capsule"
"1192","Amoxicilline 125Mg","Tablet.","Medicine","Tablet"
"1193","Amoxil 250Mg","","Other","Unit"
"1194","Amoxil 500Mg","","Other","Unit"
"1195","Amoxil Suspension 100Ml","syrup","Medicine","Syrup"
"1164","Ampril 5Mg","Tablet.","Medicine","Tablet"
"1199","Amso 0.4Mg","Tablet","Medicine","Tablet"
"7612","Amso Spc 0.4Mg","Capsule","Medicine","Capsule"
"1201","Anabac 200","Tablet","Medicine","Tablet"
"1202","Anabac 400","Tablet","Medicine","Tablet"
"9765","Anafast Gel","jel","Medicine","Cream/Ointment"
"81010","Analep Cream 30G","cream","Personal Care","Cream/Ointment"
"8108","Analep Cream New","cream","Personal Care","Cream/Ointment"
"8381","Anasica Injection 30 Ml","injection","Medicine","Injection"
"1206","Anasica Jelly","gel.","Medicine","Cream/Ointment"
"1212","Anchor Pedia Pro 1-2 Yr 200G","other","Other","Unit"
"1213","Anchor Pedia Pro 1-2 Yr 350G","milk powder","Snack","Unit"
"1214","Anchor Pedia Pro 2-5 Yr 200G","other","Other","Unit"
"1215","Anchor Pedia Pro 2-5 Yr 350G","milk powder","Snack","Unit"
"1216","Anchor Pedia Pro Mama","","Other","Unit"
"1221","Anemidox","Tablet","Medicine","Tablet"
"1222","Angifree Sr 30","Tablet","Medicine","Tablet"
"1223","Angifree Sr 60","Tablet","Medicine","Tablet"
"1224","Angiopril 25","Tablet","Medicine","Tablet"
"7001","Angizaar 25 Mg","teblets","Medicine","Unit"
"1226","Angizaar H","","Other","Unit"
"1227","Angizem Cd 90 Caps 90Mg 10X10s","","Other","Unit"
"1228","Anlene 200G","Other","Other","Unit"
"1230","Anne French","","Other","Unit"
"1231","Anodyne","","Other","Unit"
"4123","Ant Killer","others","Other","Unit"
"1232","Antagit Ds Gel Orange Flavor 170Ml","syrup","Medicine","Syrup"
"8312","Anti Acne Facial Wash (Ewon)","Other","Personal Care","Unit"
"8313","Anti Dandruff Shampoo (Ewon)","Other","Personal Care","Unit"
"9681","Anti Wrinkle Night Cream 50Ml","cream","Personal Care","Cream/Ointment"
"5323","Anti-fungal Shampoo","pet shampoo","Personal Care","Unit"
"1233","Antick","Other","Other","Unit"
"3481","Anyderm","lotion","Personal Care","Cream/Ointment"
"1235","Apdrops Eye Drops 5Ml","other","Medicine","Drops"
"8173","Apetamin P Syrup","Syrup","Medicine","Syrup"
"1236","Apodin Ointment","ointment","Medicine","Cream/Ointment"
"1238","Appeton Weight Gain (Chocolate)","milk powder","Snack","Unit"
"9759","Aptocare Syrup 200Ml","syrup","Medicine","Syrup"
"9047","Aqua Fresh Face Wash 50Ml","FACE WASH","Personal Care","Unit"
"9046","Aqua Plus Cream","cream","Personal Care","Cream/Ointment"
"1240","Aquarin Cream 80G","CREAM","Personal Care","Cream/Ointment"
"1241","Aquarin Fragrance Free Cream","cream","Personal Care","Cream/Ointment"
"1242","Aquasoft Soap 75G","soap","Personal Care","Unit"
"8022","Aqueous Cream","cream","Personal Care","Cream/Ointment"
"8018","Aqueous Cream(felona)","cream","Personal Care","Cream/Ointment"
"8276","Aqueous Cream(felona)new","cream","Personal Care","Cream/Ointment"
"8289","Arabic Choco","chocolate","Snack","Unit"
"6527","Arbi 300Mg","other","Other","Unit"
"1244","Arbi Tabs 150Mg","medecin","Other","Tablet"
"1245","Arcolane 2% Solution 60Ml","","Other","Unit"
"1246","Arip Mt 10","Tablet","Medicine","Tablet"
"1247","Arip Mt 15Mg","Tablet","Medicine","Tablet"
"1248","Arix 10Mg","Tablet","Medicine","Tablet"
"1249","Arix Syrup 60Ml","syrup","Medicine","Syrup"
"1250","Arizole 10Mg","Tablet","Medicine","Tablet"
"1251","Arizole 30Mg","Tablet","Medicine","Tablet"
"5592","Arlin 600Mg","Tablet.","Medicine","Tablet"
"1252","Arnil 50 Mg","Tablet","Medicine","Tablet"
"1253","Arnil Gel 20G","gel","Medicine","Cream/Ointment"
"1254","Artheritic Cure","","Other","Unit"
"1255","Arthrodac 100Mg","Tablet","Medicine","Tablet"
"7549","Artizol Tab","Tablet","Medicine","Tablet"
"9389","Asamodagam 200Ml","spirit","Other","Unit"
"1257","Ascal 500Mg","Tablet","Medicine","Tablet"
"1258","Asclave Syrup","syrup","Medicine","Syrup"
"7568","Ascorbic Acid 100Mg (Msj)","Tablet","Medicine","Tablet"
"5184","Ashwa Ganda Oil","oil","Other","Unit"
"5930","Ashwaganda Thel","Other","Other","Unit"
"7518","Asiri Solted Peanuts","bite","Other","Unit"
"1170","Aspendos 100Mg","Tablet.","Medicine","Tablet"
"7615","Aspilin 75Mg","Tablet","Medicine","Tablet"
"1260","Aspin 100Mg","Tablet","Medicine","Tablet"
"5561","Aspirin 150Mg (Spc)","Tablet","Medicine","Tablet"
"5639","Aspirin 75Mg Spc","Tablet","Medicine","Tablet"
"1261","Asprin 75 Mg","Other","Medicine","Unit"
"8014","Astat 20Mg","Tablet","Medicine","Tablet"
"1263","Asthafen 1 Mg","Tablet","Medicine","Tablet"
"1264","Asthalin 200Dp Caps","Capsule","Medicine","Capsule"
"1265","Asthalin Inhaler Dc 100Mg","Other","Medicine","Inhaler"
"4563","Asthalin Solution","other","Other","Unit"
"8294","Asthalin Syrup 100Ml","Syrup","Medicine","Syrup"
"1269","Asthaline 400 Dp","Tablet","Medicine","Tablet"
"1271","Astifen 1Mg","Tablet","Medicine","Tablet"
"1272","Astifen Syrup","Syrup","Medicine","Syrup"
"1273","Astrix 100Mg","Tablet","Medicine","Tablet"
"1274","Astrocort 0.5% 10G","cream","Personal Care","Cream/Ointment"
"1276","Astrocort 1% Cream","cream","Personal Care","Cream/Ointment"
"5543","Astrocort Ointment","cream","Personal Care","Cream/Ointment"
"5590","Asuntol Dog Soap","Other","Personal Care","Unit"
"5569","Ataline 2.5Mg","Tablet","Medicine","Tablet"
"1279","Ataline Syrup 100Ml","Syrup","Medicine","Syrup"
"1280","Ataorvastain 10 (Spc Cadilo) 10Mg","Tablet","Medicine","Tablet"
"1281","Atarax 10","","Other","Unit"
"1282","Atarax 25Mg","Tablet","Medicine","Tablet"
"7506","Ateleb-50 Atenolol 50Mg","Tablet","Medicine","Tablet"
"9668","Atenex 25Mg (Atenolol 25Mg)","Tablet","Medicine","Tablet"
"1283","Atenolol 50 Spc","Tablet","Medicine","Tablet"
"1284","Atenolol 50Mg (Kopran)","Tablet","Medicine","Tablet"
"1285","Atenolol Tab 25Mg(spc)","Tablet","Medicine","Tablet"
"5534","Aterline Syrup","syrup","Medicine","Syrup"
"1286","Atocor 10Mg","Tablet","Medicine","Tablet"
"1287","Atocor 20Mg","Tablet","Medicine","Tablet"
"9578","Atogen 10","Tablet","Medicine","Tablet"
"3381","Atogen 20Mg","Tablet","Medicine","Tablet"
"1208","Atogen 40Mg","Tablet.","Medicine","Tablet"
"5624","Atorem(atorvastin 10Mg)","Tablet","Medicine","Tablet"
"7507","Atorem(atorvastin 20Mg)","Tablet","Medicine","Tablet"
"2719","Atorfit 10Mg","Tablet","Medicine","Tablet"
"10094","Atorfit 20Mg","Tablet","Medicine","Tablet"
"1290","Atorlip 10Mg","Other","Other","Unit"
"1291","Atorlip 20Mg","Tablet","Medicine","Tablet"
"4622","Atorlip 40Mg","Tablet.","Medicine","Tablet"
"1292","Atorlip 5","Tablet","Medicine","Tablet"
"1580","Atornova 10Mg","Tablet","Medicine","Tablet"
"5501","Atorva 10Mg","Tablet","Medicine","Tablet"
"1295","Atorva 20Mg","Tablet","Medicine","Tablet"
"1296","Atorva 40 Mg","Tablet","Medicine","Tablet"
"5529","Atorva 5Mg","Tablet","Medicine","Tablet"
"1299","Atorvastatin 10Mg (Spmc)","Tablet","Medicine","Tablet"
"8042","Atorvastatin 10Mg Inova","Tablet","Medicine","Tablet"
"5697","Atorvastatin 20Mg (Spc)","Tablet","Medicine","Tablet"
"8041","Atorvastatin 20Mg Cadla","Tablet","Medicine","Tablet"
"1298","Atorvastatin 5Mg Cadla","Tablet","Medicine","Tablet"
"1300","Atostat 10 Mg","","Medicine","Unit"
"1304","Atrauman Ag 10*10","","Other","Unit"
"1305","Atrauman Ag 10*20","","Other","Unit"
"1306","Atrauman Ag 5*5","","Other","Unit"
"1307","Atrest 0.25Mg","Tablet.","Medicine","Tablet"
"1308","Atrest 0.5Mg","","Other","Unit"
"1262","Atv 10","Tablet","Medicine","Tablet"
"1309","Augmentin 375Mg","Tablet","Medicine","Tablet"
"1310","Augmentin Syrup 156G","Syrup","Medicine","Syrup"
"1311","Augmentin Syrup 228Mg","","Medicine","Syrup"
"1312","Augmentin Tab 625Mg","Tablet","Medicine","Tablet"
"1313","Aurola 10 Mg","","Medicine","Unit"
"1314","Aush Anti Dradoff Shampoo","","Personal Care","Unit"
"1315","Aush Toothpaste","","Personal Care","Unit"
"1316","Aush Turmaric 25 G","","Medicine","Unit"
"8072","Ausomega","Capsule","Medicine","Capsule"
"1317","Avamys Aqueous Nasal Spray 0.05%","nasal spray","Personal Care","Drops"
"5826","Avamys Nasal Spray","Other","Personal Care","Drops"
"2978","Avani Pagiri Spray","spray","Personal Care","Unit"
"1318","Avatan Eye Drops 0.04Mg/ml 3Ml","eye drops","Medicine","Drops"
"1319","Avelox Iv Infusion","","Other","Injection"
"1320","Avil 25 Mg","","Medicine","Unit"
"6945","Avisone Cream 10G","cream","Personal Care","Cream/Ointment"
"5300","Aviton Syrup","syrup","Medicine","Syrup"
"1321","Avitone Caps","Tablet","Medicine","Tablet"
"6322","Award 10Ml","others","Other","Unit"
"1323","Axcel Cream 15 Mg","","Personal Care","Cream/Ointment"
"1324","Axcil 500Mg","Tablet","Medicine","Tablet"
"1325","Axcil Capsules 250Mg","Tablet","Medicine","Tablet"
"9757","Axcil Syrup","syrup","Medicine","Syrup"
"1327","Axe Oil","other","Other","Unit"
"1328","Axe Oil 3 Ml","","Other","Unit"
"1329","Axe Oil 5 Ml","","Other","Unit"
"4543","Axe Perfum","perfume","Personal Care","Unit"
"5562","Axe Wild Spice Body","other","Personal Care","Unit"
"5896","Aya Fems","Other","Other","Unit"
"1337","Ayush Face Cream","cream","Personal Care","Cream/Ointment"
"1335","Ayush Turmeric Face Cream 15G","cream","Personal Care","Cream/Ointment"
"9375","Ayush Turmeric Face Cream 25G","cream","Personal Care","Cream/Ointment"
"9377","Ayush Turmeric Facewash 50G","FACE WASH","Personal Care","Unit"
"9376","Ayush Turmeric Facewash 80G","FACE WASH","Personal Care","Unit"
"9521","Ayush Anti Cavity Toothpast 120","tooth paste","Other","Unit"
"1331","Ayush Anti Dandruff Shampoo","shampoo","Personal Care","Unit"
"1330","Ayush Anty Cavity 70G","Other","Other","Unit"
"100029","Ayush Cream","cream","Personal Care","Cream/Ointment"
"9522","Ayush F/w Aloe Vera 50G","face wash","Personal Care","Unit"
"9374","Ayush Face Wash","face wash","Personal Care","Unit"
"1332","Ayush Fw 80G","","Other","Unit"
"1333","Ayush Healthy Strong Hair","","Other","Unit"
"1334","Ayush Shampoo 175Ml","Other","Personal Care","Unit"
"9555","Ayush Toohpast 70G New","tooth paste","Other","Unit"
"1336","Ayush Toothpaste 30G","tooth paste","Personal Care","Unit"
"1338","Ayush Tumaric Soap 100G","soap","Personal Care","Unit"
"1339","Az 250 Mg","Tablet","Medicine","Tablet"
"1340","Az 500 Mg","Tablet","Medicine","Tablet"
"1341","Azarga Eye Drop","eye drops","Medicine","Drops"
"1342","Azathioprinc Tab (Azoran) 50Mg","Tablet","Medicine","Tablet"
"9165","Azee 250Mg","other","Other","Unit"
"1344","Azee 500Mg","Tablet","Medicine","Tablet"
"8181","Azibac 250Mg","Tablet","Medicine","Tablet"
"1345","Azic 500","","Other","Unit"
"1346","Aziderm Cream","cream","Personal Care","Cream/Ointment"
"1225","Azigen 500Mg","Tablet","Medicine","Tablet"
"9397","Azileb Suspension 200Ml","other","Other","Unit"
"1347","Azirox 500","Tablet","Medicine","Tablet"
"4763","Azirox Syrup","powder","Medicine","Syrup"
"6816","Azithrocin 250Mg","Capsule","Medicine","Capsule"
"7509","Azithrocin 500","Tablet","Medicine","Tablet"
"7508","Azithromycin 500Mg","Tablet","Medicine","Tablet"
"1348","Azmasol Hfa","Inhaler","Medicine","Inhaler"
"1349","Azmasole Syrup 100Ml","syrup","Medicine","Syrup"
"1350","Azopt 5Ml","other","Other","Unit"
"1351","Aztor 10","Tablet","Medicine","Tablet"
"1352","Aztor 20","Tablet","Medicine","Tablet"
"1353","Azukon Mr 30Mg","Tablet","Medicine","Tablet"
"1354","B B Floral Tack","","Other","Unit"
"1355","B C Papmpers L","","Other","Unit"
"1357","B Hist 16Mg","Tablet","Medicine","Tablet"
"1358","B Hist 8Mg","Tablet","Medicine","Tablet"
"1359","B Plus E 100","Tablet","Medicine","Tablet"
"5942","B Plus E 200","Tablet","Medicine","Tablet"
"5840","B Plus E 500","Tablet","Medicine","Tablet"
"5610","B Rite Syrup","syrup","Medicine","Syrup"
"1356","B-cal","Tablet","Medicine","Tablet"
"1182","B-well Blood Pressure","MONITER","Other","Unit"
"6153","B1-100","Tablet","Medicine","Tablet"
"6535","Baby Bag","other","Baby Care","Unit"
"9280","Baby Bag","other","Baby Care","Unit"
"5846","Baby Bottle 0+Months","Other","Baby Care","Bottle"
"5847","Baby Bottle 120Ml Big","Other","Baby Care","Bottle"
"5844","Baby Bottle 3+Months","Other","Baby Care","Bottle"
"5843","Baby Bottle 6+ Months","Other","Baby Care","Bottle"
"5845","Baby Bottle Small","Other","Baby Care","Bottle"
"6524","Baby Bowls","others","Baby Care","Unit"
"6555","Baby Brush","others","Baby Care","Unit"
"6508","Baby Carriers","others","Baby Care","Unit"
"1360","Baby Ceramy Bed Time 100Ml","","Baby Care","Unit"
"1364","Baby Ceramy Col","others","Baby Care","Unit"
"1361","Baby Ceramy Cream","OTHRES","Baby Care","Cream/Ointment"
"1363","Baby Ceramy Fun Time 50 Ml Angel Fairy","","Baby Care","Unit"
"1362","Baby Ceramy Sop","OTHERS","Baby Care","Unit"
"1368","Baby Ceremy 200 Ml Colone","","Baby Care","Unit"
"5793","Baby Cheramy Wash Liquid 650Ml","Other","Baby Care","Unit"
"1371","Baby Cheramy Baby Cologne Promotion","cologne","Baby Care","Unit"
"1370","Baby Cheramy Baby Cream Floral 100Ml","others","Baby Care","Cream/Ointment"
"1372","Baby Cheramy Baby Soap Floral","","Baby Care","Unit"
"1373","Baby Cheramy Baby Soap Herbal","","Baby Care","Unit"
"1374","Baby Cheramy Baby Soap Regular","soap","Baby Care","Unit"
"1366","Baby Cheramy Baby Wash 100Ml","others","Baby Care","Unit"
"1375","Baby Cheramy Baby Wash 100Ml","wash","Baby Care","Unit"
"5815","Baby Cheramy Bedtime Calms","Other","Baby Care","Unit"
"1380","Baby Cheramy Cologne 50Ml","cologne","Baby Care","Unit"
"1376","Baby Cheramy Cologne Bed Time 50Ml","colonge","Baby Care","Unit"
"5805","Baby Cheramy Cologne Classic","tab","Baby Care","Tablet"
"1377","Baby Cheramy Cologne Floral (Glass) 100Ml","Other","Baby Care","Unit"
"1378","Baby Cheramy Cologne Floral (Glass) 50Ml","other","Baby Care","Unit"
"1379","Baby Cheramy Cologne Floral 50Ml Pls Bot","Other","Baby Care","Unit"
"1381","Baby Cheramy Cologne Funtime Cb 100Ml","colonge","Baby Care","Unit"
"1382","Baby Cheramy Cologne Herbal 100Ml","Other","Baby Care","Unit"
"1383","Baby Cheramy Cologne Herbal 50Ml","Other","Baby Care","Unit"
"1384","Baby Cheramy Cologne Regular 100Ml","Other","Baby Care","Unit"
"1385","Baby Cheramy Cologne Regular 50Ml","Other","Baby Care","Unit"
"1386","Baby Cheramy Cologne Sparkle Magic Dust 100Ml","","Baby Care","Unit"
"5888","Baby Cheramy Colonge 100Ml","Other","Baby Care","Unit"
"5889","Baby Cheramy Colonge 50Ml","Other","Baby Care","Unit"
"5811","Baby Cheramy Colonge Classic 100Ml","Other","Baby Care","Unit"
"5890","Baby Cheramy Colonge Dust 50Ml","Other","Baby Care","Unit"
"5812","Baby Cheramy Colonge Fun Time Cuddly Bunny","Other","Baby Care","Unit"
"5813","Baby Cheramy Colonge Funtime Angel Fairy","Other","Baby Care","Unit"
"5822","Baby Cheramy Colonge Funtime Angel Fairy50ml","Other","Baby Care","Unit"
"5814","Baby Cheramy Colonge Funtime Lucky Ducky","Other","Baby Care","Unit"
"5823","Baby Cheramy Colonge Sprkle Floral 50Ml","Other","Baby Care","Unit"
"1388","Baby Cheramy Cream 100Ml W/p","Other","Baby Care","Cream/Ointment"
"5892","Baby Cheramy Cream 100Ml","Other","Baby Care","Cream/Ointment"
"5893","Baby Cheramy Cream 50Ml","Other","Baby Care","Cream/Ointment"
"1389","Baby Cheramy Cream 50Ml","cream","Baby Care","Cream/Ointment"
"1390","Baby Cheramy Cream Herbal 100Ml","Other","Baby Care","Cream/Ointment"
"1391","Baby Cheramy Cream Herbal 200 Ml","cream","Baby Care","Cream/Ointment"
"1392","Baby Cheramy Cream Herbal 50Ml","","Baby Care","Cream/Ointment"
"1394","Baby Cheramy Cream Regular 200Ml","","Baby Care","Cream/Ointment"
"1393","Baby Cheramy Cream Vitamin E","Other","Baby Care","Cream/Ointment"
"1395","Baby Cheramy Cream Vitamin E 50Ml","Other","Baby Care","Cream/Ointment"
"4230","Baby Cheramy Diapers M","others","Baby Care","Unit"
"1398","Baby Cheramy Diapers S","others","Baby Care","Unit"
"1396","Baby Cheramy Diapers L","others","Baby Care","Unit"
"1397","Baby Cheramy Diapers Sachette M","others","Baby Care","Unit"
"1400","Baby Cheramy Floral Talc 100G","","Baby Care","Unit"
"1401","Baby Cheramy Fun Time 100Ml","","Baby Care","Unit"
"1403","Baby Cheramy Gift Pack","Other","Baby Care","Packet"
"1402","Baby Cheramy Gift Pack Blue","","Baby Care","Packet"
"5817","Baby Cheramy Herbal Baby Oil","Other","Baby Care","Unit"
"1404","Baby Cheramy Herbal Colongne 50Ml","","Baby Care","Unit"
"1405","Baby Cheramy M","","Baby Care","Unit"
"1406","Baby Cheramy Nappy Rash Baby Cream 100Ml","","Baby Care","Cream/Ointment"
"5795","Baby Cheramy Nappy Wash 1Kg","Other","Baby Care","Unit"
"1367","Baby Cheramy Nappy Wash Powder 400G","others","Baby Care","Unit"
"5824","Baby Cheramy Nourishing Baby Oil","Other","Baby Care","Unit"
"1407","Baby Cheramy Oil 100Ml","oil","Baby Care","Unit"
"1408","Baby Cheramy Oil 50Ml","oil","Baby Care","Unit"
"5802","Baby Cheramy Pant","Other","Baby Care","Unit"
"1399","Baby Cheramy Pant L","others","Baby Care","Unit"
"1409","Baby Cheramy Pants Pampers Xl","DIAPER","Baby Care","Unit"
"5804","Baby Cheramy Prickly Heat Powder","Other","Baby Care","Unit"
"1410","Baby Cheramy Prickly Heat Talc 100G","","Baby Care","Unit"
"1411","Baby Cheramy Regular Talc 100G","","Baby Care","Unit"
"5816","Baby Cheramy Shampoo","Other","Baby Care","Unit"
"1412","Baby Cheramy Shampoo Reg 100Ml","Other","Baby Care","Unit"
"5806","Baby Cheramy Soap 90G","Other","Baby Care","Unit"
"5808","Baby Cheramy Soap Jamine","Other","Baby Care","Unit"
"5903","Baby Cheramy Soap Pack","Other","Baby Care","Packet"
"5891","Baby Cheramy Talc 100Ml","Other","Baby Care","Unit"
"1413","Baby Cheramy Wash Bed Time Head2toe 10Ml","","Baby Care","Unit"
"10010","Baby Comb And Brush","other","Baby Care","Unit"
"6507","Baby Comed Chair","others","Baby Care","Unit"
"6526","Baby Comed Originels","others","Baby Care","Unit"
"9286","Baby Cot","other","Baby Care","Unit"
"1414","Baby Daiper Shashe Large","","Baby Care","Unit"
"4261","Baby Feeding Bottle","baby item","Baby Care","Bottle"
"6521","Baby Grinding Tool","others","Baby Care","Unit"
"10037","Baby Item","other","Baby Care","Unit"
"3513","Baby Item","Other","Baby Care","Unit"
"8888","Baby Item 1","other","Baby Care","Unit"
"10020","Baby Item 10","other","Baby Care","Unit"
"1003","Baby Item 11","other","Baby Care","Unit"
"10021","Baby Item 12","other","Baby Care","Unit"
"10022","Baby Item 13","other","Baby Care","Unit"
"10023","Baby Item 14","other","Baby Care","Unit"
"10017","Baby Item 15","other","Baby Care","Unit"
"10019","Baby Item 16","other","Baby Care","Unit"
"4417","Baby Item 17","other","Baby Care","Unit"
"10027","Baby Item 17","other","Baby Care","Unit"
"4418","Baby Item 18","other","Baby Care","Unit"
"10028","Baby Item 18","other","Baby Care","Unit"
"10029","Baby Item 19","other","Baby Care","Unit"
"8889","Baby Item 2","other","Baby Care","Unit"
"10031","Baby Item 20","other","Baby Care","Unit"
"10032","Baby Item 21","other","Baby Care","Unit"
"10033","Baby Item 21","other","Baby Care","Unit"
"10034","Baby Item 22","other","Baby Care","Unit"
"3515","Baby Item 224","baby item","Baby Care","Unit"
"3518","Baby Item 224","baby item","Baby Care","Unit"
"10035","Baby Item 23","other","Baby Care","Unit"
"10036","Baby Item 24","other","Baby Care","Unit"
"10038","Baby Item 26","other","Baby Care","Unit"
"10039","Baby Item 27","other","Baby Care","Unit"
"10011","Baby Item 3","other","Baby Care","Unit"
"10012","Baby Item 4","other","Baby Care","Unit"
"10013","Baby Item 5","other","Baby Care","Unit"
"10014","Baby Item 6","other","Baby Care","Unit"
"10015","Baby Item 7","other","Baby Care","Unit"
"10018","Baby Item 9","other","Baby Care","Unit"
"6364","Baby Kit","other","Baby Care","Unit"
"1415","Baby Mask","","Baby Care","Unit"
"6505","Baby Nail Cuter","others","Baby Care","Unit"
"1416","Baby Nail Cutter","others","Baby Care","Unit"
"6325","Baby Napkings 18X18","others","Baby Care","Unit"
"6365","Baby Napkings 22X22","others","Baby Care","Unit"
"3514","Baby Net","other","Baby Care","Unit"
"6534","Baby Nose Cleaner","others","Baby Care","Unit"
"10026","Baby Nursing Serise","other","Baby Care","Unit"
"8214","Baby Ratles","others","Baby Care","Unit"
"1418","Baby Rusks 110G","","Baby Care","Unit"
"1419","Baby Rusks 70G","","Baby Care","Unit"
"1420","Baby Scissor","","Baby Care","Unit"
"6556","Baby Scser","others","Baby Care","Unit"
"1421","Baby Soother","others","Baby Care","Unit"
"1422","Baby Sope B9g","","Baby Care","Unit"
"10056","Baby Swether","other","Baby Care","Unit"
"9419","Baby Tooth Brush","wash","Baby Care","Unit"
"2571","Baby Towel","other","Baby Care","Unit"
"1184","Baby Umbrella 990/=","umbrella","Baby Care","Unit"
"1423","Baby Vitamin Oil 50 Ml","","Baby Care","Unit"
"5758","Baby Water Bottle 3","Other","Baby Care","Bottle"
"5759","Baby Water Bottle 4","Other","Baby Care","Bottle"
"4030","Baby Water Bottle 5","Bottle","Baby Care","Bottle"
"1424","Baby Wet Wipes","others","Baby Care","Unit"
"5838","Baby Wipes","Other","Baby Care","Unit"
"1425","Baclate 200 Dp","","Other","Unit"
"7995","Baclon 10Mg","Tablet","Medicine","Tablet"
"7996","Baclon 5Mg","Tablet","Medicine","Tablet"
"1429","Bacofen 10","","Other","Unit"
"5662","Bactigen Eye Ear Drop","drop","Other","Drops"
"1430","Bactoclav 375Mg","","Other","Unit"
"1431","Bactoclav 625","","Other","Unit"
"1432","Bactoclav Syrup 100Ml","Syrup","Medicine","Syrup"
"1433","Bactoscrub 500Ml","","Other","Unit"
"1436","Baitan Ag","","Other","Unit"
"10061","Baloon","others","Other","Unit"
"2983","Baloons","other","Other","Unit"
"9234","Bandage 2.5X5","bandage","Other","Unit"
"1440","Bandage 5X3","cottn","Other","Unit"
"7510","Bandage Roll 3X3y","bandage","Other","Unit"
"1435","Bandage3x3y (Meditex)","bandage","Other","Unit"
"1442","Banzec 5","","Other","Unit"
"1051","Bar Milk Choco","toffe","Snack","Unit"
"1443","Baraka Ashwa","Capsule","Medicine","Capsule"
"1444","Baraka Bam","","Other","Unit"
"1445","Baraka Black Seed Oil 25Ml","","Other","Unit"
"1446","Baraka Blak Seed Oil 50 Ml","","Other","Unit"
"1447","Baraka Diabsol Adavance","","Other","Unit"
"1448","Baraka Joint Ease Oil 25 Ml","","Other","Unit"
"1449","Baraka Joint Safe Cap","","Medicine","Capsule"
"1450","Baraka Jointese Oil 50Ml","","Other","Unit"
"1451","Baraka Sliexol Capsule","","Medicine","Capsule"
"1452","Base Pate","","Other","Unit"
"6506","Basket","others","Other","Unit"
"9281","Basket","other","Other","Unit"
"9288","Bath Tub","other","Other","Tub"
"9758","Bathing Spray","SPRAY","Personal Care","Unit"
"9272","Batook Chewing Gum","chewing gum","Other","Unit"
"9773","Battery (Orange)","other","Other","Unit"
"9774","Battery (Orange)","other","Other","Unit"
"6541","Battery 777","others","Other","Unit"
"10063","Battery L","others","Other","Unit"
"1453","Batu Thel 30Ml","Other","Other","Unit"
"9267","Baur Plast 100'S/l","other","Other","Unit"
"7575","Baurclav 375Mg","Tablet","Medicine","Tablet"
"7574","Baurclav 625Mg","Tablet","Medicine","Tablet"
"1454","Bayticol Pour On 20Ml","Other","Other","Unit"
"10006","Bb Cream","surgical item","Personal Care","Cream/Ointment"
"8297","Bc Diapers (Xl)","pampas","Baby Care","Unit"
"4517","Bc Diapers L 12'S","diapers","Baby Care","Unit"
"4518","Bc Diapers L 4'S","DIAPER","Baby Care","Unit"
"4519","Bc Diapers M 12'S","DIAPER","Baby Care","Unit"
"4520","Bc Diapers Plu M","DIAPER","Baby Care","Unit"
"1455","Bc Floral","","Other","Unit"
"1456","Bcclomatic Ns 50","","Other","Unit"
"1457","Bclotis Inhelar 100 Mcg","","Medicine","Unit"
"1458","Bclotis Inhelar 250 Mcg","","Medicine","Unit"
"1322","Bd Glide Insulin Syriger","SYRIGER","Other","Unit"
"3633","Beaut Ace","Capsule","Medicine","Capsule"
"5520","Beautace Collergen","Tablet","Medicine","Tablet"
"9210","Beautine","other","Other","Unit"
"1460","Beautine Adavance","Tablet","Medicine","Tablet"
"1461","Beclate 100 Hfa","other","Other","Inhaler"
"9593","Beclate 100 Hfa","Inhaler","Medicine","Inhaler"
"5577","Beclate 200 Dp","Tablet","Medicine","Tablet"
"9172","Beclate 250 Hfa","other","Other","Inhaler"
"1463","Beclate 400 Dp","Tablet","Medicine","Tablet"
"1464","Beclate 50","","Other","Unit"
"1465","Beclohale Dpi Caps 200","Capsule","Medicine","Capsule"
"1466","Beclohale Dpi Caps 400","other","Other","Unit"
"1467","Beclomate 400Mg","","Other","Unit"
"1468","Beclomate Ns 50","Tablet","Medicine","Tablet"
"1469","Beclomin Lotion 15Ml","Other","Personal Care","Cream/Ointment"
"8139","Beclomin Ointment 15G","oinment","Medicine","Cream/Ointment"
"1471","Beclosone N Cream","","Personal Care","Cream/Ointment"
"1472","Beclovent 200Mg","","Other","Unit"
"1473","Beclovent 400Mg","","Other","Unit"
"1475","Becombion Syrup","Syrup","Medicine","Syrup"
"1476","Becoplus","Tablet","Medicine","Tablet"
"5533","Becosule Syrup 100Ml","syrup","Medicine","Syrup"
"1478","Becosules","Tablet","Medicine","Tablet"
"1479","Becosules Syrup Old","Syrup","Medicine","Syrup"
"1480","Becozinc","Tablet","Medicine","Tablet"
"6912","Bed Jacket 2Xl","others","Other","Unit"
"6914","Bed Jacket L","others","Other","Unit"
"6913","Bed Jacket Xl","others","Other","Unit"
"1481","Bed Pan","Other","Other","Unit"
"10007","Bee Honey","other","Other","Unit"
"1482","Bee Honey 28Ml","","Other","Unit"
"5931","Bee Honey 30Ml","Other","Other","Unit"
"1483","Belcid Suspension 240Ml","Syrup","Medicine","Syrup"
"8142","Belcid Tablet","Tablet","Medicine","Tablet"
"1484","Beldrox Depo","","Other","Unit"
"9367","Bellose 5 Minutes Hair Color For Men","other","Other","Unit"
"1485","Bellose 5 Minutes Hair Colour","hair colour","Other","Unit"
"1487","Bellose 5 Minutes Hair Colour For Women","other","Other","Unit"
"9714","Bellose Anti-dandruff Shampoo 250Ml","shampoo","Personal Care","Unit"
"1490","Bellose Conditioner 150Ml","conditionar","Personal Care","Unit"
"1492","Bellose Deodron","others","Other","Unit"
"9125","Bellose Keratin Care (Hair Colour For Men ) 20Ml","other","Other","Unit"
"1491","Bellose Keratin Shampoo","Other","Personal Care","Unit"
"9392","Bellose Nnr Conditioner","conditionar","Personal Care","Unit"
"1493","Bellose Perfect Straight Keratin Shampoo","shampoo","Personal Care","Unit"
"1486","Bellose Shampoo 150Ml","shampoo","Personal Care","Unit"
"1488","Bellose Shampoo 150Ml","shampoo","Personal Care","Unit"
"9113","Bellose Shampoo 150Ml 450/=","other","Personal Care","Unit"
"1489","Bellose Shampoo Pouch","other","Personal Care","Packet"
"9715","Bellose Shampoo Pouch 100Ml","shampoo","Personal Care","Packet"
"1494","Bellose Silicone Oil 25Ml","Other","Other","Unit"
"1495","Bellose Silicone Oil 50Ml","Other","Other","Unit"
"1496","Bellose Smooth Intense Conditioner","","Personal Care","Unit"
"1497","Belna Infrared Thermometer","","Other","Unit"
"5978","Belose Men In Black","Other","Other","Unit"
"1498","Benasole Eye Drop","","Other","Drops"
"2328","Bengray Cream","cream","Personal Care","Cream/Ointment"
"1499","Benof Syrup 100Ml","Syrup","Medicine","Syrup"
"8386","Benof Syrup 60Ml","other","Medicine","Syrup"
"1143","Benox 2.5% Gel","gel","Medicine","Cream/Ointment"
"1886","Benox 5%","gel","Medicine","Cream/Ointment"
"1500","Benozol Eye Drops 5Ml","","Medicine","Drops"
"1842","Benprophy 5 Mg","others","Medicine","Unit"
"1501","Benzac Ac 2.5%","cream","Personal Care","Cream/Ointment"
"1502","Benzac Ac 5% Gel","cream","Personal Care","Cream/Ointment"
"1503","Benzhexol Spmc 2Mg","Tablet","Medicine","Tablet"
"1001","Benzyl Benzonate (B B) Cream","cream","Personal Care","Cream/Ointment"
"1504","Beprocort G 15Gm","","Medicine","Unit"
"1505","Beprogel Solution 30Ml","Lotion","Personal Care","Cream/Ointment"
"8148","Beprogel Scalp (New)","gel","Medicine","Cream/Ointment"
"1506","Beprogent Cream 15G","cream","Personal Care","Cream/Ointment"
"9206","Beprosalic Lotion","other","Personal Care","Cream/Ointment"
"1507","Beprosalic Ointment","cream","Personal Care","Cream/Ointment"
"8112","Beprosone Cream (New)","cream","Personal Care","Cream/Ointment"
"1510","Beprosone Oninment","cream","Personal Care","Cream/Ointment"
"1511","Beroca","Tablet","Medicine","Tablet"
"1512","Bestflo Capsules 0.4Mg","Capsule","Medicine","Capsule"
"5642","Beta -D 5% Cream","cream","Personal Care","Cream/Ointment"
"9608","Betacylic Ointment","ointment","Medicine","Cream/Ointment"
"1515","Betaderm Oinment 15G","oinment","Other","Unit"
"1513","Betaderm Cream 15G","cream","Personal Care","Cream/Ointment"
"1514","Betaderm N Cream 15G","cream","Personal Care","Cream/Ointment"
"1516","Betaderm Oinment N 15G","oinment","Other","Unit"
"1518","Betadine Cream Original 20G","cream","Personal Care","Cream/Ointment"
"1517","Betadine Gargle","oth","Other","Unit"
"1519","Betadine Ointment 15G","oinment","Medicine","Cream/Ointment"
"1520","Betadine Solution 50Ml Original","solution","Other","Unit"
"1521","Betadine Vaginal","Tablet","Medicine","Tablet"
"1522","Betagel G","cream","Personal Care","Cream/Ointment"
"9530","Betagen 16Mg","Tablet","Medicine","Tablet"
"1523","Betagenic Cream 15G","cream","Personal Care","Cream/Ointment"
"7517","Betahist 8Mg","Tablet","Medicine","Tablet"
"1526","Betahist Forte 16Mg","Tablet","Medicine","Tablet"
"1524","Betahistatin 8 Mg (Spc)","Tablet","Medicine","Tablet"
"1527","Betahistine 16 Mg(spc)","Tablet","Medicine","Tablet"
"6097","Betaleb Cream","cream","Personal Care","Cream/Ointment"
"5990","Betaleb N Cream","cream","Personal Care","Cream/Ointment"
"5542","Betaleb Ointment","cream","Personal Care","Cream/Ointment"
"1528","Betaloc 50Mg","Tablet","Medicine","Tablet"
"1529","Betaloc Zok 25Mg Tabs","Tablet","Medicine","Tablet"
"1530","Betaloc Zok 50Mg","Tablet","Medicine","Tablet"
"1531","Betalol Opthimatic","drop","Other","Drops"
"1532","Betamet Cream 15G","cream","Personal Care","Cream/Ointment"
"1533","Betamet-n Cream 20G","cream","Personal Care","Cream/Ointment"
"1534","Betamethasone Valerate(spc) 15G","cream","Personal Care","Cream/Ointment"
"1535","Betamethsone Cream 15G Spc","cream","Personal Care","Cream/Ointment"
"7593","Betamethsone Oinment 15G Spc","ointment","Medicine","Cream/Ointment"
"1536","Betamil Cream 10G","","Personal Care","Cream/Ointment"
"1537","Betamil Cream Gm 10G","","Personal Care","Cream/Ointment"
"1538","Betamil Cream M 10G","cream","Personal Care","Cream/Ointment"
"1539","Betamil N Cream","","Personal Care","Cream/Ointment"
"1540","Betanol 50","","Other","Unit"
"1541","Betanone Cream/oinment 15G","cream","Personal Care","Cream/Ointment"
"1542","Betanone Iv","","Other","Injection"
"1543","Betanone Ointment 15G","oinment","Medicine","Cream/Ointment"
"1544","Betaserc 16Mg","Tablet","Medicine","Tablet"
"1549","Betaserc 8Mg","other","Other","Unit"
"5536","Betasol Drop","Drop","Other","Drops"
"1547","Betasol Drops 1%","drop","Medicine","Drops"
"5535","Betasol N Drop","Drop","Other","Drops"
"1550","Betnovate Cream 5G","","Personal Care","Cream/Ointment"
"1551","Betnovate N Cream Ex","cream","Personal Care","Cream/Ointment"
"1552","Betnovate Ointment 5G","","Medicine","Cream/Ointment"
"1553","Betze Skin Oninment 15G","oinment","Other","Unit"
"1554","Beuflox Eye/ear Drops 5Ml","Other","Medicine","Drops"
"7579","Bexitil 500Mg","Tablet","Medicine","Tablet"
"5944","Bexitrol 250 Inhaler","Inhaler","Medicine","Inhaler"
"1555","Bexitrol F 125 Inhaler","Inhaler","Medicine","Inhaler"
"1557","Bezinc 20Mg","Tablet","Medicine","Tablet"
"1558","Bezinc Caps","Tablet","Medicine","Tablet"
"1559","Biatin Ag","","Other","Unit"
"1560","Bic 1 Raser","bic","Other","Unit"
"1561","Bic 2","others","Other","Unit"
"1562","Bic 3","other","Other","Unit"
"1563","Bic Blades","Other","Other","Unit"
"1565","Bic Flex 3","others","Other","Unit"
"1566","Bic Shaving Foam 100Ml","others","Other","Unit"
"1564","Bic Twin Lady","Other","Other","Unit"
"3798","Bifilac Capsules","Capsule","Medicine","Capsule"
"9767","Bifilac Sachets","sachet","Other","Packet"
"1110","Big Bom Lolipop","other","Other","Unit"
"1570","Big Twin Lady","","Other","Unit"
"1571","Bigen Brown Black 6G","","Other","Unit"
"1572","Bigen Oriental Black","other","Other","Unit"
"1573","Bigen Speedy (Natural Black)","","Other","Unit"
"1574","Bigmet 500","Tablet","Medicine","Tablet"
"1575","Bigmet 850 Mg","Tablet","Medicine","Tablet"
"1576","Bigsens 500Mg","Tablet.","Medicine","Tablet"
"3390","Bigsens Xr 500Mg","tablets","Other","Unit"
"1578","Bike Mask L","none","Other","Unit"
"1579","Bike Mask M","","Other","Unit"
"2231","Bilum","CREAM","Personal Care","Cream/Ointment"
"1653","Bimat Eye Drop","eye drops","Medicine","Drops"
"9594","Bio Aqua Cream[aqueous Cream]","cream","Personal Care","Cream/Ointment"
"1581","Bio Clean1","","Other","Unit"
"9760","Bio Emuls Oint Ment 90G","ointment","Medicine","Cream/Ointment"
"10008","Bio Field's Oint","other","Other","Unit"
"1582","Bio Methyl","","Other","Unit"
"1583","Bio Oil 125Ml","cream","Personal Care","Cream/Ointment"
"1584","Bio Oil 60 Ml","oil","Other","Unit"
"1585","Bio Salic -3","saop","Other","Unit"
"5894","Bio Surgy","Other","Other","Unit"
"1586","Bio Urea 5%","","Other","Unit"
"9761","Bio Vaslee 90G","cream","Personal Care","Cream/Ointment"
"9708","Bio-oil 25Ml","oil","Other","Unit"
"9702","Biobac-t","Tablet","Medicine","Tablet"
"8192","Biobalance Stretch Mark","cream","Personal Care","Cream/Ointment"
"8194","Biobalance Sun Care Protection 150Ml","lotion","Personal Care","Cream/Ointment"
"8195","Biobalance Sun Protection Cream","cream","Personal Care","Cream/Ointment"
"8193","Biobalance Under Eye Cream","cream","Personal Care","Cream/Ointment"
"1587","Biodine 30Ml","solution","Other","Unit"
"1588","Bioglan Super Fish Oil","","Other","Unit"
"8274","Biolysine Syrup","Syrup","Medicine","Syrup"
"1589","Biona Women","","Other","Unit"
"6131","Biordex Oin","cream","Personal Care","Cream/Ointment"
"1590","Biosoprolol 2.5Mg","","Other","Unit"
"1591","Biotin 250","","Other","Unit"
"1592","Biovita Gold","Capsule","Medicine","Capsule"
"9399","Bisacodyl 5Mg","Tablet","Medicine","Tablet"
"1130","Bisogen 2.5Mg","Tablet","Medicine","Tablet"
"9784","Bisogen 5Mg","Tablet","Medicine","Tablet"
"9369","Bisolol 2.5Mg","Tablet.","Medicine","Tablet"
"9030","Bisolol 5Mg","Tablet","Medicine","Tablet"
"6836","Bisoprolol 2.5Mg","Tablet","Medicine","Tablet"
"1593","Bisovic 2.5","Tablet","Medicine","Tablet"
"1594","Bisovic 5","Tablet","Medicine","Tablet"
"1595","Bisoza 10Mg","Tablet","Medicine","Tablet"
"1596","Bisoza 15Mg","","Other","Unit"
"1597","Bitvo Cream 20G","","Personal Care","Cream/Ointment"
"1599","Bk Aquq Spry","","Other","Unit"
"1600","Bk Colone Spray 50 Ml","","Personal Care","Unit"
"1602","Bk Oraginal Spray","","Personal Care","Unit"
"1603","Bk Original Hair Cream 30 Ml","","Personal Care","Cream/Ointment"
"1604","Bk Tack 60 Mg","","Medicine","Unit"
"1605","Bk Wet 100 Ml","","Other","Unit"
"1598","Bk Wet 30 Ml","","Other","Unit"
"8318","Black Henna (Ewon)","Other","Other","Unit"
"9637","Black Knight Pafum","papum","Other","Unit"
"9636","Black Knight Talc","talc","Other","Unit"
"9566","Black Knihgt Shaving Cream","cream","Personal Care","Cream/Ointment"
"4463","Black Magic 20G","chocolate","Snack","Unit"
"1606","Black Night Aftershave 100Ml","Other","Other","Unit"
"9282","Blanket","other","Other","Unit"
"8396","Blood Lancet (Penta)","others","Other","Unit"
"1608","Blood Landset","Other","Other","Unit"
"3726","Blood Preasure Meeter","other","Other","Unit"
"1609","Blotim Eye Drop","","Other","Drops"
"7542","Blu 250Ml","drink","Beverage","Unit"
"1610","Blucef - P Dt 125Mg","Tablet","Medicine","Tablet"
"1612","Blucef 250 D T 250Mg","Tablet","Medicine","Tablet"
"8246","Blue Bandage 5/3","bandage","Other","Unit"
"1613","Blugel","","Other","Unit"
"9717","Blumox Dt 250Mg","Tablet","Medicine","Tablet"
"6513","Bluncket","others","Other","Unit"
"8128","Bobby Kum Kum","others","Other","Unit"
"1752","Body Lotion","other","Personal Care","Cream/Ointment"
"6565","Body Lotion 400Ml","Lotion","Personal Care","Cream/Ointment"
"8310","Body Lotion With Argan Oil (Ewon)","other","Personal Care","Cream/Ointment"
"8309","Body Lotion With Golden Jojoba Oil (Ewon)","Other","Personal Care","Cream/Ointment"
"6566","Body Spray","others","Personal Care","Unit"
"1614","Body Tone","","Personal Care","Unit"
"1615","Bolfo Powder","Other","Other","Unit"
"1616","Bona-b","Tablet","Medicine","Tablet"
"1617","Bonate","Tablet","Medicine","Tablet"
"95105","Boncare 150Mg","Tablet","Medicine","Tablet"
"1618","Bongard 70Mg","","Other","Unit"
"1619","Boni D Tab","other","Medicine","Tablet"
"3033","Bonlac 200Mg","milk powder","Snack","Unit"
"1620","Bonlac 400G","other","Other","Unit"
"5906","Boric Powder","other","Other","Unit"
"2438","Boro Plus Aloe Vera Jel 60Ml","jel","Other","Cream/Ointment"
"9557","Boro Plus Neem Face Wash 100Ml","face wash","Personal Care","Unit"
"1621","Bost Tablets","","Other","Unit"
"1622","Bottle Brush","other","Beverage","Bottle"
"1623","Bottle Soother","","Beverage","Bottle"
"5373","Bottle Teeth","other","Beverage","Bottle"
"1624","Bouticol","","Other","Unit"
"1625","Bovispray","","Other","Unit"
"1626","Bran Cracker 160G","Other","Biscuit","Unit"
"1627","Bran Cracker 240G","","Biscuit","Unit"
"1628","Brands Essence Of Chicken","SOUP","Other","Unit"
"6986","Brewbits","tablets","Other","Unit"
"9547","Bright D,2000","Tablet","Medicine","Tablet"
"9074","Brightening Care Cocoa Butter 100Ml","other","Other","Unit"
"1630","Brilinta 90 Mg","287.409","Medicine","Unit"
"1632","Brite Cream","","Personal Care","Cream/Ointment"
"6838","Bromocriptine 2.5Mg","Tablet","Medicine","Tablet"
"1634","Bronco Free Syrup","","Medicine","Syrup"
"1635","Broncodil Syrup 100Ml","syrup","Medicine","Syrup"
"6725","Broncodil Syrup 60Ml","syrup","Medicine","Syrup"
"5752","Brown Paper Big","Other","Other","Unit"
"5753","Brown Paper Small","Other","Other","Unit"
"1636","Brufen 10% Cream","","Personal Care","Cream/Ointment"
"1637","Brufen 400","Tablet","Medicine","Tablet"
"8758","Brufen Cream","cream","Personal Care","Cream/Ointment"
"1638","Brufen Junior Syrup 60Ml","Syrup","Medicine","Syrup"
"3371","Brungamalaka Oil 25Ml","oil","Other","Unit"
"6528","Brust Pump","others","Other","Unit"
"5664","Brutaflam 90Mg","Tablet","Medicine","Tablet"
"5191","Bubbels 100G","chocolate","Snack","Unit"
"5192","Bubbels 170G","chocolate","Snack","Unit"
"9322","Bubbels 35G","chocolate","Snack","Unit"
"5190","Bubbels 50G","chocolate","Snack","Unit"
"1639","Bubbles 30G","","Other","Unit"
"6932","Bubbles 4.5G","others","Other","Unit"
"1640","Bubbles 40 G","","Medicine","Unit"
"1641","Bubbles 90 G","","Medicine","Unit"
"1642","Budehale Ns 64","Capsule","Medicine","Capsule"
"1643","Budemate Ns 64","nasal spray","Personal Care","Drops"
"1644","Budenase Aq","","Other","Unit"
"1645","Budenase Aq 7.5 Ml","","Other","Unit"
"1646","Budicort Nasal Spray","Spray","Personal Care","Drops"
"1647","Budomatc Ns 64 Mg","","Medicine","Unit"
"9396","Bufect Suspension","other","Other","Unit"
"4252","Bupron Sr 150Mg","Tablet","Medicine","Tablet"
"1648","Busron","","Other","Unit"
"2022","Buterol 10Mg","Tablet","Medicine","Tablet"
"9189","Buterol Syrup","syrup","Medicine","Syrup"
"1650","Butterfly Canula G-21","IV","Medicine","Injection"
"1649","Butterfly Canula G-23","IV","Medicine","Injection"
"7686","C Tax T 200Mg","Tablet","Medicine","Tablet"
"7697","C-gen 100Mg","Tablet","Medicine","Tablet"
"1652","Caberlin 0.5","","Other","Unit"
"9539","Cad D 1000","Tablet","Medicine","Tablet"
"1654","Cad D 2000","Tablet","Medicine","Tablet"
"1655","Cad D 5000","Tablet","Medicine","Tablet"
"1656","Cal Bind","sachet","Other","Packet"
"5959","Calamine Lotion 70G","Lotion","Personal Care","Cream/Ointment"
"5960","Calamine Powder 70G","powder","Other","Unit"
"1658","Calan Sr 240Mg","Tablet","Medicine","Tablet"
"1660","Calcina Tab","","Medicine","Tablet"
"1661","Calciplus","","Other","Unit"
"1662","Calcit Sg","capsule","Medicine","Capsule"
"1663","Calcium Lactate 300Mg","Tablet","Medicine","Tablet"
"1664","Calcivita","Tablet","Medicine","Tablet"
"1665","Calcivita Forte","Tablet","Medicine","Tablet"
"8210","Caldimax Plus","Tablet.","Medicine","Tablet"
"1666","Calene Jel","","Other","Cream/Ointment"
"1667","Calgen","","Other","Unit"
"1668","Calgo D","Tablet","Medicine","Tablet"
"8190","Calgrow","Tablet","Medicine","Tablet"
"1669","Calmi D Tab","Tablet","Medicine","Tablet"
"1670","Calpore Tabs 500Mg","","Other","Tablet"
"7511","Calrite New","Tablet","Medicine","Tablet"
"1671","Calsup 500Mg","Tablet","Medicine","Tablet"
"1672","Caltamin D","Tablet","Medicine","Tablet"
"1673","Caltamin Plus Tab","Tablet","Medicine","Tablet"
"1674","Calutide 50","","Other","Unit"
"1677","Camera Baby Soother","","Baby Care","Unit"
"1678","Camera Silicone Teats","","Other","Unit"
"9662","Camola 7.5Mg","Tablet","Medicine","Tablet"
"9025","Camphor Oil 25Ml","oil","Other","Unit"
"1680","Can Can Dog Shampo","","Other","Unit"
"1681","Candacort Cream 15G","cream","Personal Care","Cream/Ointment"
"9622","Candanalepa Baby Cream 50Ml","cream","Baby Care","Cream/Ointment"
"1682","Candazole Cream","cream","Personal Care","Cream/Ointment"
"1683","Candazole Lotion","Lotion","Personal Care","Cream/Ointment"
"10064","Candela Soap","other","Personal Care","Unit"
"1687","Candid B Cream 15G","cream","Personal Care","Cream/Ointment"
"7594","Candid B Cream 5G","cream","Personal Care","Cream/Ointment"
"1688","Candid B Lotion","Lotion","Personal Care","Cream/Ointment"
"1689","Candid Cream 20G","cream","Personal Care","Cream/Ointment"
"1690","Candid Ear Drop","drop","Other","Drops"
"8445","Candid Lotion 15Ml","Lotion","Personal Care","Cream/Ointment"
"1692","Candid Mouth Paint","liquid","Other","Unit"
"1693","Candid Powder Large 100G","","Other","Unit"
"1694","Candid Powder Small 30G","Other","Other","Unit"
"1054","Candid V Gel New","cream","Personal Care","Cream/Ointment"
"1695","Candid V1","Tablet","Medicine","Tablet"
"1696","Candid V3","Tablet","Medicine","Tablet"
"8253","Candid V6","Tablet","Medicine","Tablet"
"1697","Candid V6❌","Tablet","Medicine","Tablet"
"1698","Candigen-bg Cream 10G","cream","Personal Care","Cream/Ointment"
"1699","Candinil 150Mg","Tablet","Medicine","Tablet"
"1700","Candinil 50 Mg","Tablet","Medicine","Tablet"
"1701","Canditral 100Mg","Tablet","Medicine","Tablet"
"1684","Candlle","Other","Other","Unit"
"9731","Candy Man Lolipop","toffe","Other","Unit"
"1702","Canison Bn Cream","","Personal Care","Cream/Ointment"
"8359","Canison Cream","cream","Personal Care","Cream/Ointment"
"7614","Canison Solution 20Ml","liquid","Other","Unit"
"1703","Canison-b Cream 15G","","Personal Care","Cream/Ointment"
"8199","Cannula","Other","Other","Unit"
"8200","Cannula 22G(blue)","Other","Other","Unit"
"2856","Canny Aloe Dog Shampoo","shampoo","Personal Care","Unit"
"1704","Canny B & E","Other","Other","Unit"
"1705","Canny Boost","Other","Other","Unit"
"1706","Canny Cap","","Medicine","Capsule"
"7632","Canula Iv 18G","Other","Other","Injection"
"6558","Cap Set","others","Medicine","Capsule"
"9289","Capralac Gold","other","Other","Unit"
"1707","Captolar 25Mg","","Other","Unit"
"1708","Captopril 25Mg","Tablet","Medicine","Tablet"
"8361","Car Choco","toffee","Snack","Unit"
"1709","Car Q 100","Tablet","Medicine","Tablet"
"1710","Carbamazepine 200Mg","Tablet","Medicine","Tablet"
"5618","Carbamezepin 200Mg (Spmc)","Tablet","Medicine","Tablet"
"5701","Carbatol Cr 200Mg","Tablet","Medicine","Tablet"
"1711","Carbimasol Tablet Bp5mg(abbot)","Tablet","Medicine","Tablet"
"1712","Carbimazole 5Mg Bottel","Tablet","Medicine","Tablet"
"8219","Carbimazole 5Mg(thyrocab)","tablets","Other","Unit"
"1713","Carbitol Cr","","Other","Unit"
"1714","Cardace 1.25 Mg","Tablet","Medicine","Tablet"
"1715","Cardace 2.5 Mg","Tablet","Medicine","Tablet"
"1716","Cardace 5Mg","other","Other","Unit"
"1717","Cardigo 0.25","","Other","Unit"
"1718","Cardiprin Tabs 100Mg","Tablet","Medicine","Tablet"
"8118","Cardon 25Mg","Tablet","Medicine","Tablet"
"8056","Cardon 50Mg","Tablet","Medicine","Tablet"
"1719","Care - N - Care Knee Cap","","Medicine","Capsule"
"9290","Care Hand Sanitizer","other","Personal Care","Unit"
"3050","Caremax Plaster 3X5 (Nonalergic)","plaster","Other","Unit"
"3065","Caremax Plaster 1/2X5 (Non Alergic)","plaster","Other","Unit"
"5835","Caremax Plaster 1/2X5yard (Non Alergic)","plaster","Other","Unit"
"9031","Caremax Plaster 1X5 (Nonalergic)","plaster","Other","Unit"
"1720","Careprost 0.03%","","Other","Unit"
"8380","Caresens N Strip","strip","Other","Unit"
"1721","Carnation Corn Caps","Other","Other","Unit"
"3784","Caroton Face Cream","cream","Personal Care","Cream/Ointment"
"3789","Carotone Collagen Body Lotion","cream","Personal Care","Cream/Ointment"
"9686","Carotone Collagen Cream","creamr","Personal Care","Cream/Ointment"
"9685","Carotone Collagen Face Wash 125Ml","face wash","Personal Care","Unit"
"9104","Carrot Face Wash 100Ml","FACE WASH","Personal Care","Unit"
"5870","Carrot Facial Wash (Ewon)","Other","Personal Care","Unit"
"5873","Carrot Soft F/w 100Ml","Other","Other","Unit"
"9106","Carrot Soft Facial Wash 50Ml","FACE WASH","Personal Care","Unit"
"8025","Carti Plus Od 1500Mg","Capsule","Medicine","Capsule"
"8027","Carti Plus750mg","Capsule","Medicine","Capsule"
"6977","Carti Rd","vitamin","Other","Unit"
"9535","Carti-fit Forte Gel 80Gm","gel","Medicine","Cream/Ointment"
"4603","Carticare Cs","Tablet","Medicine","Tablet"
"9585","Carticare New","other","Other","Unit"
"1728","Carticare Od","Tablet","Medicine","Tablet"
"4827","Cartifit Forte","Tablet.","Medicine","Tablet"
"1726","Cartigen 1500Mg","Tablet","Medicine","Tablet"
"8226","Cartigen Cream","cream","Personal Care","Cream/Ointment"
"1727","Cartigen Cream New","cream","Personal Care","Cream/Ointment"
"8391","Cartigen Forte","Tablet","Medicine","Tablet"
"1729","Cartisafe Fotre","Tablet","Medicine","Tablet"
"1732","Carvedilol 6.25Mg","Tablet","Medicine","Tablet"
"1733","Carvedilol 3.125 Mg(spc )","Tablet","Medicine","Tablet"
"1734","Carvidol 12.5","","Other","Unit"
"1735","Carvil 12.5 Mg","Tablet","Medicine","Tablet"
"1737","Carvil 3.125 Mg","Tablet","Medicine","Tablet"
"7613","Carvil 6.25Mg","Tablet","Medicine","Tablet"
"1738","Casanova","","Other","Unit"
"5212","Cashew","other","Other","Unit"
"8363","Cast Padding 6""*3Y(15cm)","other","Other","Unit"
"8364","Cast Padding4""*3y(10cm)","other","Other","Unit"
"1739","Castor Oil","oil","Other","Unit"
"9624","Castor Oil 30Ml","oil","Other","Unit"
"1741","Cataflam 50Mg","Tablet","Medicine","Tablet"
"7640","Catheter 14","Other","Other","Unit"
"1742","Catheter 16","Other","Other","Unit"
"1743","Catheter 18","Other","Other","Unit"
"1744","Catheter 20","others","Other","Unit"
"1745","Catheter 22","Other","Other","Unit"
"1746","Catvil 6.25Mg","","Other","Unit"
"1747","Cb Expressions Cashew 50G","","Other","Unit"
"1749","Cb Expressions Peanut 50G","","Other","Unit"
"1750","Ccl Molox 400 Mg","","Medicine","Unit"
"1753","Ceclofen 100Mg","tab","Medicine","Tablet"
"5709","Cee 500 Orange","Tablet","Medicine","Tablet"
"1755","Cee Strawberry","","Other","Unit"
"1756","Cef Dry Surup","","Other","Unit"
"5522","Cefakind 250Mg","Tablet","Medicine","Tablet"
"1757","Cefakind 500Mg","Tablet","Medicine","Tablet"
"6052","Cefalexin 250Mg","Tablet","Medicine","Tablet"
"9306","Cefalexin Syrup (Cefexip)","syrup","Medicine","Syrup"
"1758","Cefasyn 125","Tablet","Medicine","Tablet"
"1759","Cefasyn 125 Cephadex Dry Syrup 100 Ml","Syrup","Medicine","Syrup"
"1760","Cefasyn 250","Tablet","Medicine","Tablet"
"1761","Cefasyn 500","Tablet","Medicine","Tablet"
"9292","Cefixim 200Mg (Spc)","other","Other","Unit"
"3107","Ceftil 125Mg","Tablet","Medicine","Tablet"
"8104","Ceftil 500Mg","Tablet","Medicine","Tablet"
"1762","Ceftral Injection","","Medicine","Injection"
"7997","Cefuroxime 250Mg(spc)","Tablet","Medicine","Tablet"
"1763","Cefuroxime 750Mg (Spc)","Tablet","Medicine","Tablet"
"1764","Celcoxx 100Mg","Capsule","Medicine","Capsule"
"1765","Celcoxx Cap 200Mg","Capsule","Medicine","Capsule"
"1766","Celecoxib (Spc) 100Mg","Tablet","Medicine","Tablet"
"1768","Celecoxib 100Mg","","Other","Unit"
"1769","Celecoxib 200Mg","","Other","Unit"
"7704","Celecoxib 200Mg(plencoxib)","Capsule","Medicine","Capsule"
"1767","Celedol 200Mg","Capsule","Medicine","Capsule"
"1770","Celene Gel","","Medicine","Cream/Ointment"
"1771","Celenid 25","Tablet","Medicine","Tablet"
"7622","Celenta 100Mg","Tablet","Medicine","Tablet"
"7623","Celenta 200Mg","Capsule","Medicine","Capsule"
"1772","Celestone Tabs 0.5Mg","Tablet","Medicine","Tablet"
"1773","Celexib 200 Spc","","Other","Unit"
"8008","Celib 200Mg","Capsule","Medicine","Capsule"
"1774","Cell Cept 500 (Mmf)","","Other","Unit"
"1775","Celox R 100Mg","Tablet","Medicine","Tablet"
"1776","Celox R 200Mg","Tablet","Medicine","Tablet"
"1777","Cenitra 100Mg","","Other","Unit"
"8379","Center Fresh Crunch","others","Other","Unit"
"5784","Centerfruit","Other","Other","Unit"
"4233","Cenvert - 8Mg","tablets","Other","Unit"
"1778","Cephadex 250","Tablet","Medicine","Tablet"
"1779","Cephadex 500Mg","Tablet","Medicine","Tablet"
"8141","Cephadex Syrup","Syrup","Medicine","Syrup"
"1780","Cephalexin 500Mg","","Other","Unit"
"5627","Cephalexin Tab 125Mg","Tablet","Medicine","Tablet"
"1781","Cephast 500Mg","Tablet","Medicine","Tablet"
"2821","Cephast 250Mg","other","Other","Unit"
"1783","Cephast Syrup 100Ml","syrup","Medicine","Syrup"
"1784","Ceprolen Eye Drop","drop","Other","Drops"
"3840","Ceregrow 1 Year","Other","Other","Unit"
"3839","Ceregrow 1-3Years","Other","Other","Unit"
"8264","Cerelac 10 Month","powder","Other","Unit"
"5939","Cerelac Mixed Fruit 8Months","Other","Other","Unit"
"3842","Cerelac Red Rice 6Months","Other","Other","Unit"
"100052","Cerelac Rice Milk","milk powd","Beverage","Unit"
"3843","Cerilac Wheat Honey Dates 200G","milk powder","Snack","Unit"
"1786","Cervical Collar M (1010)","Other","Other","Unit"
"9572","Cetaphil Baby Wash 230Ml","wash","Baby Care","Unit"
"1787","Cetaphil Dam Lotion","Lotion","Personal Care","Cream/Ointment"
"1788","Cetaphil Gentle Skin Cleanser","Lotion","Personal Care","Cream/Ointment"
"2861","Cetaphil Moisturizing Cream","cream","Personal Care","Cream/Ointment"
"9660","Cetaphil Os Lotion 125Ml","Lotion","Personal Care","Cream/Ointment"
"1789","Cetapin Xr","Tablet210.","Other","Unit"
"6301","Cetinal 10Mg","Tablet","Medicine","Tablet"
"1790","Cetirizinie Tab (Kamazo)","","Medicine","Tablet"
"1791","Cetirizinie Tab (Spc) 10Mg","","Medicine","Tablet"
"9304","Cetrazine Syrup (Zecet)","other","Medicine","Syrup"
"9007","Cetri Plus Shampoo","shampoo","Personal Care","Unit"
"1326","Cetricon 10 Mg","Tablet.","Medicine","Tablet"
"7569","Cetrimide Shampoo 10%","shampoo","Personal Care","Unit"
"8038","Cetrimide Shampoo 2%","shampoo","Personal Care","Unit"
"7519","Cetrimide Shampoo 5%","shampoo","Personal Care","Unit"
"1211","Cetring 10Mg","tablet","Medicine","Tablet"
"5727","Cetrizet 10Mg","Tablet","Medicine","Tablet"
"1796","Cetrizine 10Mg Spc","Tablet","Medicine","Tablet"
"7703","Cetrizine Syrup Spmc","syrup","Medicine","Syrup"
"4297","Cetronella Oil 28Ml","oil","Other","Unit"
"5616","Cetzac Syrup","syrup","Medicine","Syrup"
"8301","Cezin Syp","Syrup","Medicine","Syrup"
"1797","Champ","","Other","Unit"
"9550","Champion Cool Mint Shampoo 80Ml","shampoo","Personal Care","Unit"
"5883","Champion H/w 250Ml","Other","Other","Unit"
"9549","Champion Herbal Shampoo 80Ml","shampoo","Personal Care","Unit"
"1798","Champion Soap","","Personal Care","Unit"
"1799","Chanadalepa 20 G","","Medicine","Unit"
"1800","Chandaleepa Soap Sinnamon","","Personal Care","Unit"
"1801","Chandalepa 40 G","","Medicine","Unit"
"6045","Chandalepa Face Wash 50Ml","Other","Personal Care","Unit"
"1803","Chandalepa Face Wash Bee Honny & Velmee","","Personal Care","Unit"
"1804","Chandalepa Face Wash Kohomba","","Personal Care","Unit"
"1805","Chandalepa Face Wash Lemmon & Lime","","Personal Care","Unit"
"1806","Chandalepa Face Wash Strawberry","","Personal Care","Unit"
"9067","Chandanalep Kohomba & Komarika Face Wash 50Ml","FACE WASH","Personal Care","Unit"
"1810","Chandanalepa Soap 100G","soap","Personal Care","Unit"
"5658","Chandanalepa 20G","cream","Personal Care","Cream/Ointment"
"1808","Chandanalepa 60G","cream","Personal Care","Cream/Ointment"
"9621","Chandanalepa Baby Cologne 100Ml","cologne","Baby Care","Unit"
"9620","Chandanalepa Baby Cologne 50Ml","cologne","Baby Care","Unit"
"9623","Chandanalepa Baby Cream 100Ml","cream","Baby Care","Cream/Ointment"
"1807","Chandanalepa Baby Soap","soap","Baby Care","Unit"
"9078","Chandanalepa Beauty Soap","other","Personal Care","Unit"
"9109","Chandanalepa Bee's Honey & Velmee","other","Other","Unit"
"6046","Chandanalepa Body Lotion","Other","Personal Care","Cream/Ointment"
"1809","Chandanalepa Charcoal Deep Cleansing Bar","","Other","Unit"
"9049","Chandanalepa Chickpea Flour Face Wash Powder","other","Personal Care","Unit"
"5519","Chandanalepa Cream 60G","cream","Personal Care","Cream/Ointment"
"9107","Chandanalepa Face Wash 50Ml","FACE WASH","Personal Care","Unit"
"9108","Chandanalepa Facial Wash 50Ml","FACE WASH","Personal Care","Unit"
"9084","Chandanalepa Gothukala Shamphoo 80Ml","shampoo","Personal Care","Unit"
"9091","Chandanalepa Herbal Cream 12G","cream","Personal Care","Cream/Ointment"
"9092","Chandanalepa Herbal Cream 20G","cream","Personal Care","Cream/Ointment"
"9093","Chandanalepa Herbal Cream 40G","cream","Personal Care","Cream/Ointment"
"9051","Chandanalepa Moisturizing Body Lotion 100Ml","Lotion","Personal Care","Cream/Ointment"
"9050","Chandanalepa Sandalwood Herbal 100Ml","other","Other","Unit"
"6043","Chandanalepa Soap","soap","Personal Care","Unit"
"6044","Chandanalepa Soap 100Mg","soap","Personal Care","Unit"
"9065","Chandanalepa Strawberry & Delum","other","Other","Unit"
"9068","Chandanalepa Suduhadun & Venivel","FACE WASH","Personal Care","Unit"
"1811","Chandanalepa Whitening Cream","cream","Personal Care","Cream/Ointment"
"9048","Chandanalepa Whitening Mens","other","Other","Unit"
"1812","Chanky Choc 120 G","chocolate","Snack","Unit"
"1814","Channalepa Whitning Cream 20 G","","Personal Care","Cream/Ointment"
"8293","Cheese Button 20G","biscuit","Biscuit","Unit"
"1816","Cheese Cracker 100G","","Biscuit","Unit"
"1817","Cheese Cracker 200G","","Biscuit","Unit"
"9271","Cheettha","other","Other","Unit"
"6047","Chelferron Cap","Capsule","Medicine","Capsule"
"8154","Chello Yoghurt","Other","Other","Unit"
"1818","Cheramy Baby Oil","","Baby Care","Unit"
"1819","Cheramy Basics Cotton Buds","cotton buds","Other","Unit"
"1820","Cheramy Basics Nappy Wash Powder 1Kg","","Baby Care","Unit"
"1821","Cheramy Basics Nappy Wash Powder 400G","","Baby Care","Unit"
"6351","Cheramy Cologne 100Ml","others","Other","Unit"
"6152","Cheramy Shampoo","other","Personal Care","Unit"
"6841","Cheramy Soap 3In1","soap","Personal Care","Unit"
"10059","Chess Riddle","other","Other","Unit"
"8034","Chew Friut","chocalat","Other","Unit"
"6936","Cheweez Toffe","other","Other","Unit"
"1822","Chewette C 100Mg","Tablet","Medicine","Tablet"
"9728","Chewing Gum","other","Other","Unit"
"1026","Chewing Gum","chiwing gum","Other","Unit"
"6095","Chewing Gum.","Other","Other","Unit"
"9576","Chik Nik","chik nik","Other","Unit"
"7543","Children Cough Syrup","syrup","Medicine","Syrup"
"1823","Chit Chat 10 G","chocolate","Snack","Unit"
"1824","Chlofen Syrup 100Ml","Syrup","Medicine","Syrup"
"9180","Chlofen Syrup 60Ml","other","Medicine","Syrup"
"1825","Chlopromazine 50Mg","","Other","Unit"
"1827","Chloramphenicol Ear Drop 5Ml","other","Other","Drops"
"1828","Chloramphenicol Eye Drops","Other","Medicine","Drops"
"1826","Chlorine","others","Other","Unit"
"9237","Chlorowin Ear Drop 5%","other","Other","Drops"
"9395","Chlorpheniramine Maleate Oral Solution 100Ml","syrup","Medicine","Syrup"
"5948","Chlorpromazine 50Mg","Tablet","Medicine","Tablet"
"1831","Choc A Nut 100G","nut","Snack","Unit"
"1829","Choc A Nut 30G","others","Snack","Unit"
"1830","Choc A Nut 45 G","others","Snack","Unit"
"1833","Choc Shock 30G","","Other","Unit"
"1834","Choc Shock 90","","Other","Unit"
"1835","Chocale Fingers 110 G","chocolate","Snack","Unit"
"1836","Chocale Fingers 18 G","chocolate","Snack","Unit"
"1837","Chocale Fingers 27 G","chocolate","Snack","Unit"
"1838","Chocale Fingers 45 G","chocolate","Snack","Unit"
"1839","Chocale Fingers 80 G","chocolate","Snack","Unit"
"1840","Chocalete Cream 210G","","Personal Care","Cream/Ointment"
"1841","Chocalete Wafers","","Other","Unit"
"5756","Choco","Other","Snack","Unit"
"10046","Choco -La Kiddies","chocolate","Snack","Unit"
"1843","Choco La Crispies 30G","","Snack","Unit"
"1844","Choco La Milk 12 G","chocolate","Snack","Unit"
"1845","Choco La Milk 90G","chocolate","Snack","Unit"
"1846","Choco La Peanut 50 G","","Snack","Unit"
"1847","Choco La Vanilla 45G","chocolate","Snack","Unit"
"1848","Choco Mo 100 G","chocolate","Snack","Unit"
"1849","Choco Mo 40 G","chocolate","Snack","Unit"
"5540","Choco Penut 25G","other","Snack","Unit"
"1850","Choco Shock 30G","","Snack","Unit"
"1234","Choco-nat","others","Snack","Unit"
"1851","Chocola Crispy 50 G","chocolate","Snack","Unit"
"1853","Chocola Kids","chocolate","Snack","Unit"
"1854","Chocola Milk 45 G","chocalat","Beverage","Unit"
"1856","Chocolate Cream 100G","","Snack","Cream/Ointment"
"8354","Chocolate Cream 200G","Other","Snack","Cream/Ointment"
"8290","Chocolate Cream 90G","biscuit","Biscuit","Cream/Ointment"
"1061","Chocolate Cream Biscut210gm","Other","Snack","Cream/Ointment"
"1858","Chocolate Puff 100G","","Snack","Unit"
"1859","Chocolate Puff 200G","oth","Snack","Unit"
"1852","Choconuts 40G","other","Other","Unit"
"8091","Choconuts 65G","other","Other","Unit"
"1053","Choconuts 80G","other","Other","Unit"
"10043","Choky Bix","chocolate","Snack","Unit"
"5786","Choky Bix 43G","Other","Other","Unit"
"1860","Chunky Choc 120G","chocolate","Snack","Unit"
"1861","Chunky Choc 200G","chocolate","Snack","Unit"
"5256","Chunky Choc 20G","chocolate","Snack","Unit"
"1862","Chunky Choc Trio 60G","chocolate","Snack","Unit"
"1863","Chunky Choke 200 G","","Medicine","Unit"
"8384","Chupa Chups","others","Other","Unit"
"1864","Cic Cathita","","Other","Unit"
"5219","Cidogril 75Mg","Tablet","Medicine","Tablet"
"4280","Cifataze 100 Mg","Tablet","Medicine","Tablet"
"2235","Cifataze 200Mg","Tablet.","Medicine","Tablet"
"1865","Cilacar 10 Mg","Tablet","Medicine","Tablet"
"9347","Cilacar 20Mg","other","Other","Unit"
"1866","Cilacar 5 Mg","Tablet","Medicine","Tablet"
"4897","Cimune 500Mg","Tablet","Medicine","Tablet"
"9570","Cinekar 10Mg","Tablet","Medicine","Tablet"
"9571","Cinekar 5Mg","Tablet","Medicine","Tablet"
"4014","Cinnamon Oil 30Ml","oil","Other","Unit"
"2635","Cinnarizine 25Mg","Tablet","Medicine","Tablet"
"5638","Cinnarizine Tab 25Mg(vertigon)","Tablet","Medicine","Tablet"
"8039","Cipium(chloropeneramine)","Tablet","Medicine","Tablet"
"1867","Ciplox 250 Expired","Tablet","Medicine","Tablet"
"1868","Ciplox 500Mg Expired","Tablet","Medicine","Tablet"
"1869","Ciplox Eye Drop","eye drops","Medicine","Drops"
"1870","Cipro-cent Eye/ear Drop","","Other","Drops"
"1871","Ciprobid Tabs 250Mg","Tablet","Medicine","Tablet"
"1872","Ciprobid Tabs 500Mg","Tablet","Medicine","Tablet"
"1873","Ciprobiotic Forte","Tablet","Medicine","Tablet"
"1874","Ciprocidal 10Ml","","Other","Unit"
"1875","Ciprocidal Eye Drop","eye drops","Medicine","Drops"
"8348","Ciprofred 250Mg","Tablet","Medicine","Tablet"
"5576","Ciprolet 500Mg","Tablet","Medicine","Tablet"
"8147","Cital Syrup","Syrup","Medicine","Syrup"
"1876","Citicol 500 Mg","Tablet","Medicine","Tablet"
"1877","Citopam 10 Mg","Tablet","Medicine","Tablet"
"1878","Citopam 20 Mg","Tablet","Medicine","Tablet"
"1881","Citronella Oil 30Ml","oil","Other","Unit"
"1882","Citronella Oil 50Ml","","Other","Unit"
"1879","Citronella Oil Sahana","oil","Other","Unit"
"4083","Citronella Spray","Spray","Personal Care","Unit"
"4082","Citronella Spray 500Ml","Spray","Personal Care","Unit"
"1883","Claen & Clear 100 Ml","","Other","Unit"
"1884","Claneski 625 Mg","","Medicine","Unit"
"8227","Clarimate 500Mg","Tablet","Medicine","Tablet"
"9036","Clarimate Syrup","syrup","Medicine","Syrup"
"1002","Clarimax 250","Tablet","Medicine","Tablet"
"8416","Clarion 250Mg","Tablet","Medicine","Tablet"
"6979","Clarion 500Mg","Tablet","Medicine","Tablet"
"1885","Clarion Suspension 60Ml","Syrup","Medicine","Syrup"
"1887","Claritek 250Mg","Tablet","Medicine","Tablet"
"8255","Claritek 500Mg","Tablet","Medicine","Tablet"
"1888","Claritek Granules Syrup 125Mg","Syrup","Medicine","Syrup"
"7521","Clarithromycin 250Mg (Claright)","Tablet","Medicine","Tablet"
"1889","Clarithromycin 250Mg Spmc","Tablet","Medicine","Tablet"
"6081","Clarithromycin 500Mg","Tablet","Medicine","Tablet"
"7522","Clarithromycin 500Mg (Claright)","Tablet","Medicine","Tablet"
"1891","Clavamox 375Mg","Tablet","Medicine","Tablet"
"1892","Clavamox 625Mg","Tablet","Medicine","Tablet"
"1890","Clavotec 375 Mg","Syrup","Medicine","Syrup"
"6632","Clavotec 625 Mg","Tablet","Medicine","Tablet"
"1893","Clc Catheter 14F","","Other","Unit"
"1894","Cldarm Cream","","Personal Care","Cream/Ointment"
"1895","Cldarm Ononment","","Other","Unit"
"1897","Clean & Clea Forming Face Wash","","Personal Care","Unit"
"1898","Clean & Clear 50 Ml","","Other","Unit"
"1899","Clean & Clear 50 Ml1","bar","Other","Unit"
"1901","Clean & Clear Apple 100Ml","","Other","Unit"
"1900","Clean & Clear Apple 50Ml","","Other","Unit"
"1902","Clean & Clear Berry 50Ml","","Other","Unit"
"1903","Clean & Clear Bery","","Other","Unit"
"1905","Clean & Clear Lemon 100Ml","","Other","Unit"
"1904","Clean & Clear Lemon 50Ml","","Other","Unit"
"1906","Clear Anti Hair /F 80Ml","Other","Other","Unit"
"1907","Clear Cream 0.1%W/w","","Personal Care","Cream/Ointment"
"1909","Clear Ice 80Ml","Other","Other","Unit"
"6015","Clear Men 80Ml","Other","Other","Unit"
"1908","Clear Shampoo Anti Hair Fall","","Personal Care","Unit"
"1910","Clear Shampoo Men","","Personal Care","Unit"
"5787","Clenseal Sanitizer","Other","Personal Care","Unit"
"1911","Clenseal Sanitizer Gel","Other","Personal Care","Cream/Ointment"
"5490","Clever Chek Machin Td 4279","machine","Other","Unit"
"1912","Clever Cheq Sript","","Other","Unit"
"1913","Climycin Cap 150Mg","","Medicine","Capsule"
"1914","Climycin Cap 300Mg","Tablet","Medicine","Tablet"
"1915","Clincin Gel 15G","cream","Personal Care","Cream/Ointment"
"5260","Clindacin Gel","cream","Personal Care","Cream/Ointment"
"6096","Clindamix 150Mg","Tablet","Medicine","Tablet"
"1916","Clindamix 300","Tablet","Medicine","Tablet"
"6106","Clindy 300Mg","Tablet","Medicine","Tablet"
"1917","Clinface Gel","cream","Personal Care","Cream/Ointment"
"1918","Clinica Toothpaste","","Personal Care","Unit"
"5502","Clinical Thermometer","Other","Other","Unit"
"4976","Clinical Thermometer","Other","Other","Unit"
"1919","Clob Cream 15G","","Personal Care","Cream/Ointment"
"9293","Clobazam 5Mg (Clobas 5)","other","Other","Unit"
"1920","Clobederm S Lotion 20Ml","Lotion","Personal Care","Cream/Ointment"
"1921","Cloben G Creeam","cream","Personal Care","Cream/Ointment"
"1546","Clobeta Cream 10G","cream","Personal Care","Cream/Ointment"
"9213","Clobit Cream","other","Personal Care","Cream/Ointment"
"1922","Cloderm Cream 15G","cream","Personal Care","Cream/Ointment"
"8111","Cloderm Lotion New","Lotion","Personal Care","Cream/Ointment"
"8435","Cloderm Ointment 15G","oinment","Medicine","Cream/Ointment"
"1923","Cloderm Ointment 25G","cream","Personal Care","Cream/Ointment"
"1924","Cloderm Scalp 30Ml","Lotion","Personal Care","Cream/Ointment"
"1925","Clofenac 12.5 Mg","","Medicine","Unit"
"1926","Clofranil 25 Mg","Tablet","Medicine","Tablet"
"1927","Clogard Paste 40G","Other","Other","Unit"
"1929","Clogard Fresh Blast Mouth Wash 60Ml","","Personal Care","Unit"
"1930","Clogard Fresh Gel Blue 120G","","Medicine","Cream/Ointment"
"1931","Clogard Mouth Wash 200Ml","others","Personal Care","Unit"
"1932","Clogard Mouth Wash 60Ml Ice Mint","","Personal Care","Unit"
"1933","Clogard Mouth Wash 60Ml Original","Other","Personal Care","Unit"
"1935","Clogard Natural Salt 40G","","Other","Unit"
"1934","Clogard Natural Salt 70G","Other","Other","Unit"
"9361","Clogard Smart Clean","other","Other","Unit"
"6154","Clogard T Paste 160G","others","Other","Unit"
"1937","Clogard Tooth Brush","others","Other","Unit"
"5810","Clogard Tooth Brush Kids","Other","Other","Unit"
"1938","Clogard Toothpaste 40 G","","Personal Care","Unit"
"1939","Clogard Toothpaste 70G","tooth paste","Personal Care","Unit"
"1940","Clogard Toothpaste L Green 120G","tooth paste","Personal Care","Unit"
"1941","Clogard Toothpaste Red 120G","others","Personal Care","Unit"
"4638","Clomiright 25Mg","Tablet","Medicine","Tablet"
"1942","Clonazepam 0.5Mg (Spc)","Tablet","Medicine","Tablet"
"1095","Clonazepem 2Mg","Tablet","Medicine","Tablet"
"1943","Clonem G","cream","Personal Care","Cream/Ointment"
"1944","Clonidine (Arkamin)","","Other","Unit"
"1945","Clopact 75","Tablet","Medicine","Tablet"
"1946","Clopid 75","Tablet","Medicine","Tablet"
"8030","Clopido 75Mg","Tablet","Medicine","Tablet"
"1947","Clopidogril Spc 75Mg","others","Other","Unit"
"9588","Clopigra 75Mg","Tablet","Medicine","Tablet"
"1948","Clopikind 75","","Other","Unit"
"1459","Clopil 75Mg","Tablet","Medicine","Tablet"
"1949","Clopilet 75Mg","Tablet","Medicine","Tablet"
"8371","Clopirel 75Mg","tablet","Medicine","Tablet"
"6051","Clopirel Tab","Tablet","Medicine","Tablet"
"9012","Clopitab 75Mg","Tablet","Medicine","Tablet"
"5506","Clopivas 75Mg","Tablet","Medicine","Tablet"
"1950","Clopvias 75Mg","","Other","Unit"
"3074","Clora Cream","cream","Personal Care","Cream/Ointment"
"1951","Clorampenicol Ear Drop","","Other","Drops"
"1952","Clorgard Toothpaste 70 G","others","Personal Care","Unit"
"1953","Close Up 30G","tooth paste","Other","Unit"
"1954","Closeup Ever Fresh Toothpaste 40G","","Personal Care","Unit"
"1955","Closeup Toothpaste 120G","","Personal Care","Unit"
"6511","Clouth Bag","other","Other","Unit"
"1956","Cloxacillin 500 Mg","Tablet","Medicine","Tablet"
"5579","Cloxacillin 500Mg Spmc","Capsule","Medicine","Capsule"
"9312","Cloxacillin Syrup (Alclox)","other","Medicine","Syrup"
"1958","Cloxil 250Mg","Capsule","Medicine","Capsule"
"1959","Cloxil Caps 500Mg","Tablet","Medicine","Tablet"
"1960","Clozapine 100 Mg","Tablet","Medicine","Tablet"
"1961","Cloze Eye Drops","eye drops","Medicine","Drops"
"1962","Cnq Plus","","Other","Unit"
"1963","Co Dorzel Opthalimc 5 Ml","eye drops","Medicine","Drops"
"5652","Co-dorzol","drop","Other","Drops"
"1964","Co-trimoxazole 480Mg","","Other","Unit"
"1965","Codliver Oil 525Mg","Capsule","Medicine","Capsule"
"1966","Cofenac Gel","gel","Medicine","Cream/Ointment"
"9238","Cofkils Syrup 100Ml","other","Medicine","Syrup"
"1967","Coforil Syrup","","Medicine","Syrup"
"1968","Colchicum-dispert 0.5Mg","","Other","Unit"
"1969","Coligon 20Mg","Tablet","Medicine","Tablet"
"1970","Collers","","Other","Unit"
"1971","Colon Seven","","Other","Unit"
"1972","Colone M Dew 125,L","","Other","Unit"
"1973","Colone Morning Dew Big","","Other","Unit"
"1974","Colone Morning Dew Small","","Other","Unit"
"1975","Colone Powder Mist","powder","Other","Unit"
"1976","Color Comb Natural Black Hair Darkening Shampoo","","Personal Care","Unit"
"1977","Colospas 135Mg","Tablet","Medicine","Tablet"
"8202","Colospas Fibro Sachet","sachet","Other","Packet"
"1978","Colostamy Bag","","Other","Unit"
"4176","Comb L","others","Other","Unit"
"9127","Comb S","other","Other","Unit"
"1979","Combigan Eye Drops 5 Ml","eye drops","Medicine","Drops"
"1981","Combiwave Sf 125","","Other","Unit"
"1980","Combiwave Sf 250 Mdi","Inhaler","Medicine","Inhaler"
"4173","Combo Comb","other","Other","Unit"
"6010","Comfirt","Other","Other","Unit"
"6011","Comfort 90Ml","Other","Other","Unit"
"1982","Comfort Blue Small 210Ml","liquid","Other","Unit"
"6523","Complan 200G","cream","Personal Care","Cream/Ointment"
"7696","Conaz Lotion 60Ml Ex","Lotion","Personal Care","Cream/Ointment"
"5698","Concor 2.5 (Spc)","Tablet","Medicine","Tablet"
"1983","Concor 2.5 Mg","Tablet","Medicine","Tablet"
"1984","Concor 5Mg","Tablet","Medicine","Tablet"
"1985","Condis","Other","Other","Unit"
"1986","Condom Catheter S","","Other","Unit"
"1987","Condom Cathter","others","Other","Unit"
"1988","Condom Cathter M","","Other","Unit"
"9673","Conical Measuring Cup 60Ml","cups","Other","Unit"
"1989","Conjugated Estrogen Vaginal Cream","","Personal Care","Cream/Ointment"
"1990","Conmet 500","Other","Other","Unit"
"9171","Consucon 80 Mg","other","Medicine","Unit"
"1785","Contour Cervical Collar L (1010)","Other","Other","Unit"
"8344","Contour Cervical Collar M","Other","Other","Unit"
"4467","Control D","other","Other","Unit"
"6510","Cool Bottle","other","Beverage","Bottle"
"1991","Cool Box","","Other","Packet"
"1992","Cool Box (Covered)","","Other","Packet"
"3388","Cool Drink","190ml","Beverage","Unit"
"1993","Cool Gel 200Ml","Syrup","Medicine","Syrup"
"1994","Cope Tablets 10Mg","","Other","Unit"
"7550","Coq 10 Tab","Tablet","Medicine","Tablet"
"9298","Coq Forte","other","Other","Unit"
"1995","Coralan 5Mg Tabs 56 S","Tablet","Medicine","Tablet"
"9627","Cord Clamp","others","Other","Unit"
"1996","Cord Clamp","others","Other","Unit"
"1997","Coriander Extra 330Ml","","Other","Unit"
"5329","Corn Caps","other","Other","Unit"
"1998","Corn Flakes Original 100G","","Other","Unit"
"9261","Corsodyl Mint Mouthwash 100Ml","other","Other","Unit"
"1999","Corsodyl Mouth Wash 200Ml","Other","Personal Care","Unit"
"2000","Cortileb Cream 15G","cream","Personal Care","Cream/Ointment"
"2001","Cortivex 6Mg","","Other","Unit"
"2002","Cosamide 100Mg","","Other","Unit"
"2003","Cosamide 50Mg","","Other","Unit"
"8275","Cosmelite New","cream","Personal Care","Cream/Ointment"
"2005","Cosmo Fairness Cream 30G","","Personal Care","Cream/Ointment"
"2006","Cosmo Whitning Face Wash1","","Other","Unit"
"2007","Cosmo Whitning Face Wash1 100 Ml","","Other","Unit"
"2009","Cosome Expectorent 100Ml","Syrup","Medicine","Syrup"
"2008","Cosome Syrup","syrup","Medicine","Syrup"
"2010","Cosopt Eye Drop","eye drops","Medicine","Drops"
"2011","Costar Omega 3","vitamin","Other","Unit"
"2012","Coster Epo 100 Mg","","Medicine","Unit"
"2014","Cosvate Cream","ceam","Personal Care","Cream/Ointment"
"2015","Cosvate G Cream 15G","cream","Personal Care","Cream/Ointment"
"2016","Cosvate-gm Cream 15G","","Personal Care","Cream/Ointment"
"10067","Cot Sheet","baby item","Baby Care","Unit"
"9278","Cot Sheet","other","Other","Unit"
"6515","Cot Sheet 2In1","others","Other","Unit"
"2017","Cotarly Cream","cream","Personal Care","Cream/Ointment"
"9313","Cotrim Syrup (L-trim)","syrup","Medicine","Syrup"
"9035","Cotten Bandage 6X5","bandage","Other","Unit"
"4505","Cotton Bools","cotton","Other","Unit"
"4438","Cotton Bools Small","other","Other","Unit"
"9733","Cotton Buds","other","Other","Unit"
"9626","Cotton Pleats 50G","cotton","Other","Unit"
"9625","Cotton Wool 100G","cotton","Other","Unit"
"4566","Cotton Wool 10G","other","Other","Unit"
"1387","Cotton Wool 16G","wool","Other","Unit"
"2883","Cotton Wool 20G","other","Other","Unit"
"9253","Cotton Wool 500G","other","Other","Unit"
"8304","Cotton Wool 50G","wool","Other","Unit"
"2028","Cough Syrup","syrup","Medicine","Syrup"
"2029","Coversyl 10 Mg","Tablet","Medicine","Tablet"
"2030","Coversyl 5Mg Tabs","Tablet","Medicine","Tablet"
"2032","Cow & Cate 3 Tin 400G","milk powder","Snack","Packet"
"2033","Cow & Cate Step Up 4 350G","","Other","Unit"
"9164","Cow & Gate 1","other","Other","Unit"
"2047","Cow & Gate 1 Tin","Other","Other","Packet"
"9337","Cow & Gate 3","other","Other","Unit"
"9338","Cow & Gate 4 350G","other","Other","Unit"
"9531","Cow & Gate Formula Soya","milk","Beverage","Unit"
"5792","Cow And Gate 1 0-6 Packet","Other","Other","Packet"
"2034","Cow And Gate 1- 6 Month 400G","Other","Other","Unit"
"2036","Cow And Gate 2","Other","Other","Unit"
"2035","Cow And Gate 2 350G","Other","Other","Unit"
"2037","Cow And Gate 2 Tin","Tin","Other","Packet"
"2038","Cow And Gate 3 1-3","Other","Other","Unit"
"2039","Cow And Gate 3 1-3 Paket","milk powder","Snack","Unit"
"2040","Cow And Gate 3 1-3 Peket","Other","Other","Unit"
"2041","Cow And Gate 4 3-6 Peket","Other","Other","Unit"
"2042","Cow And Gate 4 3-6 Tin","milk powder","Snack","Packet"
"2043","Cow And Gate 6-12","Other","Other","Unit"
"2044","Cow And Gate Tin 1 0-6","Tin","Other","Packet"
"2045","Cox B 100 Capsule","tab","Medicine","Tablet"
"2046","Cox B 200 Capsule","Tablet","Medicine","Tablet"
"4422","Crack Nil Foot Cream","cream","Personal Care","Cream/Ointment"
"5980","Crampgard+ Plus","cream","Personal Care","Cream/Ointment"
"9657","Crampto Sachets","sachet","Other","Packet"
"9589","Crape Bandage","bandage","Other","Unit"
"2048","Cream 35","cream","Personal Care","Cream/Ointment"
"1748","Cream Craker 490G","biscuit","Biscuit","Cream/Ointment"
"8113","Cremaffin Plus Syrup","Syrup","Medicine","Syrup"
"9406","Cremafin Sy 225Ml","other","Other","Unit"
"8097","Crep Bandage 7.5Cm","bandage","Other","Unit"
"7635","Crepe Bandage 3X5","bandage","Other","Unit"
"9235","Crepe Bandage 4''","bandage","Other","Unit"
"8070","Crepe Bandage 4/5","bandage","Other","Unit"
"5057","Crepe Bandage Meditex","bandage","Other","Unit"
"2051","Cresar 40","Tablet","Medicine","Tablet"
"2053","Crestor 10Mg","Tablet","Medicine","Tablet"
"5886","Crestor 20Mg","Tablet","Medicine","Tablet"
"2052","Crestor 5Mg","Tablet","Medicine","Tablet"
"2054","Cropidorel 75Mg","","Other","Unit"
"2055","Cs Fit","","Other","Unit"
"2056","Cucumber Cleansing Cream (Ewon)","cream","Personal Care","Cream/Ointment"
"9103","Cucumber Face Wash 100Ml","FACE WASH","Personal Care","Unit"
"5868","Cucumber Facial Scrub (Ewon)","Other","Other","Unit"
"5872","Cucumber Facial Wash (Evon)","Other","Personal Care","Unit"
"9069","Cucumber Facial Wash 50Ml","FACE WASH","Personal Care","Unit"
"5876","Cucumber Tonner","Other","Other","Unit"
"2057","Culture Bottle","none","Beverage","Bottle"
"2058","Cupid 100Mg","Tablet","Medicine","Tablet"
"2059","Cupid 50Mg","Tablet","Medicine","Tablet"
"2060","Curaderm","cream","Personal Care","Cream/Ointment"
"9262","Curam 156.25 Mg O/susp 100Ml","other","Medicine","Unit"
"2061","Curam 375Mg (Spc)","Tablet","Medicine","Tablet"
"2062","Curam 625Mg","Tablet","Medicine","Tablet"
"2063","Curam 675Mg (Spc)","","Other","Unit"
"2064","Curam Syrup 170Ml","Syrup","Medicine","Syrup"
"2065","Curaped Cream","","Personal Care","Cream/Ointment"
"2066","Cutdown","","Other","Unit"
"1059","Cutee (L) 16Pcs","pampas","Other","Unit"
"2943","Cutee (M) 16Pcs","pampas","Other","Unit"
"2316","Cutee Baby Diapers 4Pcs L","other","Baby Care","Unit"
"6596","Cutee Baby Diapers 4Pcs M","other","Baby Care","Unit"
"6597","Cutee Baby Diapers 4Pcs S","other","Baby Care","Unit"
"2067","Cutee Baby Diapers M,l","pampas","Baby Care","Unit"
"5803","Cutee Sachet Diaper (L)","DIAPER","Baby Care","Packet"
"5807","Cutee Sachet Diaper (M)","DIAPER","Baby Care","Packet"
"9004","Cutis Cream","cream","Personal Care","Cream/Ointment"
"9005","Cutis Tablet","Tablet","Medicine","Tablet"
"9348","Cutisone Cream 10G","other","Personal Care","Cream/Ointment"
"9349","Cutisone Ointment 10G","other","Medicine","Cream/Ointment"
"2072","Cutivate Cream 0.05%","","Personal Care","Cream/Ointment"
"2073","Cutivate Cream 0.05% 5G","","Personal Care","Cream/Ointment"
"2074","Cutivate Ointment 15G","","Medicine","Cream/Ointment"
"6025","Cylonta Tea","Other","Beverage","Unit"
"5252","Cypin 4Mg","Tablet.","Medicine","Tablet"
"2076","Cypon Pain Syrup","syrup","Medicine","Syrup"
"2077","Cypone 200","","Other","Unit"
"5126","Cystone","Tablet","Medicine","Tablet"
"51090","D Aqua Cream 100G","cream","Personal Care","Cream/Ointment"
"2079","D Aqua Cream 100Gm","cream","Personal Care","Cream/Ointment"
"2081","D Fungi B","cream","Personal Care","Cream/Ointment"
"2082","D Max 1000","Tablet","Medicine","Tablet"
"2083","D Max 2000","Tablet","Medicine","Tablet"
"2085","D Max 5000","Tablet","Medicine","Tablet"
"2084","D Max Hd","Tablet","Medicine","Tablet"
"8121","D Peron Syrup New","Syrup","Medicine","Syrup"
"8057","D Peron Syrup❌","Syrup","Medicine","Syrup"
"3225","D Rem 1000","Tablet","Medicine","Tablet"
"2086","D Soft 50G","cream","Personal Care","Cream/Ointment"
"9294","D Tabs","Tablet","Medicine","Tablet"
"9604","D Vac 1000","Tablet","Medicine","Tablet"
"9605","D Vac 2000","Tablet","Medicine","Tablet"
"9618","D Vac Kids 30Ml Drops","drops","Medicine","Drops"
"6991","D-ferol 1000","vitamin","Other","Unit"
"1204","D-ferol 2000","tablets","Other","Unit"
"6990","D-ferol 5000","vitamin","Other","Unit"
"2088","D-tabs","","Other","Tablet"
"2087","D-vit 1000","Tablet","Medicine","Tablet"
"2089","D3 Active","","Other","Unit"
"2090","Dafilon Blue","","Other","Unit"
"2091","Daibx Xr","","Other","Unit"
"2092","Dainorm Od 30 Mg","","Medicine","Unit"
"2093","Daiper Shase Small","","Other","Unit"
"10045","Dairy Milk 18G","other","Beverage","Unit"
"2094","Daisure 400G","","Other","Unit"
"2095","Daisy 12Ml","","Other","Unit"
"2096","Daisy 25Ml","","Other","Unit"
"2097","Daivobet 15 G","","Medicine","Unit"
"2098","Daivobet Ointment 15G","cream","Personal Care","Cream/Ointment"
"2099","Daktacort Cream","cream","Personal Care","Cream/Ointment"
"2100","Daktarin Cream","cream","Personal Care","Cream/Ointment"
"8256","Daktarin Cream New","cream","Personal Care","Cream/Ointment"
"2101","Daktarin Oral Gel 40G","gel","Medicine","Cream/Ointment"
"2103","Daktarin Tincture30ml","Other","Other","Unit"
"9391","Dalacin C 150 Mg","Tablet","Medicine","Tablet"
"2104","Dalacine C 300Mg","Capsule","Medicine","Capsule"
"2106","Dalcine C 150","","Other","Unit"
"2107","Dancel Lotion","","Personal Care","Cream/Ointment"
"2108","Dancel Shampoo 60Ml","","Personal Care","Unit"
"5800","Dandex Cooling Itch","Other","Other","Unit"
"2112","Dandex Shampoo 40Ml","others","Personal Care","Unit"
"2110","Dandex Shampoo With Cool Mint","shampoo","Personal Care","Unit"
"2111","Dandex Shampoo With Egg Protein Complex","others","Personal Care","Unit"
"3778","Dandy Senitizar 50Ml","Other","Other","Unit"
"6114","Dandy Senitizer 100Ml","Other","Other","Unit"
"2114","Dango Shampoo 60Ml","Other","Personal Care","Unit"
"2115","Danogen-200","","Other","Unit"
"4847","Dansel K Lotion 60Ml","Lotion","Personal Care","Cream/Ointment"
"2116","Dansel- K Lotion","shampoo","Personal Care","Cream/Ointment"
"2117","Daonil","Tablet","Medicine","Tablet"
"6878","Dapa 10Mg","Tablet","Medicine","Tablet"
"6367","Dapazin 10Mg","Tablet","Medicine","Tablet"
"6368","Dapazin 5Mg","Tablet","Medicine","Tablet"
"6102","Dark Henna Hair Oil 100Ml","Other","Other","Unit"
"2118","Dayna Kee L","","Other","Unit"
"2119","Dayna Kee Suport S","","Other","Unit"
"2120","Dazit 5 Mg","tab","Medicine","Tablet"
"2121","Dazolic 500Mg","Tablet","Medicine","Tablet"
"9190","Dbi Metformin 500Mg","Tablet","Medicine","Tablet"
"9081","Dearo Cool & Fresh 20Ml","other","Other","Unit"
"2229","Dec 50Mg (Diethylcarbamazine)","Tablet","Medicine","Tablet"
"2122","Decalox Oral Supension 100Ml","","Other","Unit"
"3275","Deckesrs Chocaolat","chocolate","Snack","Unit"
"2123","Decomit Nasal Spray","nasal spray","Personal Care","Drops"
"9777","Decon N/s Drop Adult","nasal drops","Medicine","Drops"
"2125","Decon Nasal Drop- Adult","nasal spray","Personal Care","Drops"
"5668","Decon Paediatric Drop","drop","Other","Drops"
"9743","Decorative Lights","other","Other","Unit"
"6813","Decozol Cream 15G","cream","Personal Care","Cream/Ointment"
"8338","Deep Cleansing Face Wash Apricot (Aurica)","Other","Personal Care","Unit"
"3773","Deep Clensing Milk 100Ml","Other","Beverage","Unit"
"2126","Deep Heet Extra","","Other","Unit"
"2127","Deep Heet Rub Cream","cream","Personal Care","Cream/Ointment"
"8233","Deerofix Aqueous Cream","cream","Personal Care","Cream/Ointment"
"7503","Deerofix Aqueous Cream New","cream","Personal Care","Cream/Ointment"
"2128","Deflux Tabs","Tablet","Medicine","Tablet"
"2129","Degestine","","Other","Unit"
"6633","Delax 5Mg","Tablet","Medicine","Tablet"
"2131","Delsia 3","Tablet","Medicine","Tablet"
"2133","Demostic Syrup","","Medicine","Syrup"
"2134","Denta Kids","Other","Other","Unit"
"9156","Denta Brush","other","Other","Unit"
"2135","Denta Brush S","","Other","Unit"
"2136","Denta Kids Tb","Other","Other","Unit"
"2137","Dental Floss","others","Other","Unit"
"2138","Dentogel Gel 10G","cream","Personal Care","Cream/Ointment"
"2139","Denvar 200Mg","","Other","Unit"
"9117","Deo Roll On 20Ml","other","Other","Unit"
"2140","Deo Roll On Aqua","","Other","Unit"
"9119","Deo Roll On Cool & Fresh 20Ml","other","Other","Unit"
"2142","Deo Roll On Fresco 20Ml","","Other","Unit"
"2143","Deo Roll On Glee 20Ml","","Other","Unit"
"2144","Deo Roll On Hazy 20Ml","","Other","Unit"
"2145","Deo Roll On Relax","","Other","Unit"
"2146","Deo Roll On Romance","","Other","Unit"
"9120","Deodorant 20Ml","other","Personal Care","Unit"
"8330","Deodorant Max (Ewon)","Other","Personal Care","Unit"
"8331","Deodorant Natural (Ewon)","other","Personal Care","Unit"
"8319","Deodorant Saffa (Ewon)","other","Personal Care","Unit"
"2147","Depicor Sr 10","","Other","Unit"
"2148","Deplatt 75Mg","Tablet.","Medicine","Tablet"
"2149","Deplus 1000","Tablet","Medicine","Tablet"
"2150","Deplus 2000","Tablet","Medicine","Tablet"
"2151","Deplus 5000","Tablet","Medicine","Tablet"
"8081","Depo Medrol 40Mg","injection","Medicine","Injection"
"6752","Depo Medrol 80","injection","Medicine","Injection"
"8031","Depo Povera 150Ml","injection","Medicine","Injection"
"2155","Deriphilin Od 300","","Other","Unit"
"9405","Deriphyllin Retard Tablet 150Mg","Tablet","Medicine","Tablet"
"2157","Deriphyllin Retard Tablet 300Mg","Tablet","Medicine","Tablet"
"2158","Deriphyllin Syrup 100Ml","syrup","Medicine","Syrup"
"2159","Deriva Aqu Gel","gel","Medicine","Cream/Ointment"
"8205","Deriva C Gel","cream","Personal Care","Cream/Ointment"
"8254","Deriva Cms","cream","Personal Care","Cream/Ointment"
"8206","Deriva Ms Gel","cream","Personal Care","Cream/Ointment"
"2160","Deriva Ms Gel 15G New","gel","Medicine","Cream/Ointment"
"2161","Deriva-c Gel 15G","cream","Personal Care","Cream/Ointment"
"5849","Derma Treat Soap Free","cream","Personal Care","Cream/Ointment"
"2162","Dermakind Bar Soap","","Personal Care","Unit"
"2163","Dermasole Ceram","","Other","Unit"
"2164","Dermovate Cream 10G","cream","Personal Care","Cream/Ointment"
"2165","Dermovate Ointment 10G","","Medicine","Cream/Ointment"
"2167","Desatrol 5Mg","Tablet","Medicine","Tablet"
"1133","Desatrol Sy","syrup","Medicine","Syrup"
"2166","Deslorat 5Mg Spc","tablet","Medicine","Tablet"
"2168","Deslorats Syrup 60Ml","Syrup","Medicine","Syrup"
"6589","Desodin 5Mg","Tablet","Medicine","Tablet"
"8153","Desodin Syrup 60Ml","syrup","Medicine","Syrup"
"2169","Desowen Cream 0.05% 10G","","Personal Care","Cream/Ointment"
"2180","Detol","liquid","Other","Unit"
"2172","Detol Hand Wash","","Personal Care","Unit"
"2173","Detol L Fresh","","Other","Unit"
"2170","Detol Liquid 210 Ml","Other","Other","Unit"
"2174","Detol Lk 60Ml","","Other","Unit"
"2175","Detol Lk Liquid 110Ml","liquid","Other","Unit"
"2176","Detol Orange Burst 110G","","Other","Unit"
"2177","Detol Plaster","other","Other","Unit"
"2178","Detol Sanitizer 200Ml","","Personal Care","Unit"
"2179","Detol Sanitizer 50Ml","","Personal Care","Unit"
"2171","Detol Soap","soap","Personal Care","Unit"
"2186","Dettol Soap","Other","Personal Care","Unit"
"2181","Dettol 1L","liquid","Other","Unit"
"2182","Dettol 500Ml","Other","Other","Unit"
"2183","Dettol Cool 110G","liquid","Other","Unit"
"6088","Dettol Cool Soap 70G","Other","Personal Care","Unit"
"9364","Dettol Hand Wash 200Ml","other","Personal Care","Unit"
"6077","Dettol Hand Wash 250Ml","Other","Personal Care","Unit"
"2187","Dettol Liquid 100Ml","liquid","Other","Unit"
"6075","Dettol Liquid 110Ml","Other","Other","Unit"
"9365","Dettol Liquid 210Ml","other","Other","Unit"
"6076","Dettol Liquid 60Ml","Other","Other","Unit"
"2185","Dettol Original 110G","","Other","Unit"
"5669","Dettol Plaster","Other","Other","Unit"
"2188","Dettol Small Liquid","liquid","Other","Unit"
"5541","Dewderm Cream","cream","Personal Care","Cream/Ointment"
"2031","Dexamed Syrup 100Ml","syrup","Medicine","Syrup"
"7523","Dexamethasone 0.5Mg (Demasone)","Tablet","Medicine","Tablet"
"2190","Dexaquin 15G","cream","Personal Care","Cream/Ointment"
"6934","Dexrose","others","Other","Unit"
"2189","Dextrose 50%","Tablet","Medicine","Tablet"
"5378","Dextrose 50% Spmc","Other","Other","Unit"
"2130","Dextrose 25%","injection","Medicine","Injection"
"9756","Dextrose 50%","other","Other","Unit"
"2196","Dezor Cream 15G","cream","Personal Care","Cream/Ointment"
"5899","Dezor Plus Shampoo 60Ml","Other","Personal Care","Unit"
"2197","Dezor Shampoo 60Ml","Other","Personal Care","Unit"
"2198","Dh-q-150","Tablet","Medicine","Tablet"
"9703","Dha Forte","Capsule","Medicine","Capsule"
"7500","Di Doc Urea 25%","cream","Personal Care","Cream/Ointment"
"1936","Diab X 500Mg","Other","Other","Unit"
"5127","Diabecon","Tablet","Medicine","Tablet"
"2199","Diabetasol Sweetener Sachets 50S","others","Other","Unit"
"2200","Diabetasol Vanila 180G","Packet","Other","Packet"
"2201","Diabetasol Vanila 360Gm Tin","Tin","Other","Packet"
"2202","Diabose 50","Tablet","Medicine","Tablet"
"2204","Diamicron 80Mg","Tablet","Medicine","Tablet"
"2203","Diamicron Mr 30Mg","Tablet","Medicine","Tablet"
"2205","Diamicron-mr 60Mg","Tablet","Medicine","Tablet"
"2206","Diane-35 Tabs 21 S","Tablet","Medicine","Tablet"
"2207","Dianorm 80Mg","Tablet","Medicine","Tablet"
"5640","Dianorm Od 30","Tablet","Medicine","Tablet"
"2208","Dianorm Od 60Mg","Tablet","Medicine","Tablet"
"2209","Diaper L 10Pcs","","Baby Care","Unit"
"2210","Diaper L 4Pcs","","Baby Care","Unit"
"2211","Diaper M 4Pcs","","Baby Care","Unit"
"2212","Diaper Xxl-xl 10Pcs","","Baby Care","Unit"
"2213","Diapers - Adult M","diapers","Baby Care","Unit"
"2070","Diasure 200G","milk powder","Snack","Unit"
"9167","Diasure 400Gm","other","Other","Unit"
"2214","Diatica Tab 80Mg","Tablet","Medicine","Tablet"
"9401","Diazepam 2Mg Tabs","Tablet","Medicine","Tablet"
"2215","Diazide 40Mg","Tablet","Medicine","Tablet"
"2216","Diazon Cream","cream","Personal Care","Cream/Ointment"
"2217","Dibeta Sr 500 Mg","Tablet","Medicine","Tablet"
"9390","Diclofenac 50Mg Suppo","suppo","Medicine","Unit"
"6834","Diclofenac Jel (Vivian)","jel","Other","Cream/Ointment"
"2218","Diclofenac Potasiumtab 50Mg","Tablet","Medicine","Tablet"
"4182","Diclofenac Suppo 100Mg","suppositories","Medicine","Unit"
"6890","Diclogen Jel 30G","jel","Other","Cream/Ointment"
"7998","Diclokare(diclofanac Jel)","gel","Medicine","Cream/Ointment"
"2221","Diclolab 30G","oth","Other","Unit"
"2225","Dicloran 50Mg","Tablet","Medicine","Tablet"
"2222","Dicloran Gel 20Gm","gel","Medicine","Cream/Ointment"
"2223","Dicloran Gel 50Gm","gel","Medicine","Cream/Ointment"
"2224","Dicloran Sr-75mg","other","Other","Unit"
"9258","Dicloright 50Mg","Tablet","Medicine","Tablet"
"2226","Diclovin 100Mg Suppo","suppositories","Medicine","Unit"
"2219","Diclovin 12.5Mg Suppo","Tablet","Medicine","Tablet"
"2220","Diclovin 25Mg Suppo","Tablet","Medicine","Tablet"
"2141","Diclovin 50 Suppo","suppo","Medicine","Unit"
"2227","Dico Denk 50","","Other","Unit"
"2228","Dicron Tabs 80","","Other","Tablet"
"2230","Digene Gel","Syrup","Medicine","Syrup"
"2232","Digene Tab","Tablet","Medicine","Tablet"
"6031","Digestine 40Mg Tab","Tablet","Medicine","Tablet"
"2233","Digital Thermometer","other","Other","Unit"
"2234","Digusil 170 Ml","Syrup","Medicine","Syrup"
"1611","Dilasal-2","Tablet","Medicine","Tablet"
"2236","Dilcardia 30Mg","Tablet","Medicine","Tablet"
"9667","Dilcardia 60Mg","Tablet","Medicine","Tablet"
"7556","Dilcardia Sr 90Mg","Tablet","Medicine","Tablet"
"7999","Dilcardia Sr 90Mg(spc)","Tablet","Medicine","Tablet"
"2237","Diliner Dr 30Mg","Capsule","Medicine","Capsule"
"2238","Diliner Dr 60Mg","","Other","Unit"
"5703","Diltiazem 30Mg","Tablet","Medicine","Tablet"
"2239","Diltiazem 60Mg","","Other","Unit"
"2240","Diltiazem Sr 90","Tablet","Medicine","Tablet"
"2241","Dilzem -60","Tablet","Medicine","Tablet"
"2242","Dilzem 30Mg","Tablet","Medicine","Tablet"
"2243","Dilzem Sr 90Mg","Tablet","Medicine","Tablet"
"2789","Dimicron Mr 60","Capsule","Medicine","Capsule"
"9672","Dino","other","Other","Unit"
"2244","Diovol Syrup 170Ml","","Medicine","Syrup"
"2245","Diplin 5","Tablet","Medicine","Tablet"
"2246","Diprovate N Cream 10Gm","Other","Personal Care","Cream/Ointment"
"2109","Dipsotrex Oinment","oinment","Other","Unit"
"4752","Dipyridamole Tablet 100Mg","Tablet","Medicine","Tablet"
"2247","Disacodyl Tab (Kamazo)","","Medicine","Tablet"
"2248","Disposable Hair Cap","CAP","Medicine","Capsule"
"5907","Disposible Mask (White)","Other","Other","Unit"
"2249","Disprin","Other","Other","Unit"
"2250","Disuf Cream 2%","cream","Personal Care","Cream/Ointment"
"2251","Disulfiram 250Mg","","Other","Unit"
"2252","Disure Diabetic 400G","milk powder","Snack","Unit"
"2253","Diva Washing Powder 1Kg Jesmin And Lime","","Other","Unit"
"2254","Diva Washing Powder 1Kg Rose And Lime","","Other","Unit"
"2256","Divoltor 50 Mg","Tablet","Medicine","Tablet"
"2255","Divon Cr","Tablet","Medicine","Tablet"
"9577","Dm 1000 Mg","Tablet","Medicine","Tablet"
"1096","Dm 2000Mg New","Tablet","Medicine","Tablet"
"9273","Dm 5000Mg","Tablet","Medicine","Tablet"
"9562","Dm 60000Hd","Tablet","Medicine","Tablet"
"9118","Doedorant 20Ml","other","Other","Unit"
"1065","Dog Belt","other","Other","Unit"
"1097","Dog Belt","belt","Other","Unit"
"1106","Dog Belt","OTHER","Other","Unit"
"1113","Dog Belt","OTHER","Other","Unit"
"6359","Dog Belt","other","Other","Unit"
"3221","Dog Belt 5","other","Other","Unit"
"4031","Dog Belt 6","other","Other","Unit"
"6361","Dog Belt 2","others","Other","Unit"
"6362","Dog Belt 3","others","Other","Unit"
"6366","Dog Belt 4","other","Other","Unit"
"9008","Dog Belt Original","BELT","Other","Unit"
"6360","Dog Belt1","others","Other","Unit"
"2257","Dog Rashout Spray","Spray","Personal Care","Unit"
"6842","Dog Ticksout Spray","Spray","Personal Care","Unit"
"9619","Dolocaine Gel Syrup","syrup","Medicine","Syrup"
"2258","Dolocaine Syrup","syrup","Medicine","Syrup"
"4400","Dolowin Sr 200Mg","Tablet","Medicine","Tablet"
"2259","Dometic Syrup 60Ml","Syrup","Medicine","Syrup"
"2260","Dometic Tabs 10Mg","Tablet","Medicine","Tablet"
"2261","Domilin Syrup","","Medicine","Syrup"
"8349","Domiset Syrup","Syrup","Medicine","Syrup"
"2262","Domlin Tab 10 Mg","","Medicine","Tablet"
"5692","Domoeridone Syrup","Syrup","Medicine","Syrup"
"2263","Domperidone (Medico) 10Mg","Tablet","Medicine","Tablet"
"3048","Domperidone 10Mg","Tablet","Medicine","Tablet"
"2264","Domperidone 10Mg Spc","Tablet","Medicine","Tablet"
"9229","Domperidone Abc","other","Other","Unit"
"9307","Domperidone Syrup","syrup","Medicine","Syrup"
"2266","Domperon 10Mg","Tablet","Medicine","Tablet"
"2265","Domperon Suspention 30Ml","syrup","Medicine","Syrup"
"2267","Dompi Suspension 30Ml","","Other","Unit"
"8239","Domstal 10Mg","Tablet","Medicine","Tablet"
"2269","Dopezil 10 Mg","Tablet","Medicine","Tablet"
"2268","Dopezil 5 Mg","Tablet","Medicine","Tablet"
"2270","Dormicum 7.5Mg","Tablet","Medicine","Tablet"
"2271","Dothip 25","Tablet","Medicine","Tablet"
"2272","Dove Conditioner 180Ml","Other","Personal Care","Unit"
"1462","Dove Conditioner 180Ml","conditionar","Personal Care","Unit"
"2273","Dove Conditioner 80Ml","Other","Personal Care","Unit"
"9382","Dove Growing Hair Conditioner","wash","Personal Care","Unit"
"2274","Dove Hair Shampoo 80Ml","Other","Personal Care","Unit"
"9383","Dove Healthy Growing Conditioner","wash","Personal Care","Unit"
"2275","Dove Intense Repair","","Other","Unit"
"9145","Dove Intense Repair For Damaged Hair 80Ml","other","Other","Unit"
"2277","Dove Shampoo 180Ml","Other","Personal Care","Unit"
"2278","Dove Shampoo Intensive Repair 80Ml","","Personal Care","Unit"
"2276","Dove Shampoo New","shampoo","Personal Care","Unit"
"5667","Doves Original","roll","Other","Unit"
"2279","Doxy Dt 100 Mg","","Medicine","Unit"
"2280","Doxycycline 100Mg (Agidox)","other","Other","Unit"
"2281","Doxyleb 100 Mg","Tablet","Medicine","Tablet"
"4027","Doxymec-dt 100Mg","Tablet.","Medicine","Tablet"
"2282","Doxyn .100Mg","Capsule","Medicine","Capsule"
"9775","Doxyn 100Mg","Capsule","Medicine","Capsule"
"9002","Dozil 5Mg","Tablet","Medicine","Tablet"
"2283","Dp Haler","Inhaler","Medicine","Inhaler"
"7.02172284","Dperon Syrup","syrup","Medicine","Syrup"
"9752","Dr. Rashel Face Wash","face wash","Personal Care","Unit"
"9718","Dr.rashel (Vitamin C ) Face Serum","other","Other","Unit"
"2285","Drapolene Cream","","Personal Care","Cream/Ointment"
"2286","Drazzling Silicone Oil 50Ml","","Other","Unit"
"2298","Dreamron 20Ml 1.0 / 2.0","dye","Other","Unit"
"9151","Dreamron (Algae) Anti Acne Cream 50Ml","other","Personal Care","Cream/Ointment"
"9368","Dreamron 5 Minutes Black Henna","other","Other","Unit"
"2288","Dreamron Color Cream Developer 9%","","Personal Care","Cream/Ointment"
"2290","Dreamron Conditioner 100Ml","others","Personal Care","Unit"
"9140","Dreamron Conditioner 200Ml [Intensive] ]","other","Personal Care","Unit"
"2292","Dreamron Conditioner A100ml","shampoo","Personal Care","Unit"
"2293","Dreamron Conditioner Anti Breakage 200Ml","","Personal Care","Unit"
"2295","Dreamron Deo (Glass)","Bottle","Beverage","Bottle"
"6886","Dreamron Deo-rol-on","others","Other","Unit"
"2287","Dreamron Developer 6%","devaloper","Other","Unit"
"6884","Dreamron Express","dye","Other","Unit"
"6892","Dreamron Face Wash","FACE WASH","Personal Care","Unit"
"2319","Dreamron Face Wash Vit C","FACE WASH","Personal Care","Unit"
"2299","Dreamron Finest Coverage H/ Colour","dye","Other","Unit"
"2300","Dreamron Finest Coverage Hair Color 30Ml 2.0","others","Other","Unit"
"2301","Dreamron Finest Coverage Hair Color 60Ml 1.0","","Other","Unit"
"2302","Dreamron Five Minutes Black Henna 8G","dye","Other","Unit"
"9138","Dreamron Hair Color 6% 60Ml","other","Other","Unit"
"9112","Dreamron Hair Colour (5 Minutes)","other","Other","Unit"
"9553","Dreamron Hair Straightner 160Ml Salon Pack","CERAM","Other","Packet"
"6889","Dreamron Henna","powder","Other","Unit"
"6891","Dreamron Henna Tin","powder","Other","Packet"
"9141","Dreamron King Coconut 200Ml","other","Other","Unit"
"2305","Dreamron Nail Polish Remover 100Ml","sprit","Other","Unit"
"2308","Dreamron Shampoo 100Ml","shampoo","Personal Care","Unit"
"2317","Dreamron Shampoo 200Ml A/d","shampoo","Personal Care","Unit"
"9573","Dreamron Shampoo 80Ml Packet","shampoo","Personal Care","Packet"
"2312","Dreamron Shampoo A/d100ml","others","Personal Care","Unit"
"2307","Dreamron Shampoo Aloevera 200Ml","shampoo","Personal Care","Unit"
"2309","Dreamron Shampoo Amla 200Ml","","Personal Care","Unit"
"2310","Dreamron Shampoo Anti Breakage 100Ml","shampoo","Personal Care","Unit"
"2313","Dreamron Shampoo King Coconut 200Ml","","Personal Care","Unit"
"1676","Dreamron Silicon Oil 100 Ml","silicon oil","Other","Unit"
"2320","Dreamron Silicone Treatment Tonic 25Mll","oil","Other","Unit"
"2321","Dreamron Silicone Treatment Tonic 50Ml","oil","Other","Unit"
"9142","Dreamron Straight Protective Shampoo","shampoo","Personal Care","Unit"
"1088","Drezole B","Cream","Personal Care","Cream/Ointment"
"1303","Drift Ointment","ointment","Medicine","Cream/Ointment"
"10050","Drink Cup","other","Beverage","Unit"
"5887","Dronis","Tablet","Medicine","Tablet"
"2322","Drontal Plus","Other","Other","Unit"
"2324","Droplet 28 G","","Medicine","Unit"
"9034","Droppers","other","Other","Unit"
"2329","Dry Nil Kids","cream","Personal Care","Cream/Ointment"
"9009","Dry Off 10","cream","Personal Care","Cream/Ointment"
"2325","Dry Off 5","cream","Personal Care","Cream/Ointment"
"6840","Dry Oinment","cream","Personal Care","Cream/Ointment"
"2326","Dry Out Soap","soap","Personal Care","Unit"
"2327","Dry Zero 10","cream","Personal Care","Cream/Ointment"
"5537","Drylife Drop","Drop","Other","Drops"
"2330","Dryzero 05","cream","Personal Care","Cream/Ointment"
"2331","Dryzero 10","cream","Personal Care","Cream/Ointment"
"8095","Dualac Satchet","sache","Other","Unit"
"2332","Dubur Hony","","Other","Unit"
"2333","Duinum Tab","","Medicine","Tablet"
"5947","Dulax Tab","Tablet","Medicine","Tablet"
"2334","Dumasules","Capsule","Medicine","Capsule"
"2336","Duo Trav Eye Drop","eye drops","Medicine","Drops"
"2337","Duocard 10Mg","Tablet","Medicine","Tablet"
"5908","Duocard 5Mg","Tablet","Medicine","Tablet"
"2338","Duphaston 10 Mg","Tablet","Medicine","Tablet"
"4572","Duprost0.5mg","Capsule","Medicine","Capsule"
"2339","Duracef Cap 200","Tablet","Medicine","Tablet"
"2340","Duracef Suspention 30Ml","syrup","Medicine","Syrup"
"2341","Duracef Suspention 50Ml","syrup","Medicine","Syrup"
"2342","Duralyn Cr 200Mg","Tablet","Medicine","Tablet"
"","Durex Condom","condoms","Other","Unit"
"2343","Durol 100Ml","Syrup","Medicine","Syrup"
"2344","Durol 200 Ml","","Other","Unit"
"8352","Durol Syrup New","syrup","Medicine","Syrup"
"1093","Dutamax 0.5Mg","capsule","Medicine","Capsule"
"2345","Duzela 20 Mg","Tablet","Medicine","Tablet"
"2346","Duzela 30 Mg","Tablet","Medicine","Tablet"
"2347","Duzela 60","Tablet","Medicine","Tablet"
"2348","Dvt 18 L","","Other","Unit"
"2349","Dvt 18 M","","Other","Unit"
"2350","Dvt S","","Other","Unit"
"2351","Dvt Xl","","Other","Unit"
"2352","Dvt Xs","","Other","Unit"
"2353","Dyana Arm Sling","other","Other","Unit"
"2354","Dylax 5Mg","","Other","Unit"
"2359","Dyna Arm Sling - 1601 S","","Other","Unit"
"2358","Dyna Arm Sling Junior","other","Other","Unit"
"2360","Dyna Carvel L","","Other","Unit"
"2361","Dyna Clavicle Brace","","Other","Unit"
"2355","Dyna Clavicle Brace L","","Other","Unit"
"2356","Dyna Clavicle Brace M","","Other","Unit"
"2362","Dyna Knee Support","knee suport","Other","Unit"
"2363","Dyna Knee Support M","","Other","Unit"
"2364","Dyna Knee Support Xl","knee support","Other","Unit"
"2369","Dyna Lumbo Corset - 1301 Size 34","","Other","Unit"
"2370","Dyna Lumbo Corset - 1301 Size 38","","Other","Unit"
"2365","Dyna Lumbo Corset 32","","Other","Unit"
"2366","Dyna Lumbo Corset 40","","Other","Unit"
"2367","Dyna Lumbo Corset 46","","Other","Unit"
"2368","Dyna Lumbo Corset Size 44","","Other","Unit"
"2371","Dyna Sego Ankle Support","ankle support","Other","Unit"
"2372","Dyna Sego Elbow Support (S)","","Other","Unit"
"2373","Dyna Sego Shoulder Support (L)","","Other","Unit"
"2374","Dyna Sego Shoulder Support (S)","","Other","Unit"
"2375","Dyna Shoulder Immobiliser","","Other","Unit"
"2376","Dyna Shoulder Immobiliser S","","Other","Unit"
"2377","Dyna Soft Cervical Collar","collar","Other","Unit"
"2378","Dyna Soft Cervical Coller L","","Other","Unit"
"2379","Dyna Soft Cervical Coller M","","Other","Unit"
"2380","Dyna Tennis Elbow Support","","Other","Unit"
"2381","Dyna Tubifix-d","","Other","Unit"
"2382","Dynapar Qps Solution 30Ml","Spray","Personal Care","Unit"
"9410","Dytor 10Mg","other","Other","Unit"
"2383","E - 400","","Other","Unit"
"9665","E 400G","Capsule","Medicine","Capsule"
"1477","E C G Gel","gel.","Medicine","Cream/Ointment"
"9220","E Cap 400","Capsule","Medicine","Capsule"
"2384","E Cox 90","","Other","Unit"
"2385","E Nat 400","Capsule","Medicine","Capsule"
"2386","E-cap 400 400Mg","","Medicine","Capsule"
"2387","Ear Plug","other","Other","Unit"
"10009","Ear Plug Silicon","surgical item","Other","Unit"
"2388","Easicath Cathita","","Other","Unit"
"6027","Easy Freinds Adult Diapers (M)","Other","Baby Care","Unit"
"6028","Easy Friends Adult Diapers (L)","Other","Baby Care","Unit"
"2389","Easy Glide","others","Other","Unit"
"2390","Easy Glide Delay","","Other","Unit"
"2396","Easy Pant (L) 8Pcs","Other","Other","Unit"
"2391","Easy Pant 8 M","Other","Other","Unit"
"2392","Easy Pant 8 Xl","Other","Other","Unit"
"2393","Easy Pant Jumbo (M)","Other","Other","Unit"
"2395","Easy Pant Jumbo (Xl)","","Other","Unit"
"2394","Easy Pant Jumbo Xxl","","Other","Unit"
"2398","Easy Wear Adult Diaper L","","Baby Care","Unit"
"2399","Easy Wear Adult Diaper L-xl","","Baby Care","Unit"
"2400","Easy Wear Adult Diaper L-xxl","","Baby Care","Unit"
"2401","Easy Wear Adult Diaper M 10Pcs","Other","Baby Care","Unit"
"5955","Eazy Pant 18Pcs","Other","Other","Unit"
"5956","Eazy Pant 18Pcs L","Other","Other","Unit"
"5957","Eazy Pant 18Pcs Xl","Other","Other","Unit"
"2402","Eazy Pant 8Pcs M","","Other","Unit"
"2403","Eazy Pant 8Pcs S","","Other","Unit"
"2404","Eazy Pants Jumbo(small)","Other","Other","Unit"
"2405","Eco Balm Mosquito Spray 100Ml","Spray","Personal Care","Unit"
"2406","Eco Balm Mosquito Spray 40Ml","","Personal Care","Unit"
"9080","Eco Balm Oil 3Ml","oil","Other","Unit"
"2408","Ecocort Cream 15G","cream","Personal Care","Cream/Ointment"
"7515","Ecolac Syrup 100Ml","Syrup","Medicine","Syrup"
"8156","Econazine Cream","Cream","Personal Care","Cream/Ointment"
"5901","Econazine Cream 20Gm","cream","Personal Care","Cream/Ointment"
"2409","Econopred","","Other","Unit"
"2410","Ecorin 75","Tablet","Medicine","Tablet"
"2411","Ecorin Tabs 150Mg 10 X 10 S","Tablet","Medicine","Tablet"
"2412","Ecosprin 150Mg","Tablet","Medicine","Tablet"
"2413","Ecosprin 75Mg","Tablet","Medicine","Tablet"
"2414","Efatop Pe Cream 60Gm","cream","Personal Care","Cream/Ointment"
"2416","Eg 25Mg","Tablet","Medicine","Tablet"
"2415","Eg 10Mg Tabs","Tablet","Medicine","Tablet"
"2417","Eg-25","","Other","Unit"
"9226","Ejelag 30Mg","other","Other","Unit"
"9232","Ejelag 60Mg","other","Other","Unit"
"2418","Ejelag Inventia 30","","Other","Unit"
"8420","Elasticated Tubular Bandage D","bandage","Other","Unit"
"2419","Elasto Creap 3X5","","Other","Unit"
"2420","Elasto Creap 4X5","none","Other","Unit"
"2421","Elasto Plaster (30Cm)","Other","Other","Unit"
"9219","Elasto Plaster 7.5X4.5","other","Other","Unit"
"6861","Elasto Plaster Surgiband","plaster","Other","Unit"
"4898","Elasto Plaster Us","plaster","Other","Unit"
"9033","Elastro Crepe Bandage 3'","bandage","Other","Unit"
"7636","Elastro Paster Roll","plaster","Other","Unit"
"5924","Eligi Thel","Other","Other","Unit"
"2422","Ellgy Corns & Warts","liquid","Other","Unit"
"2423","Ellgy Plus 50G","Other","Other","Unit"
"2424","Elnova Lumbo Corset S","bandage","Other","Unit"
"2425","Elocid","","Other","Unit"
"5572","Elocid 20Mg","Capsule","Medicine","Capsule"
"2426","Elomet Cream 5G","cream","Personal Care","Cream/Ointment"
"2427","Elovera Cream 50G","","Personal Care","Cream/Ointment"
"2428","Eltus-h Syrup","syrup","Medicine","Syrup"
"8160","Elzer 5Mg","Tablet.","Medicine","Tablet"
"2429","Elzer 5Mg","","Other","Unit"
"2430","Emami 7 Oils In One 100Ml","Other","Other","Unit"
"2431","Emami 7 Oils In One 50Ml","oil","Other","Unit"
"9558","Emami 7Oil In One 200Ml","oil","Other","Unit"
"2434","Emami Amla Plus 100Ml","oil","Other","Unit"
"9690","Emami Amla Plus 200Ml","oil","Other","Unit"
"2432","Emami Amla Plus 50Ml","oil","Other","Unit"
"9124","Emami F&h Oil Control Cream 25G","cream","Personal Care","Cream/Ointment"
"2435","Emami Face Wash Gents","FACE WASH","Personal Care","Unit"
"2437","Emami Fair And Handsom 15G","cream","Personal Care","Cream/Ointment"
"99999","Emami Fair And Handsome 30Gm","other","Other","Unit"
"10000","Emami Fair And Handsome 60Gm","other","Other","Unit"
"9524","Emami Fair And Handsome Advance Oil Control Cream","cream","Personal Care","Cream/Ointment"
"9139","Emami Fair And Teens","other","Other","Unit"
"5262","Emami He Body Perfume","perfume","Personal Care","Unit"
"5261","Emami He Body Spray","prefume","Personal Care","Unit"
"5970","Emami Kesh King Oil","oil","Other","Unit"
"5971","Emami Kesh King Oil 100Ml","oil","Other","Unit"
"10001","Emami Oil Cotrol 25Gm","other","Other","Unit"
"2439","Emcon Pill 1","Tablet.","Medicine","Tablet"
"2440","Emeset Tab 4Mg","","Medicine","Tablet"
"6155","Emfogen 25Mg","Tablet","Medicine","Tablet"
"10042","Emglin 10 Mg","Tablet","Medicine","Tablet"
"2441","Emglin 25Mg","Tablet","Medicine","Tablet"
"2443","Emistat 4Mg","Tablet","Medicine","Tablet"
"2442","Emistat Syrup","syrup","Medicine","Syrup"
"2444","Emitop 10Mg","Tablet","Medicine","Tablet"
"2445","Emla 5% Cream","cream","Personal Care","Cream/Ointment"
"2446","Emo-d Cream 50Mg","","Personal Care","Cream/Ointment"
"5825","Emoderm Cream","cream","Personal Care","Cream/Ointment"
"2447","Emodium Caps","","Other","Unit"
"2448","Emordem Cream","","Personal Care","Cream/Ointment"
"2449","Empa 10","Tablet","Medicine","Tablet"
"8054","Empa 25Mg","Tablet","Medicine","Tablet"
"2451","Empa Mama","","Other","Unit"
"9786","Empaglo 10Mg","Tablet","Medicine","Tablet"
"9785","Empaglo 25Mg","Tablet","Medicine","Tablet"
"2899","Empamor 10Mg","tablets","Other","Unit"
"8345","Empamor 25Mg","Tablet","Medicine","Tablet"
"2450","Empavic 10 Mg","Tablet","Medicine","Tablet"
"7596","Empavic 25Mg","Tablet","Medicine","Tablet"
"2452","Empazin 10 Mg","Tablet","Medicine","Tablet"
"7590","Empiget 10Mg","Capsule","Medicine","Capsule"
"7591","Empiget 25Mg","Capsule","Medicine","Capsule"
"9196","Emprez 20Mg","other","Other","Unit"
"9197","Emprez 40Mg","other","Other","Unit"
"8026","Emtan 50Mg","Tablet","Medicine","Tablet"
"8061","Emulsifying Cream","oinment","Personal Care","Cream/Ointment"
"2453","Emulsifying Oinment","Other","Other","Unit"
"5643","Emzin 10Mg","Tablet","Medicine","Tablet"
"8158","Emzin 25Mg","Tablet","Medicine","Tablet"
"2454","Emzole Cream 15Mg","cream","Personal Care","Cream/Ointment"
"2455","Emzole F Ointment 15Gm","cream","Personal Care","Cream/Ointment"
"5559","Enalapril 10Mg Tablet (Spc)","Tablet","Medicine","Tablet"
"2456","Enalapril Maleate Tab (Spc) 10Mg","Tablet","Medicine","Tablet"
"2457","Enalapril Maleate Tab (Spc) 5Mg","Tablet","Medicine","Tablet"
"2458","Enam 10 Mg","","Medicine","Unit"
"2459","Enam 5 Mg","Tablet","Medicine","Tablet"
"2460","Enarvon C","","Other","Unit"
"2463","Enchanteur Body Lotion","Other","Personal Care","Cream/Ointment"
"2464","Enchanteur Colomge 120G","Other","Other","Unit"
"2462","Enchanteur Deodoran 50Ml","Other","Other","Unit"
"2461","Enchanteur Powder","Other","Other","Unit"
"1792","Encilor 10","Tablet","Medicine","Tablet"
"2465","Encorate 200 Mg","Tablet","Medicine","Tablet"
"2468","Encorate Chrono 200 Mg","Tablet","Medicine","Tablet"
"2466","Encorate Chrono 300 Mg","Tablet","Medicine","Tablet"
"2467","Encorate Chrono 500 Mg","Tablet","Medicine","Tablet"
"2469","Enderm Cream 15Gm","cream","Personal Care","Cream/Ointment"
"2944","Enderm Gm","cream","Personal Care","Cream/Ointment"
"2471","Enderm Ointment 15Gm","ointment","Medicine","Cream/Ointment"
"2472","Enderm-g Cream 15G","","Personal Care","Cream/Ointment"
"2473","Energy Drink","","Beverage","Unit"
"5554","Enervon C 30S","syrup","Medicine","Syrup"
"2474","Enervon Hp Vanila 400G","","Other","Unit"
"5913","Enfagrow A+3","milk powder","Snack","Unit"
"5914","Enfagrow A+4","milk powder","Snack","Unit"
"2476","Enfamama A+","milk powder","Snack","Unit"
"5911","Enfamil A+1","milk powder","Snack","Unit"
"5912","Enfamil A+2","TIN","Other","Packet"
"4868","Enfomama","milk powd","Beverage","Unit"
"2477","Enhancin 156.25 Syrup","Syrup","Medicine","Syrup"
"2478","Enhancin 375","Tablet","Medicine","Tablet"
"2479","Enhancin 625","Tablet","Medicine","Tablet"
"2480","Enium 20 Mg","","Medicine","Unit"
"9403","Eno Fruit Salt 5G (Orange Flavour)","other","Other","Unit"
"2481","Eno Powder Orange 5G","other","Other","Unit"
"5285","Enogra 100Mg","Tablet","Medicine","Tablet"
"2482","Ensome","","Other","Unit"
"4807","Ensure New","milk powder","Snack","Unit"
"2483","Ensure Powder Vanila 400G","milk powder","Snack","Unit"
"5318","Enter Dental Brush","brush","Other","Unit"
"6666","Entrasol 400G","milk powder","Snack","Unit"
"2484","Envas 10","Tablet","Medicine","Tablet"
"2485","Envas 5","Tablet","Medicine","Tablet"
"2486","Envilop (Medicine) L","","Other","Unit"
"2487","Envilop (Medicine) S","","Other","Unit"
"2488","Enzoxid 2.5 Gel","Other","Medicine","Cream/Ointment"
"2489","Enzoxid 5 Gel 20Gm","","Medicine","Cream/Ointment"
"2490","Epert Shampoo","","Personal Care","Unit"
"2491","Epiduo Gel 15G","","Medicine","Cream/Ointment"
"2492","Epiklin Lotion 15Ml","","Personal Care","Cream/Ointment"
"2493","Epilim 200","Tablet","Medicine","Tablet"
"8143","Epimate 25Mg","Tablet","Medicine","Tablet"
"8144","Epimate 50Mg Ex","Tablet","Medicine","Tablet"
"7639","Epipil 500Mg","Tablet","Medicine","Tablet"
"2494","Epnone 25Mg","Tablet","Medicine","Tablet"
"7583","Epo 1000Mg","Capsule","Medicine","Capsule"
"2495","Eposoft 1000Mg","Tablet","Medicine","Tablet"
"2496","Eposprin 150","","Other","Unit"
"2497","Eptoin 100Mg","Tablet","Medicine","Tablet"
"2498","Equal Serolol","","Other","Unit"
"2499","Equate Hand Sanitizer 500Ml","","Personal Care","Unit"
"2500","Equl Sweeter Tablet","","Medicine","Tablet"
"2501","Equl Sweetner Shese","","Other","Unit"
"2502","Era Dn","","Other","Unit"
"5885","Eradn 60Mg","Tablet","Medicine","Tablet"
"5925","Erandu Thel","Other","Other","Unit"
"10054","Eraser","othes","Other","Unit"
"1197","Erox 500Mg","Capsule","Medicine","Capsule"
"2504","Erox Kid 125Mg","","Other","Unit"
"2505","Eryn Gel","gel","Medicine","Cream/Ointment"
"2506","Erythrocin Syrup 100Ml","Syrup","Medicine","Syrup"
"2507","Erythrocin Tab 250Mg","Tablet","Medicine","Tablet"
"8094","Erythromycin 250Mg","Tablet","Medicine","Tablet"
"2508","Erythromycin 500Mg","Tablet","Medicine","Tablet"
"3538","Es-loprot 20Mg","tablet","Medicine","Tablet"
"7501","Es-loprot 40Mg","cream","Personal Care","Cream/Ointment"
"2509","Esay Pant 12 S","","Other","Unit"
"2510","Esay Pant Xxl","","Other","Unit"
"2511","Esomac 20Mg","Tablet","Medicine","Tablet"
"9178","Esomac 40Mg","other","Other","Unit"
"2515","Esome 40Mg","Capsule","Medicine","Capsule"
"8138","Esomeprazole 20Mg (Spc)","Tablet","Medicine","Tablet"
"7512","Esomivin 40Mg","Tablet","Medicine","Tablet"
"2518","Esoral 20","Tablet","Medicine","Tablet"
"2519","Esoral 40","Tablet","Medicine","Tablet"
"2521","Esozole 40G (Spc)","Tablet","Medicine","Tablet"
"2522","Esperal 250 Mg","Tablet","Medicine","Tablet"
"7571","Espra Cap 20Mg Expire","Capsule","Medicine","Capsule"
"7570","Espra Cap 40Mg Expired","Capsule","Medicine","Capsule"
"2523","Estazol-400","Tablet","Medicine","Tablet"
"2524","Esy Pant Jumbo Large","","Other","Unit"
"2525","Etatop Pe Cream 60 G","","Personal Care","Cream/Ointment"
"10095","Eto 60","Tablet","Medicine","Tablet"
"10097","Eto 90","Tablet","Medicine","Tablet"
"5691","Etoricoxib 60Mg (Spc)","Tablet","Medicine","Tablet"
"7538","Etoshine 90","Tablet","Medicine","Tablet"
"1046","Etrax 40Mg","Tablet","Medicine","Tablet"
"9228","Euca Powder 90G","other","Other","Unit"
"2526","Euglim 2","Tablet","Medicine","Tablet"
"2527","Euglim 4","Tablet","Medicine","Tablet"
"2528","Europyl - Kit","Tablet","Medicine","Tablet"
"9187","Euthyrox 50Mg","Tablet","Medicine","Tablet"
"9179","Euthyrox 100Mg","other","Other","Unit"
"9186","Euthyrox 25Mg","Tablet","Medicine","Tablet"
"2529","Eva","other","Other","Unit"
"9363","Eva 10","other","Other","Unit"
"2530","Eva Cotton Feel Wing Sachets","othres","Other","Unit"
"5966","Eva Cotton Feel Wings 20S","Other","Other","Unit"
"9095","Eva Dritex Wings (08 Pads)","other","Other","Unit"
"9096","Eva Dritex Wings 16Pds","other","Other","Unit"
"2533","Eva Dry Text","Other","Other","Unit"
"5965","Eva Drytex Wings 8S(24x1)","Other","Other","Unit"
"2535","Eva Femine Wash","others","Personal Care","Unit"
"2534","Eva Loop","other","Other","Unit"
"9567","Eva Stan 8Regular","pants","Other","Unit"
"2531","Eva Ultima Wings","Other","Other","Unit"
"2537","Evecare","","Other","Unit"
"2538","Everrose","","Other","Unit"
"8086","Everyday Fish Oil","CAP","Medicine","Capsule"
"2541","Evion 200Mg","Tablet","Medicine","Tablet"
"2540","Evion 400","Capsule","Medicine","Capsule"
"2539","Evion 600Mg","Tablet","Medicine","Tablet"
"2542","Evirose 400","","Other","Unit"
"9693","Evon Anti-wash Facial Wash","face wash","Personal Care","Unit"
"9129","Evon Cleansing Cream","cream","Personal Care","Cream/Ointment"
"9692","Evon Deodorant 30Ml","other","Personal Care","Unit"
"9694","Evon Shampoo (Anti-dandruff) 100Ml","shampoo","Personal Care","Unit"
"9695","Evon Shampoo (Shine & Glow)","shampoo","Personal Care","Unit"
"9696","Evon Silicone Conditiner 35Ml","other","Other","Unit"
"4644","Evosart 40Mg","Tablet","Medicine","Tablet"
"8382","Evox 400","Capsule","Medicine","Capsule"
"7537","Ewon Vitamin E 400Mg","Capsule","Medicine","Capsule"
"95103","Exactive Easy","Other","Other","Unit"
"2543","Exalyn Syrup 120Ml","","Medicine","Syrup"
"9345","Excellence","Tablet","Medicine","Tablet"
"2544","Exercise Ball","other","Other","Unit"
"6233","Exocin Eye Drop","eye drops","Medicine","Drops"
"2545","Exocin_ 5Ml","","Other","Unit"
"2546","Exopred 5 Ml","","Other","Unit"
"9319","Exopred Eye Drop","other","Other","Drops"
"2547","Expert Budy Shampoo","","Personal Care","Unit"
"2549","Eye Cup","","Other","Unit"
"2551","Eye Pad","Other","Other","Unit"
"2552","Eye Shield","","Other","Unit"
"2980","Eye Wash Cup","wash cup","Personal Care","Unit"
"4639","Ezemibe 10Mg","Tablet","Medicine","Tablet"
"2553","Ezita 10Mg","Tablet","Medicine","Tablet"
"2554","Ezium 20 Mg","Tablet","Medicine","Tablet"
"2555","Ezium 40Mg","Tablet","Medicine","Tablet"
"1508","Ezy Wax","oinment","Other","Unit"
"2556","F Clodax 500","","Other","Unit"
"2557","F-a-one 1Mg","Tablet","Medicine","Tablet"
"2558","F2zn","","Other","Unit"
"8028","Fa One","Tablet","Medicine","Tablet"
"9089","Face Care 12.5G","other","Other","Unit"
"6576","Face Fresh Gold","cream","Personal Care","Cream/Ointment"
"2559","Face Mask Osura","","Other","Unit"
"2560","Face Sheild","Other","Other","Unit"
"5860","Face Tissue","Other","Other","Unit"
"5605","Facia Advanced","Capsule","Medicine","Capsule"
"9259","Facia Capsule","Capsule","Medicine","Capsule"
"2561","Facia Day Cream","cream","Personal Care","Cream/Ointment"
"2562","Facia Day Radiance","","Other","Unit"
"2563","Facia Face Wash","Other","Personal Care","Unit"
"2564","Facia Gold Applicap","Capsule","Medicine","Capsule"
"2565","Facia Men","cream","Personal Care","Cream/Ointment"
"6956","Facia Night Cream 50G","cream","Personal Care","Cream/Ointment"
"2567","Facia Premi Night","","Other","Unit"
"2569","Facia Premium Caps","Capsule","Medicine","Capsule"
"2568","Facia Premium Day Cream","Ctram","Personal Care","Cream/Ointment"
"2566","Facia Premium Night Cream","cream","Personal Care","Cream/Ointment"
"2572","Facid Hc Cream","","Personal Care","Cream/Ointment"
"2573","Fadna Green Tea","","Beverage","Unit"
"2574","Fadna Shape Up","other","Other","Unit"
"2575","Fadna Tummy Tea","Other","Beverage","Unit"
"2576","Fainess Deodrens","","Other","Unit"
"2579","Fair & Lovely Advance Multi Vitamin 50G","Other","Other","Unit"
"2587","Fair & Lovely Advanced M/v 15G","cream","Personal Care","Cream/Ointment"
"2580","Fair & Lovely Advanced Multy Vitamin 50G","Other","Other","Unit"
"2581","Fair & Lovely Ayurvedic Cream 25G","Other","Personal Care","Cream/Ointment"
"2577","Fair & Lovely Fw","Other","Other","Unit"
"2582","Fair & Lovely Fw Ayurvedic Care 25G","cream","Personal Care","Cream/Ointment"
"2583","Fair & Lovely Fw Ayurvedic Care 50G","","Other","Unit"
"2584","Fair & Lovely Fw Ayurvedic Care Natural Glow","face wash","Personal Care","Unit"
"9150","Fair & Lovely Glow & Lovely Face Wash","other","Personal Care","Unit"
"2585","Fair & Lovely Instanse Glow Cleanup","cream","Personal Care","Cream/Ointment"
"2588","Fair & Lovely Men Anti Marks","","Other","Unit"
"2589","Fair & Lovely Men Anti Marks 25G","","Other","Unit"
"9372","Fair & Lovely Men Face Wash 50G","other","Personal Care","Unit"
"9378","Fair & Lovely Mens Fairness 50G","cream","Personal Care","Cream/Ointment"
"2591","Fair & Lovely Mens Instant Fairness","","Other","Unit"
"2592","Fair & Lovely Multi Vitamin 25G","cream","Personal Care","Cream/Ointment"
"2578","Fair & Lovely Multivitamin Fw50g","Other","Other","Unit"
"2593","Fair & Lovely Pollution Cleanup","","Other","Unit"
"2594","Fair & Lovely Sun Protect 25G","","Other","Unit"
"9711","Fair & Natural Face Wash 100Ml","face wash","Personal Care","Unit"
"2595","Fair And Natural Cream","","Personal Care","Cream/Ointment"
"8336","Fairness Face Wash Saffron (Aurica)","other","Personal Care","Unit"
"6018","Fal Ayurvedic 25G","Other","Other","Unit"
"2596","Famo D 40Mg","Tablet","Medicine","Tablet"
"2597","Famo-d 20Mg","Tablet","Medicine","Tablet"
"2598","Famocid 20Mg","tab","Medicine","Tablet"
"2599","Famocid Tabs 40Mg","Tablet","Medicine","Tablet"
"2570","Famostar 20Mg","Tablet","Medicine","Tablet"
"8209","Famostar 40Mg","Tablet","Medicine","Tablet"
"2600","Famotadine 20 Mg (Spc)","Tablet","Medicine","Tablet"
"7604","Famotadine 40Mg (Belco)","Tablet","Medicine","Tablet"
"8032","Famotidine 20Mg(spmc)","Tablet","Medicine","Tablet"
"2601","Fangicon 150","","Other","Unit"
"3949","Farlin Baby Diaper M 4 Pcs","Diapers","Baby Care","Unit"
"5648","Farlin Baby Diaper Single","diapers","Baby Care","Unit"
"4585","Farlin Baby Diapers M 16 Pcs","Diapers","Baby Care","Unit"
"8174","Farlin Bottle (B)","Other","Beverage","Bottle"
"8175","Farlin Bottle (G)","other","Beverage","Bottle"
"8176","Farlin Bottle Glass (M)","Other","Beverage","Bottle"
"8177","Farlin Bottle Glass (S)","Other","Beverage","Bottle"
"8235","Farlin Bottle Glass Newborn (Ss)","Bottle","Beverage","Bottle"
"8423","Farmcin Skin Creamnew","cream","Personal Care","Cream/Ointment"
"2605","Fashion Mask","","Other","Unit"
"2606","Fastaid Gel","","Medicine","Cream/Ointment"
"7558","Fastum Gel 10G","gel","Medicine","Cream/Ointment"
"2608","Fastum Gel 15Gm","gel","Medicine","Cream/Ointment"
"2607","Fastum Gel 30Gm","gel","Medicine","Cream/Ointment"
"4758","Febulas 40Mg","Tablet.","Medicine","Tablet"
"2609","Fecare","","Other","Unit"
"2610","Fecare Syrup 200Ml","","Medicine","Syrup"
"2611","Feck 100","Tablet","Medicine","Tablet"
"5722","Feck Sr 200Mg","Tablet","Medicine","Tablet"
"4312","Feeding Bottel","others","Other","Unit"
"4311","Feeding Bottel Handle 120Ml","other","Other","Unit"
"2612","Feeding Bottle","baby item","Baby Care","Bottle"
"3512","Feeding Bottle","Other","Beverage","Bottle"
"3516","Feeding Bottle","Bottle","Beverage","Bottle"
"9163","Feeding Bottle (Morison) 120Ml","other","Beverage","Bottle"
"9162","Feeding Bottle (Morison) With Handle 120Ml","other","Beverage","Bottle"
"9161","Feeding Bottle (Morison) 240Ml","other","Beverage","Bottle"
"9158","Feeding Bottle (Morison) Baby 120Ml","other","Baby Care","Bottle"
"9157","Feeding Bottle (Morison) With Handle 240Ml","other","Beverage","Bottle"
"2613","Feeding Bottle Glass 240Ml","bottle","Beverage","Bottle"
"2614","Feeding Cup Set","others","Other","Unit"
"2615","Feet Pro Cream","","Personal Care","Cream/Ointment"
"2616","Fefol","","Other","Unit"
"2617","Fefol Caps","CAP","Medicine","Capsule"
"2618","Feliz 20Mg","Tablet","Medicine","Tablet"
"2619","Femilon Tab","Tablet","Medicine","Tablet"
"5315","Femoston 1/10Mg","Tablet","Medicine","Tablet"
"7578","Femoston 2/10Mg","Tablet","Medicine","Tablet"
"7530","Femoston Mono 1Mg","Tablet","Medicine","Tablet"
"3257","Femoston Mono 2Mg","Tablet","Medicine","Tablet"
"5897","Fems Active Slim Pack Pink","Other","Other","Packet"
"2622","Fems Active Slim Wininig Dry Tex 10","Tablet","Medicine","Tablet"
"2623","Fems Cotton Feel","others","Other","Unit"
"5799","Fems Supirio Hevy Flow","Other","Other","Unit"
"5794","Fems Ultra Dry Packet","Other","Other","Packet"
"2625","Fems Ultra Dry Sache","Other","Other","Unit"
"2626","Fems Ultra Soft Cotton Feel 10S","Other","Other","Unit"
"2627","Fenadin 120 Mg","","Medicine","Unit"
"2628","Fenadin 60","","Other","Unit"
"2629","Fenochol 67","Tablet","Medicine","Tablet"
"2630","Fenofibrate 200Mg (Spc)","Tablet","Medicine","Tablet"
"9607","Feros 200Mg","Tablet","Medicine","Tablet"
"5655","Ferosoft-fa","Tablet","Medicine","Tablet"
"2633","Ferotab","","Other","Unit"
"5327","Ferrium","Vitamin","Other","Unit"
"1090","Ferrous Sulphate200mg(alvita)","Tablet","Medicine","Tablet"
"6854","Ferrovit","Capsule","Medicine","Capsule"
"4635","Fert","vitamin","Other","Unit"
"2634","Ferup Plus Cap","Tablet","Medicine","Tablet"
"1075","Ferup Sg","Vitamin","Other","Unit"
"2636","Fexet 120Mg","Tablet","Medicine","Tablet"
"2637","Fexet 180Mg","Tablet","Medicine","Tablet"
"9709","Fexet 30Mg","Tablet","Medicine","Tablet"
"2639","Fexet 60 Mg","Tablet","Medicine","Tablet"
"2640","Fexico 120","Tablet","Medicine","Tablet"
"9013","Fexico 180Mg","Tablet","Medicine","Tablet"
"2641","Fexigra 120","Tablet","Medicine","Tablet"
"2642","Fexigra 180","Tablet","Medicine","Tablet"
"5696","Fexofenadine 180Mg","Tablet","Medicine","Tablet"
"9207","Fexofred 120Mg","other","Other","Unit"
"9208","Fexofred 180Mg","other","Other","Unit"
"8073","Fexona Syrup","Syrup","Medicine","Syrup"
"2644","Filfresh 3 Mg","","Medicine","Unit"
"100022","Fill Cutter","Other","Other","Unit"
"2645","Filter Mask","","Other","Unit"
"2646","Filter Mask H","","Other","Unit"
"2647","Finast Tabs 5Mg","Tablet","Medicine","Tablet"
"2648","Fincar 5Mg","Tablet","Medicine","Tablet"
"2650","Finetex Bandage 7.5X9","","Other","Unit"
"8365","Finetex Crape Bandage 7.5Cm*9m","other","Other","Unit"
"8366","Finetex Crape Bandage 9Cmx9m","Other","Other","Unit"
"6252","Finger Brush No.2","others","Other","Unit"
"10053","Fire Candle","others","Other","Unit"
"2652","Firmac 250Mg","Tablet","Medicine","Tablet"
"2653","First Aid Box Plastic","Other","Other","Packet"
"2654","First Aid Box Portable","box","Other","Packet"
"2655","First Aid Large Box Plastic","Other","Other","Packet"
"2656","Fish Brest Pump","","Other","Unit"
"2657","Fixon Powder","powder","Other","Unit"
"2658","Fizzy Orange 330Ml","","Other","Unit"
"2660","Flagyl 400 Mg","Tablet","Medicine","Tablet"
"9754","Flamingo Adult Diaper M","diaper","Baby Care","Unit"
"2661","Flanax Pain Relieving Gel","","Medicine","Cream/Ointment"
"2662","Flanil Cream 30G","cream","Personal Care","Cream/Ointment"
"2663","Flarex 5 Ml","","Other","Unit"
"2664","Flask 450 Ml","","Other","Unit"
"9303","Flemnil Syrup 120Ml","syrup","Medicine","Syrup"
"8082","Fleximax","Capsule","Medicine","Capsule"
"2665","Flexy Gel 20Gm","","Medicine","Cream/Ointment"
"2666","Flohalr Dry Powder","","Other","Unit"
"2667","Flomist Nasal Spray 100 Ml","Inhaler","Personal Care","Drops"
"2668","Floragut","","Other","Unit"
"2669","Floricot 100","","Other","Unit"
"2670","Florozil Opthamatic Suspetion 5 Ml","","Other","Unit"
"10048","Flower Candle","others","Other","Unit"
"10049","Flower Candle Melody","others","Other","Unit"
"2671","Flowhaler","haler","Other","Unit"
"5993","Flowhaler Dry Powder Inhaler","Other","Medicine","Inhaler"
"2672","Flowrap 4Mg","Capsule","Medicine","Capsule"
"2673","Flowrap 8Mg","Capsule","Medicine","Capsule"
"2674","Flubiotic 250","Tablet","Medicine","Tablet"
"2675","Flubiotic 500","Tablet","Medicine","Tablet"
"2676","Flubiotic Suspension 100Ml","","Other","Unit"
"7617","Flucaz 150Mg","Capsule","Medicine","Capsule"
"2677","Fluclox 500","other","Other","Unit"
"2068","Flucloxil 500Mg","Capsule","Medicine","Capsule"
"8224","Flucloxil Dry Syrup","syrup","Medicine","Syrup"
"2679","Flucort Mz","cream","Personal Care","Cream/Ointment"
"2069","Flucreme Nm Cream","others","Personal Care","Cream/Ointment"
"2680","Fludan Caps","Tablet","Medicine","Tablet"
"2681","Flugal 150","","Other","Unit"
"5615","Flumetol 250 Inhaler New","Inhaler","Medicine","Inhaler"
"2682","Flumetol Inhaler 250","Inhaler","Medicine","Inhaler"
"2683","Flumigra 10 Mg","","Medicine","Unit"
"2684","Flunarin 10","Tablet","Medicine","Tablet"
"2685","Flunarin 5","Tablet","Medicine","Tablet"
"2686","Fluoritop 160Ml","MOUTH WASH","Personal Care","Unit"
"2687","Fluoxetine (Spc) 20Mg","Tablet","Medicine","Tablet"
"2602","Fluritop 160Mg","MOUTH WASH","Personal Care","Unit"
"2688","Flusort Nasal Spray","","Personal Care","Drops"
"2689","Flutex 20Mg","Capsule","Medicine","Capsule"
"2690","Flutiair Ft 6 Mg","","Medicine","Unit"
"2691","Fluticone Nasal Spray","nasal spray","Personal Care","Drops"
"2692","Flutihale Dpi 250","Tablet","Medicine","Tablet"
"2693","Flutihale Dpi Cap 500","Tablet","Medicine","Tablet"
"9177","Flutihale Ns 50","other","Other","Unit"
"2694","Flutimate 250 Dp","Tablet","Medicine","Tablet"
"2695","Flutimate 500","Tablet","Medicine","Tablet"
"2696","Flutimate Ns","Other","Other","Unit"
"5645","Flutisal 500Mg","Tablet","Medicine","Tablet"
"2697","Flutivent 250 Mdi","other","Other","Unit"
"2698","Flutivent 500Mg","other","Other","Unit"
"2699","Flutol 250 Inhaler","","Medicine","Inhaler"
"2700","Fluzec Cream","","Personal Care","Cream/Ointment"
"6094","Fly Bait","Other","Other","Unit"
"2701","Fml Eye Drop","eye drops","Medicine","Drops"
"2702","Foban Cream 5G","Other","Personal Care","Cream/Ointment"
"5900","Foban Hydro Cream 5Gm","cream","Personal Care","Cream/Ointment"
"9221","Foban Ointment","oinment","Medicine","Cream/Ointment"
"2703","Fobancort Cream 5G","Other","Personal Care","Cream/Ointment"
"4504","Fogg Body Spray","other","Personal Care","Unit"
"5549","Fogg Spray","SPRAY","Personal Care","Unit"
"2704","Folee 1","Tablet","Medicine","Tablet"
"2705","Foleys Catheter 18Fr","Other","Other","Unit"
"2706","Foli 1Mg","","Other","Unit"
"7513","Folic Acid (Tesha-1)expire","Tablet","Medicine","Tablet"
"8229","Folic Acid New","Tablet","Medicine","Tablet"
"2707","Folic Acid Tab (Spmc) 1Mg","Tablet","Medicine","Tablet"
"2708","Folinz-1","Tablet","Medicine","Tablet"
"2709","Folistim 50Mg","Tablet","Medicine","Tablet"
"2710","Folly Ghathita 16","","Other","Unit"
"2711","Folwin","","Other","Unit"
"6529","Food Macking Set","other","Other","Unit"
"2714","Foot Cream","other","Personal Care","Cream/Ointment"
"2713","Foot Cream 100 G 4Ever","other","Personal Care","Cream/Ointment"
"2715","Foot Kio Cream","","Personal Care","Cream/Ointment"
"9644","Foracne Soap","soap","Personal Care","Unit"
"2717","Foracort 200 Dp","Capsule","Medicine","Capsule"
"2716","Foracort 200 Inhaler","Inhaler","Medicine","Inhaler"
"2718","Foracort 400 Dp","Tablet","Medicine","Tablet"
"9173","Foracort 400 Mdi","other","Other","Unit"
"2720","Foracort Inhaler 100","Inhaler","Medicine","Inhaler"
"1081","Foracort Inhaler 100 New","inhaler","Medicine","Inhaler"
"2721","Forair Hfa Inhaler 250","","Medicine","Inhaler"
"2722","Forb 400(Newr)","","Other","Unit"
"2723","Forceval Cap","Capsule","Medicine","Capsule"
"5941","Formahale Inhaler 200Mg","Inhaler","Medicine","Inhaler"
"2727","Formavent 400 Mg","","Medicine","Unit"
"2728","Formohale 200","capsules","Other","Capsule"
"9193","Formohale 200Mg","other","Other","Unit"
"2729","Formohale Dpi Cap 400","Capsule","Medicine","Capsule"
"7595","Formonide 200 Mdi","Inhaler","Medicine","Inhaler"
"2730","Formonide 200 Mg","Capsule","Medicine","Capsule"
"2731","Formonide 400","","Other","Unit"
"2732","Formonide Hfa Inhaler 400Mcg","Inhaler","Medicine","Inhaler"
"2733","Formovent 400","other","Other","Unit"
"8196","Forscar Scar Gel","cream","Personal Care","Cream/Ointment"
"2734","Fortide Inhaler Expire","other","Medicine","Inhaler"
"2735","Fos Tine 75 Iu","","Other","Unit"
"2736","Frabex 500 Mg","","Medicine","Unit"
"8424","Framcin Skin Cream","cream","Personal Care","Cream/Ointment"
"8197","Fredcal 500","Tablet","Medicine","Tablet"
"2738","Free Style Machine","","Other","Unit"
"2739","Free Style Strips","Other","Other","Unit"
"2740","Freestyle Lancet","Other","Other","Unit"
"9416","Freestyle Optium Gluco Meter","other","Other","Unit"
"2741","Freind Daiper S","","Other","Unit"
"9654","Fresh & White Beauty Cream","cream","Personal Care","Cream/Ointment"
"9653","Fresh & White Body Lotion","Lotion","Personal Care","Cream/Ointment"
"9738","Fresh & White Face Wash","face wash","Personal Care","Unit"
"9652","Fresh & White Face Wash 125Ml","face wash","Personal Care","Unit"
"9651","Fresh & White Serum","liquid","Other","Unit"
"9010","Fresh On","cream","Personal Care","Cream/Ointment"
"6574","Fresh&white; Beauty Serum.","cream","Personal Care","Cream/Ointment"
"8911","Fresh&white; Beauty Soap","soap","Personal Care","Unit"
"6585","Fresh&white; Body Lotion","Lotion","Personal Care","Cream/Ointment"
"6570","Fresh&white; Face Wash","other","Personal Care","Unit"
"8430","Friends Diaper (M)","diapers","Baby Care","Unit"
"6849","Friends Diaper M","others","Baby Care","Unit"
"4170","Friends Diaper Pants (L)","diapers","Baby Care","Unit"
"4171","Friends Diaper Pants (M)","diapers","Baby Care","Unit"
"4169","Friends Diaper Pants (Xl)","diapers","Baby Care","Unit"
"9415","Friends Diaper Xl","other","Baby Care","Unit"
"2745","Friends Diaper Xl Single","others","Baby Care","Unit"
"8431","Friends Diapers( S)","diapers","Baby Care","Unit"
"2746","Frinds Daiper Large","","Other","Unit"
"2747","Frisium 10","other","Other","Unit"
"2748","Frrrovit","","Other","Unit"
"8375","Fruit Tofee","tofee","Other","Unit"
"5310","Frusamide 40Mg Spmc","Tablet","Medicine","Tablet"
"2749","Frusemide 40 Mg","Bottle","Beverage","Bottle"
"2750","Fucanazole 150","","Other","Unit"
"2751","Fuci Tulle (Fucidine Gauze)","Other","Other","Unit"
"2752","Fucicort Cream 5Gm","","Personal Care","Cream/Ointment"
"2753","Fuciden Ointment 5Gm","","Medicine","Cream/Ointment"
"2754","Fucidin Cream 15G","cream","Personal Care","Cream/Ointment"
"2755","Fucidin Cream 5Gm","cream","Personal Care","Cream/Ointment"
"2756","Fucidin Intertulle 2% 10 S","","Other","Unit"
"5686","Fucidin Ointment 5G","Other","Medicine","Cream/Ointment"
"2758","Fucidine H Cream 15G","cream","Personal Care","Cream/Ointment"
"2759","Fucidine H Cream 5 G","","Personal Care","Cream/Ointment"
"5538","Fucithalmic Eye Ointment","eye oinment","Medicine","Cream/Ointment"
"2761","Fugal 150 Mg","","Medicine","Unit"
"2762","Fugale 50 Mg","","Medicine","Unit"
"2763","Fujitex Cotton Elastic Bandage 7.5Cmx9","","Other","Unit"
"2764","Fujitex Cotton Elastic Bandage 9Cmx9m","","Other","Unit"
"10099","Fungi-kt","BAR","Other","Unit"
"2080","Fungi-off Soap","soap","Personal Care","Unit"
"2765","Fungicon 150 Mg","Capsule","Medicine","Capsule"
"2766","Fungifield Cream","cream","Personal Care","Cream/Ointment"
"8234","Funginil Soap","soap","Personal Care","Unit"
"7705","Funginil Soap New","soap","Personal Care","Unit"
"2767","Fungitop Cream","cream","Personal Care","Cream/Ointment"
"2768","Funtime Lucy Ducky 100","","Other","Unit"
"5726","Furazolidone Tab 100Mg (Spc)","Tablet","Medicine","Tablet"
"5343","Furmaxx","For Pets","Other","Unit"
"2770","Fusac Cream","cream","Personal Care","Cream/Ointment"
"6815","Fusid Cream","cream","Personal Care","Cream/Ointment"
"2774","Fusidic Acid Cream","cream","Personal Care","Cream/Ointment"
"4697","Fusidic Acid Cream 5G","cream","Personal Care","Cream/Ointment"
"2775","Fusigel Eye Drop","drop","Other","Drops"
"2776","Fusil Cream 5G","cream","Personal Care","Cream/Ointment"
"2777","Fusil-hc Cream","cream","Personal Care","Cream/Ointment"
"9404","Fusimed Ointment Bp","oinment","Medicine","Cream/Ointment"
"2778","Fusiway B","cream","Personal Care","Cream/Ointment"
"2779","Fusiway H","cream","Personal Care","Cream/Ointment"
"2780","Fuson B Cream 10G","cream","Personal Care","Cream/Ointment"
"2781","Fuson Cream 5Gm","cream","Personal Care","Cream/Ointment"
"2782","Futop B Cream","other","Personal Care","Cream/Ointment"
"2783","Futop Cream","cream","Personal Care","Cream/Ointment"
"2784","Fybogel Sachets","Other","Other","Unit"
"6625","Fybohusk","sachet","Other","Packet"
"7006","G Rose Hand Sanitizer 100Ml","Spray","Personal Care","Unit"
"2785","G T N O 5 Mg","","Medicine","Unit"
"2941","G-max","Other","Medicine","Unit"
"2977","G.l.a 100","Tablet","Medicine","Tablet"
"5633","G.l.a 120Mg","Tablet","Medicine","Tablet"
"6017","G&l Insta Face Wash","Other","Personal Care","Unit"
"6009","G&l Multivit Cream 25Mg","cream","Personal Care","Cream/Ointment"
"2786","Gaba 100Mg","Tablet","Medicine","Tablet"
"2787","Gaba 300Mg","Tablet","Medicine","Tablet"
"2792","Gabanin 300Mg","Capsule","Medicine","Capsule"
"2788","Gabanin Capsules 100Mg","Other","Other","Capsule"
"6032","Gabapen 100Mg","Tablet","Medicine","Tablet"
"2791","Gabapentin 300Mg","Capsule","Medicine","Capsule"
"2793","Gabasan 100","","Other","Unit"
"2794","Gabica 100Mg","Capsule","Medicine","Capsule"
"2795","Gabica 150Mg","Capsule","Medicine","Capsule"
"2796","Gabica 50Mg","Capsule","Medicine","Capsule"
"2797","Gabica 75Mg","Capsule","Medicine","Capsule"
"2798","Gabin 75Mg","","Other","Unit"
"2799","Gabix 100Mg","Capsule","Medicine","Capsule"
"2800","Gabix 300Mg","Capsule","Medicine","Capsule"
"5992","Gablin 150Mg","Tablet","Medicine","Tablet"
"4998","Gablin 50Mg","Capsule","Medicine","Capsule"
"9317","Gablin 75Mg","other","Other","Unit"
"5296","Gag-2","Tablet","Medicine","Tablet"
"2801","Galmaz 4 Mg","","Medicine","Unit"
"2802","Galvus 50Mg","other","Other","Unit"
"2803","Gamma Linolenic Acid (Gla) 100Mg","","Other","Unit"
"2804","Gamma Linolenic Acid (Gla) 120Mg","","Other","Unit"
"6050","Gammacort 15Mg","cream","Personal Care","Cream/Ointment"
"2805","Ganfort Eye Drop","eye drops","Medicine","Drops"
"2806","Garacin","eye drops","Medicine","Drops"
"2807","Garcinia Food Supliment","","Other","Unit"
"2808","Gas Med Suspension 15Ml","syrup","Medicine","Syrup"
"9678","Gasogen Oral Suspension 15Ml","syrup","Medicine","Syrup"
"9529","Gasogen Oral Suspension 15Ml","drop","Other","Drops"
"5342","Gastrazole 20Mg","Tablet.","Medicine","Tablet"
"5736","Gastrazole 40Mg","Tablet","Medicine","Tablet"
"9203","Gastricaine Gel 120Ml","other","Medicine","Cream/Ointment"
"2809","Gastril Syrup","","Medicine","Syrup"
"6033","Gastril Tab","Tablet","Medicine","Tablet"
"2812","Gauze 1 Yard New","other","Other","Unit"
"2813","Gauze 1/2 Yards","Other","Other","Unit"
"7638","Gauze 10Yds (Meditex)","Other","Other","Unit"
"5832","Gauze 5Cm","Other","Other","Unit"
"7637","Gauze 5Yds Roll","Other","Other","Unit"
"4135","Gauze Swab 1 Pc","gauze","Other","Unit"
"1567","Gauze Swab 7X7","gauze","Other","Unit"
"2815","Gaviscon Da Liquid 300Ml","syrup","Medicine","Syrup"
"2816","Gaviscon Da Tabs 250Mg","Tablet","Medicine","Tablet"
"8221","Gaviscon Oral Suspension 200Ml New","Syrup","Medicine","Syrup"
"2818","Gd Care 5 Mg","Tablet","Medicine","Tablet"
"5518","Gdclar 250Mg","Tablet","Medicine","Tablet"
"9241","Gdfenac 1 100Mg 10*10","Tablet","Medicine","Tablet"
"10044","Gems Choco Pack","other","Snack","Packet"
"2819","Genatamicine Eye Drop","","Other","Drops"
"2820","Genimet 500Mg","Tablet","Medicine","Tablet"
"5855","Genimet Sr 500Mg","Tablet","Medicine","Tablet"
"9788","Gensita 100Mg","Tablet","Medicine","Tablet"
"9787","Gensita 50Mg","Tablet","Medicine","Tablet"
"2822","Gentacil Eye / Ear Drop 7.5Ml","eye drops","Medicine","Drops"
"2823","Gentacort Mf","cream","Personal Care","Cream/Ointment"
"3209","Gentalab Eye/ear Drops 0.3%","eye/ear drop","Medicine","Drops"
"2824","Gentamycin Iv","injection","Medicine","Injection"
"2826","Gention Violet 28Ml","other","Other","Unit"
"2825","Gention Violet 30Ml","Other","Other","Unit"
"2827","Germacid Cream 5Mg","other","Personal Care","Cream/Ointment"
"2828","Germacort Cream 5Gm","other","Personal Care","Cream/Ointment"
"2829","Germidine Sprinkling Powder 10G","Other","Other","Unit"
"5515","Getcet 5Mg","Tablet","Medicine","Tablet"
"2831","Getryl 1Mg","Tablet","Medicine","Tablet"
"2832","Getryl 2Mg","Tablet","Medicine","Tablet"
"7618","Getryl 3Mg","Tablet","Medicine","Tablet"
"5718","Getryl 4Mg","Tablet","Medicine","Tablet"
"2833","Ghee Oil","oil","Other","Unit"
"2834","Giagra-100","","Other","Unit"
"2835","Giane 35","Tablet.","Medicine","Tablet"
"2836","Gillette Blue 2","Other","Other","Unit"
"9526","Gillette Blue 2 Plus","other","Other","Unit"
"2837","Gillette Blue Ii Plus","other","Other","Unit"
"2838","Gillette Shave Foram Lemon Lime 196G","","Other","Unit"
"2839","Gillette Shave Foram Menthol 196G","","Other","Unit"
"2840","Gillette Shave Form Regular 196G","","Other","Unit"
"2841","Gillette Shave Form Regular 98G","foam","Other","Unit"
"2842","Gillette Simple 3 Razor","other","Other","Unit"
"2843","Gillette Super Thin Blade","","Other","Unit"
"2844","Gingelly Oil","oil","Other","Unit"
"2845","Ginger Biscut 80G","Syrup","Medicine","Syrup"
"9022","Giniraja Asamodagam 385Ml","other","Other","Unit"
"9540","Giniraja Ayurvedic H/oil 180Ml","oil","Other","Unit"
"2846","Giniraja Balm 10G","balm","Other","Unit"
"1802","Giniraja Balm 25G","balm","Other","Unit"
"2847","Giniraja Balm 5G","balm","Other","Unit"
"9020","Giniraja Herbal Oil 100Ml","oil","Other","Unit"
"9021","Giniraja Herbal Spray","Spray","Personal Care","Unit"
"2848","Giniraja Herble Oil 30 Ml","oil","Other","Unit"
"6251","Giniraja Tooth Care","oil","Other","Unit"
"2849","Ginkgo Max","","Other","Unit"
"2850","Ginko 3000","","Other","Unit"
"7584","Ginseng 500Mg","Capsule","Medicine","Capsule"
"2851","Ginsomin","Tablet","Medicine","Tablet"
"2852","Giycinorm 80","","Other","Unit"
"2853","Glajen E Caps","","Other","Unit"
"2854","Glaritus","insulin","Other","Unit"
"9195","Glemaz 4Mg","other","Other","Unit"
"2855","Glemaz Tabs 2Mg","other","Other","Tablet"
"2632","Glenper Cream 5%","cream","Personal Care","Cream/Ointment"
"9650","Gli Mr 30Mg","Tablet","Medicine","Tablet"
"2857","Gliban","","Other","Unit"
"2858","Glibenclamide (Spc)","Tablet","Medicine","Tablet"
"2859","Glicad 40Mg","","Other","Unit"
"2862","Gliclazide (Spmc) 80Mg","Other","Other","Unit"
"5904","Gliclazide 40Mg (Spc)","Tablet","Medicine","Tablet"
"2863","Gliclazide 80 (Spc)","Tablet","Medicine","Tablet"
"2865","Gliclazide Tablets Bp40mg","Tablet","Medicine","Tablet"
"2866","Glidabet 80 Mg","","Medicine","Unit"
"2867","Glimepide 2Mg","","Other","Unit"
"2868","Glimepiride 1Mg","","Other","Unit"
"5740","Glimepiride Tab 4Mg","Tablet","Medicine","Tablet"
"2869","Glimitab 4Mg","","Other","Unit"
"5721","Glipizide Tab 5Mg","Tablet","Medicine","Tablet"
"2871","Glitrol Cr 30","Capsule","Medicine","Capsule"
"2872","Glitrol Cr 60","Capsule","Medicine","Capsule"
"9727","Glivic Mr 60Mg","Tablet.","Medicine","Tablet"
"2873","Glix 40","Tablet","Medicine","Tablet"
"2875","Glix 80","Tablet","Medicine","Tablet"
"5637","Glix Mr 30","Tablet","Medicine","Tablet"
"2876","Glix Mr 60","Tablet","Medicine","Tablet"
"2877","Glizide 80Mg 10X10 S","","Other","Unit"
"2878","Glizym Mr 30 Mg","","Medicine","Unit"
"2879","Gllx 40","","Other","Unit"
"2880","Global Cotton Bandages 2 1/2 X 5","","Other","Unit"
"2881","Global Cotton Bandages 2X5","","Other","Unit"
"2884","Gloves","Other","Other","Unit"
"2885","Gloves (Black)","","Other","Unit"
"7559","Gloves(blossom)","gloves","Other","Unit"
"2886","Glow & Handsome","Other","Other","Unit"
"2590","Glow & Handsome 50G","ceam","Other","Unit"
"2887","Glow Caps","Capsule","Medicine","Capsule"
"9225","Glow Colegen","other","Other","Unit"
"6019","Glow&handsome; Cream 25G","cream","Personal Care","Cream/Ointment"
"6020","Glow&lovely; Ayurveda Cream 50G","cream","Personal Care","Cream/Ointment"
"8303","Glucar 50Mg","Tablet","Medicine","Tablet"
"2889","Glucerna 400G","milk powder","Snack","Unit"
"5738","Gluco Plus","Tablet","Medicine","Tablet"
"2890","Glucobay 50Mg","Tablet","Medicine","Tablet"
"2891","Glucofred 80","","Other","Unit"
"8298","Glucon D","Packet","Other","Packet"
"2892","Glucophage 500 Mg","Tablet","Medicine","Tablet"
"2620","Glucophage 850Mg","Tablet.","Medicine","Tablet"
"2894","Glucophage Xr 500Mg","Tablet","Medicine","Tablet"
"5705","Glucosamine 1500Mg","Tablet","Medicine","Tablet"
"2817","Glucose 5% Inguction","injection","Medicine","Injection"
"2895","Glucose D 75G","Other","Other","Unit"
"1005","Glucosomine Cap 750Mg","","Medicine","Capsule"
"5656","Glucosomine Sulfate","Tablet","Medicine","Tablet"
"8551","Glucotrust 500Mg","Tablet","Medicine","Tablet"
"2900","Glumin 500Mg","Tablet","Medicine","Tablet"
"10068","Glycerin Borex","others","Other","Unit"
"2901","Glycerine 30Ml","Other","Other","Unit"
"2902","Glychek 40Mg","tablet","Medicine","Tablet"
"2903","Glychek 80Mg Spc","Tablet","Medicine","Tablet"
"2904","Glycinorm 40","Tablet","Medicine","Tablet"
"2905","Glycinorm 80","Tablet","Medicine","Tablet"
"2906","Glycinorm Mr 30Mg","Tablet","Medicine","Tablet"
"2907","Glyclapan 80 Mg","Tablet","Medicine","Tablet"
"8203","Glyco A New","cream","Personal Care","Cream/Ointment"
"2908","Glyco-a Cream","cream","Personal Care","Cream/Ointment"
"8055","Glycomet 500Mg","Tablet","Medicine","Tablet"
"2911","Glycomet 850Mg","Tablet","Medicine","Tablet"
"2909","Glycomet Sr Tabs 500","Tablet","Medicine","Tablet"
"2912","Glymin Xr 500Mg","Tablet","Medicine","Tablet"
"2913","Glynase 5Mg","Tablet","Medicine","Tablet"
"8247","Glysi Soap","soap","Personal Care","Unit"
"5613","Glysoft Cream","cream","Personal Care","Cream/Ointment"
"8172","Glysoft Soap","soap","Personal Care","Unit"
"2914","Glysup 1.15","Other","Other","Unit"
"2915","Glyz Mr 30","Tablet","Medicine","Tablet"
"2916","Glyzee","","Other","Unit"
"1256","Gmmcort Cream","cream","Personal Care","Cream/Ointment"
"3692","Go Nut","juce","Snack","Unit"
"2917","Godapara Shampoo 100Ml","shampoo","Personal Care","Unit"
"5874","Godapara Anti Dan. Shampoo 200Ml","Other","Personal Care","Unit"
"2918","Godapara Shampoo 40Ml","shampoo","Personal Care","Unit"
"5783","Godrej Black Hena Powder","Other","Other","Unit"
"2923","Godrej Exp Shampoo","sache","Personal Care","Unit"
"5661","Godrej Expert 10","Other","Other","Unit"
"2920","Godrej Fresh Air Freshner","","Other","Unit"
"2921","Godrej Hair Color Shampo","Other","Other","Unit"
"2922","Godrej Hair Color Shampoo 5+5","Other","Personal Care","Unit"
"5859","Godrej Hair Dry","Other","Other","Unit"
"2925","Godrej Pocket Sanitizer","","Personal Care","Unit"
"2926","Godrej Protekt Sanitizer 50Ml","","Personal Care","Unit"
"2927","Godrej Violet Air Freshner","","Other","Unit"
"2928","Godrich Expert Bottle","","Beverage","Bottle"
"2929","Godrich Shachet","","Other","Unit"
"9617","Godrij Cinthol Cool Soap","soap","Personal Care","Unit"
"2930","Godrij Pocket Sanitizer Spray 85Ml","","Personal Care","Unit"
"2938","Gold Classic Aftershave","spirit","Other","Unit"
"2931","Gold Bb+ Cream 15G","","Personal Care","Cream/Ointment"
"2932","Gold Cologne Enaergy 100 Ml","","Other","Unit"
"2933","Gold Colone 50 Ml","Other","Other","Unit"
"2934","Gold Fairnas Night Cream","","Personal Care","Cream/Ointment"
"2935","Gold Fairness Day Cream","","Personal Care","Cream/Ointment"
"2436","Gold Hair Cream","cream","Personal Care","Cream/Ointment"
"8311","Gold Hair Gel","Other","Medicine","Cream/Ointment"
"1601","Gold Hair Gel","gel","Medicine","Cream/Ointment"
"9362","Gold Handy Arctic","other","Other","Unit"
"1629","Gold Handy Arctic 50Ml","others","Other","Unit"
"2936","Gold Mari","Other","Other","Unit"
"2937","Gold Marie Maliban 75G","","Other","Unit"
"9076","Gold Moisturing Body Milk 100Ml","other","Beverage","Unit"
"5801","Gold Real Men Classic","Other","Other","Unit"
"2939","Gold Whitning Face Wash","","Personal Care","Unit"
"2940","Gold Whitning Face Wash 100Ml","","Personal Care","Unit"
"9359","Golden Cow Baby Rusks 125G","other","Baby Care","Unit"
"9346","Golden Cow Baby Rusks 70G","other","Baby Care","Unit"
"2945","Golden Cow Original 70G","","Other","Unit"
"6572","Golden Pearl.","ceam","Other","Unit"
"6120","Golden Touch Day Cream 50G","cream","Personal Care","Cream/Ointment"
"6121","Golden Touch Face Wasg 10Ml","Other","Other","Unit"
"6122","Golden Touch Hand&body; Cream 250G","cream","Personal Care","Cream/Ointment"
"6119","Golden Touch Pigmentation Cream","cream","Personal Care","Cream/Ointment"
"6123","Golden Touch Shampoo 300Ml","Other","Personal Care","Unit"
"9616","Good Knight Advanced Aerosol","SPRAY","Personal Care","Unit"
"2946","Good Knight Liquidator","","Other","Unit"
"2947","Good Look 140Ml","","Other","Unit"
"2948","Good Look 330Ml","","Other","Unit"
"2949","Good Look 60Ml","","Other","Unit"
"2950","Good Look Antibacterial Handwash 500Ml","","Other","Unit"
"2951","Good Look Handwash Refill Pack 180Ml","","Other","Packet"
"2953","Good Nigth Refil","","Other","Unit"
"2954","Gooree","","Other","Unit"
"6575","Goree Cream.","cream","Personal Care","Cream/Ointment"
"2955","Gose 5 Yard","","Other","Unit"
"2956","Gose Yard 3","","Other","Unit"
"2957","Gotukola Antidrandoff Shampoo","Other","Personal Care","Unit"
"2958","Gouric 40 Mg","Tablet","Medicine","Tablet"
"9137","Goya Body Lotion","other","Personal Care","Cream/Ointment"
"2960","Goya Jesmine Spray","Other","Personal Care","Unit"
"2959","Goya Soap","soap","Personal Care","Unit"
"2961","Gp 1Mg","Tablet","Medicine","Tablet"
"9215","Gp 2Mg","other","Other","Unit"
"4795","Gravinate 50","Other","Other","Unit"
"2963","Green Apple Juice 200Ml","drink","Beverage","Unit"
"8376","Green Marbels","others","Other","Unit"
"5921","Gripe Mixture Syrup 100Ml","Bottle","Beverage","Syrup"
"2965","Griseben 500Mg","Tablet","Medicine","Tablet"
"2966","Griseofred","","Other","Unit"
"9299","Griseofulvin 500Mg","other","Other","Unit"
"8397","Grovit Drop New","drop","Other","Drops"
"2968","Grovit Syrup 100Ml","syrup","Medicine","Syrup"
"2969","Growee Syrup 120Ml","","Medicine","Syrup"
"2970","Gsm Forte Tabs","","Other","Tablet"
"5553","Gt Flex","Tablet","Medicine","Tablet"
"2972","Gtn (Spc)","Tablet.","Medicine","Tablet"
"2971","Gtn (Glymerc) 500Mcg","Tablet","Medicine","Tablet"
"2769","Guardian Gold","vitamin","Other","Unit"
"9730","Guava Toffee","toffe","Other","Unit"
"5591","Gutclear Plus","Tablet","Medicine","Tablet"
"2973","Guumin Sr 500","","Other","Unit"
"2974","Gv Bet - N Cream 15G","","Personal Care","Cream/Ointment"
"8045","Gvia 50Mg (Spc)","Tablet","Medicine","Tablet"
"2975","H Cort Cream 15G","cream","Personal Care","Cream/Ointment"
"5902","H-cort Cream","cream","Personal Care","Cream/Ointment"
"2976","H-cort Ointment 15G","oil","Medicine","Cream/Ointment"
"9218","H2 02 60Ml","other","Other","Unit"
"2979","Hacks Original","Other","Other","Unit"
"9641","Hair Band And Clips","other","Other","Unit"
"4000","Hair Band No.1","others","Other","Unit"
"1006","Hair Band No.2","others","Other","Unit"
"2924","Hair Band No.3","others","Other","Unit"
"7413","Hair Band No.4","others","Other","Unit"
"8090","Hair Band Plastic","others","Other","Unit"
"8089","Hair Band Wrinkels","others","Other","Unit"
"2981","Hair Care Cool 100Ml","oil","Other","Unit"
"2296","Hair Clip","others","Other","Unit"
"9642","Hair Clipes 04","other","Other","Unit"
"9638","Hair Clips 01","other","Other","Unit"
"9639","Hair Clips 02","other","Other","Unit"
"9640","Hair Clips 03","other","Other","Unit"
"6092","Hair Colonge 100Ml","Other","Personal Care","Unit"
"8314","Hair Fall Shampoo (Ewon)","other","Personal Care","Unit"
"6107","Hair Gel","Other","Medicine","Cream/Ointment"
"1470","Hair Grips No.1","others","Other","Unit"
"1203","Hair Grips No.2","cream","Personal Care","Cream/Ointment"
"9223","Haircare","For pets","Other","Unit"
"2982","Haloperidol 1.5Mg Leben","Tablet","Medicine","Tablet"
"3037","Hand Sanitizer 100Ml","Other","Personal Care","Unit"
"3036","Hand Sanitizer 50Ml","other","Personal Care","Unit"
"2304","Hand Sanitizer Gel 50Ml","Other","Personal Care","Cream/Ointment"
"2984","Hand Sanitzer (Spc)","sanitizer","Personal Care","Unit"
"2985","Hand Sanitzer 100Ml Spre","","Other","Unit"
"2986","Hand Wash Aloe Vera 500Ml","","Personal Care","Unit"
"2987","Hand Wash Green Apple 250Ml","","Personal Care","Unit"
"6007","Handsome Cream 50G","cream","Personal Care","Cream/Ointment"
"9285","Hangers","other","Other","Unit"
"8230","Hanker Cheef","others","Other","Unit"
"8272","Hanker Cheef","others","Other","Unit"
"9734","Hanker Cheef","others","Other","Unit"
"2988","Hans Hand Sanitizing Gel 100Ml","","Medicine","Cream/Ointment"
"2989","Hans Hand Sanitizing Gel Big 100Ml","","Medicine","Cream/Ointment"
"2990","Hans Sanitizing Gel 50Ml","","Medicine","Cream/Ointment"
"2991","Happi 20Mg","Tablet","Medicine","Tablet"
"2992","Happy Cow Cheese","Other","Other","Unit"
"2993","Happy Kids Omega 3","","Other","Unit"
"1034","Happy Life 100Ml","shampoo","Personal Care","Unit"
"1302","Happy Life 500Ml Shampoo","shampoo","Personal Care","Unit"
"8378","Happydent White","others","Other","Unit"
"2994","Happynap Cream 15G","cream","Personal Care","Cream/Ointment"
"2995","Hard Cervical Collar L","","Other","Unit"
"2996","Hard Cervical Collar M","","Other","Unit"
"2997","Hard Cervical Collar S","","Other","Unit"
"2998","Hard Cravil Coller","","Other","Unit"
"2999","Harpic 200Ml","Other","Other","Unit"
"3000","Harpic Original 200Ml","","Other","Unit"
"3001","Harpic Original 500Ml","","Other","Unit"
"5754","Harpic Power Plus","Other","Other","Unit"
"3002","Hawaian Cookies 100G Munchee","other","Other","Unit"
"3003","Hawaian Cookies 200G","","Other","Unit"
"9350","Hcg Pregnancy Rapid Test Strips","other","Other","Unit"
"8372","Hcg Strips (Wide Care)","other","Other","Unit"
"3004","Hcqs Tablet","Tablet","Medicine","Tablet"
"5943","Hct Tab 25Mg","Tablet","Medicine","Tablet"
"3005","Head & Houlder Clean & Balance 70Ml","","Other","Unit"
"3006","Head & Houlder Cool Menthol 70Ml","shampoo","Personal Care","Unit"
"3007","Head & Houlder Hair Fall 70Ml","","Other","Unit"
"3008","Head & Houlder Smooth & Silly 70Ml","","Other","Unit"
"5278","Head Lamp","other","Other","Unit"
"5205","Head Master Roll","others","Other","Unit"
"3009","Healex Spray 100G","","Personal Care","Unit"
"3010","Healing Herbs Cough Syrup 100Ml","syrup","Medicine","Syrup"
"9198","Health Ok","other","Other","Unit"
"5108","Healthy Even Tone","Lotion","Personal Care","Cream/Ointment"
"5240","Healthy- Warf-5","Tablet","Medicine","Tablet"
"3011","Healz Oinment","Other","Other","Unit"
"8369","Heathy K9","For Pets","Other","Unit"
"5788","Hedges Hand Sanitizer Liquid","Other","Personal Care","Unit"
"3013","Hela Orange 330Ml","","Other","Unit"
"3014","Hela Osu","","Other","Unit"
"9097","Heladiv Atamusu","other","Other","Unit"
"3015","Hepachol","","Other","Unit"
"3016","Heprex Cream","","Personal Care","Cream/Ointment"
"3017","Heptin Syrup","syrup","Medicine","Syrup"
"3018","Herb Active Men","","Other","Unit"
"5989","Herbal Bloom Aloevera Shampoo","Other","Personal Care","Unit"
"5987","Herbal Bloom Hair Cream Women","Other","Personal Care","Cream/Ointment"
"5988","Herbal Bloom Lime Shampoo","Other","Personal Care","Unit"
"9222","Herbal Dog Shampoo Tick & Flea","other","Personal Care","Unit"
"9251","Herbal Soap ( For Dogs And Cats) 70G","other","Personal Care","Unit"
"6504","Herbel Face Cream","others","Personal Care","Cream/Ointment"
"4084","Herbel Pigmentation Cream","cream","Personal Care","Cream/Ointment"
"9300","Herbersser Sr 100Mg","other","Other","Unit"
"9297","Herbersser Sr 200Mg","other","Other","Unit"
"3019","Herbesser 200 Mg","","Medicine","Unit"
"3020","Herbesser 90 Sr","","Other","Unit"
"3021","Herbessers 100","Tablet","Medicine","Tablet"
"3022","Herbsl Pickly Heat Powder 50G","","Other","Unit"
"3023","Herbul Black Henna","","Other","Unit"
"3024","Herperax 200Mg","Tablet.","Medicine","Tablet"
"3025","Herperax 800Mg","Tablet","Medicine","Tablet"
"3026","Herperax Ointment","oinment","Medicine","Cream/Ointment"
"3027","Hexidine Mouth Wash 160Ml","MOUTH WASH","Personal Care","Unit"
"3028","Hexidine Mouth Wash 80Ml","liquid","Personal Care","Unit"
"3029","Hexigel 15Gm","gel","Medicine","Cream/Ointment"
"3030","Hexilon 16 Mg","Tablet","Medicine","Tablet"
"3031","Hexilon 4 Mg","Tablet","Medicine","Tablet"
"3032","Hi Immuune 30 Tabs","","Other","Tablet"
"3034","Hibiscus Conditioning Shampoo 130Ml","","Personal Care","Unit"
"9043","Hibiscus Moistuising Body - Milk 100Ml","shampoo","Beverage","Unit"
"3035","Hicare Hand Sanitizer 1Ml","Other","Personal Care","Unit"
"3038","Hicare Hand Sanitizer 50Ml","","Personal Care","Unit"
"3039","Hicare Hand Sanitizer Gel 100Ml","","Personal Care","Cream/Ointment"
"3040","Hicare Hand Sanitizer Gel 50Ml","","Personal Care","Cream/Ointment"
"3041","Hicare Hand Sanitizer Gel 60Ml","","Personal Care","Cream/Ointment"
"3042","Hidrate Soap 75G","soap","Personal Care","Unit"
"3043","Hilac Syrup 120Ml","Syrup","Medicine","Syrup"
"3044","Hiland Youget","","Other","Unit"
"9070","Hilin 100Mg","Tablet.","Medicine","Tablet"
"3045","Hilin 50","Capsule","Medicine","Capsule"
"3046","Hilin 75","Capsule","Medicine","Capsule"
"6258","Hiloric 40","Tablet","Medicine","Tablet"
"3047","Himalaya Clear Complexion Whitning","face wash","Personal Care","Unit"
"3223","Himalaya Moisturizing Aloe Vera Face Wash 50Ml","face wash","Personal Care","Unit"
"5133","Himalaya Natural Glow Face Cream","face cream","Personal Care","Cream/Ointment"
"3049","Himalaya Natural Glow Fairness 50Ml","face wash","Personal Care","Unit"
"7585","Himalaya Night Cream","cream","Personal Care","Cream/Ointment"
"8223","Himalaya Nourishing Skin Cream","skin cream","Personal Care","Cream/Ointment"
"3051","Himalaya Oil Clear Lemon Face Wash 50Ml","","Personal Care","Unit"
"3054","Himalaya Purifying Neem Face 100Ml","","Other","Unit"
"3055","Himalaya Puring Neem Face Wash 50Ml","face wash","Personal Care","Unit"
"4020","Himalaya Rose Fase Wash","fface wash","Personal Care","Unit"
"3056","Himani Navratna Oil 100 Ml","other","Other","Unit"
"3057","Himani Nawarathna Oil 50 Ml","other","Other","Unit"
"3058","Himplasia","","Other","Unit"
"3059","Hipnicare Tab","","Medicine","Tablet"
"6883","Hishori Banga Thailaya","oil","Other","Unit"
"1131","Hishori Banga Thailaya 20Ml","oil","Other","Unit"
"8350","Histavert 16Mg","Tablet","Medicine","Tablet"
"9614","Hit Aerosol For Cockroaches","SPRAY","Personal Care","Unit"
"3060","Hit Line Choke","","Other","Unit"
"9615","Hit Rat Killer","Tablet","Medicine","Tablet"
"3061","Hivate Cream 5G","cream","Personal Care","Cream/Ointment"
"2314","Hivate Lotion","Lotion","Personal Care","Cream/Ointment"
"9155","Holicks 200G","other","Other","Unit"
"3067","Horlicks Pp Jar 400G","","Other","Bottle"
"3068","Horlics 350G","other","Other","Unit"
"3069","Hot & Cold Pack","Packet","Other","Packet"
"3070","Humapen Ego Ii","","Other","Unit"
"9710","Humulin 70/30","injection","Medicine","Injection"
"3071","Humulin 70/30","Other","Other","Unit"
"3072","Hunger Tone Syrup 200Ml","","Medicine","Syrup"
"3073","Hyalein 0.1% Eye Drop","eye drops","Medicine","Drops"
"3077","Hydrgen Peroxide 500Ml","others","Other","Unit"
"3075","Hydrochlorothiazide 25 Mg","","Medicine","Unit"
"3076","Hydrochlorothiazide 50Mg","Tablet","Medicine","Tablet"
"7525","Hydrocortison Cream 1%","cream","Personal Care","Cream/Ointment"
"3078","Hydrocortisone 10","Tablet","Medicine","Tablet"
"3079","Hydrocortisone Cream **5 G","cream","Personal Care","Cream/Ointment"
"5504","Hydrocortisone Tablet","Tablet","Medicine","Tablet"
"3081","Hydrocotisone Oinment 15G","Other","Other","Unit"
"10003","Hydrogen Perox 500Ml","surgical item","Other","Unit"
"3082","Hydrogen Peroxide 60Ml","Other","Other","Unit"
"3080","Hydroseal Cream","cream","Personal Care","Cream/Ointment"
"3083","Hydroxychlorquine Tab 200Mg","","Medicine","Tablet"
"3084","Hylosan Opthamic Solution","eye drops","Medicine","Drops"
"3085","Hyosine 10 Mg","Tablet","Medicine","Tablet"
"5374","Hypertonic Saline","saline","Other","Unit"
"3086","Hypnolith 250","Tablet.","Medicine","Tablet"
"3087","Hyquin 200","","Other","Unit"
"3088","I. V. Cannula","","Other","Unit"
"3089","I. V. Set","others","Other","Unit"
"9216","I.s.m.n (Spc) 60G","other","Other","Unit"
"9041","I.v. Cannula 20","other","Other","Unit"
"9042","I.v. Cannula 22","other","Other","Unit"
"3090","Ibandro 150Mg","Tablet.","Medicine","Tablet"
"8001","Ibuprofen 200Mg (Medifen)","Tablet","Medicine","Tablet"
"9296","Ibuprofen 400Mg (Ibut)","other","Other","Unit"
"6109","Ibut Tablet 200Mg","Tablet","Medicine","Tablet"
"7514","Ibut Tablet 400Mg","Tablet","Medicine","Tablet"
"3091","Icon 100 Mg","tab","Medicine","Tablet"
"7572","Ilcapil Kr 150Ml","cream","Personal Care","Cream/Ointment"
"3092","Imdur Tabs","Tablet","Medicine","Tablet"
"8145","Imedra Face Mask Kids","mask","Other","Unit"
"8107","Imigra 10Mg","Capsule","Medicine","Capsule"
"8105","Imigra 5Mg","Tablet","Medicine","Tablet"
"9315","Imipramine 25Mg (Spc/msj)","other","Other","Unit"
"8306","Immuno Start","syrup","Medicine","Syrup"
"2315","Imodium 2Mg","Capsule","Medicine","Capsule"
"8161","Imoi 15Mg","Tablet","Medicine","Tablet"
"3093","Imunor","Tablet","Medicine","Tablet"
"3094","Imutrex 2.5","","Other","Unit"
"3095","Indapamide 1.5 Mg","Tablet","Medicine","Tablet"
"3096","Indika Easy Hair Shampoo","Other","Personal Care","Unit"
"3097","Inditor Sr Tab 1.5Mg","Tablet","Medicine","Tablet"
"3098","Indol 25Mg","Tablet","Medicine","Tablet"
"3099","Infant-d","Capsule","Medicine","Capsule"
"3100","Infinity Baby Face Mask","","Baby Care","Unit"
"3101","Infinity Face Mask","","Other","Unit"
"3102","Infrared Forhead Thermometer","","Other","Unit"
"3103","Infrared Thermometer","","Other","Unit"
"5575","Inglip 100Mg","Tablet","Medicine","Tablet"
"3104","Inguru Biscut","","Other","Unit"
"3105","Innotel 40Mg","Tablet","Medicine","Tablet"
"3106","Inolac Syrup 100Ml","syrup","Medicine","Syrup"
"9291","Inomin 4Mg","other","Other","Unit"
"3108","Inosita 50","Tablet","Medicine","Tablet"
"9202","Inosita 100Mg","other","Other","Unit"
"3109","Inox 100Mg","Capsule","Medicine","Capsule"
"7582","Inozart 25Mg","Tablet","Medicine","Tablet"
"4195","Inozart 50Mg","Tablet","Medicine","Tablet"
"3110","Inprevent Dp Caps","","Other","Unit"
"3111","Inpreveny 20 Hfa","","Other","Inhaler"
"3112","Instant H Sen 50 Ml","","Other","Unit"
"9610","Instant Shoe Shine Sponge","SPONGE","Other","Unit"
"3113","Insulatard Hm 10Ml","insulin","Other","Unit"
"6532","Insulatard Penfil","insulin","Other","Unit"
"3114","Insuman Comb 25","insulin","Other","Unit"
"6435","Intercet Sy 60Ml","syrup","Medicine","Syrup"
"8245","Intessart 40Mg","Tablet","Medicine","Tablet"
"2724","Intezole Dr 20Mg","Capsule","Medicine","Capsule"
"5660","Inti Fresh Hygiene Wash","gel","Personal Care","Cream/Ointment"
"3115","Intrasite Gel","jel","Medicine","Cream/Ointment"
"3117","Intrax 500 Mg","Tablet","Medicine","Tablet"
"3118","Ioban Drepe 6650","","Other","Unit"
"8370","Iodex 18G","other","Other","Unit"
"9999","Iodex 9G","balm","Other","Unit"
"3120","Iodex Balm 5G","balm","Other","Unit"
"3121","Iodex Balm 9G","balm","Other","Unit"
"3122","Iodex Bam 45 G","balm","Medicine","Unit"
"3119","Iodex Head Fast Balm 18G","balm","Other","Unit"
"3123","Iodex Head Fast 4G","balm","Other","Unit"
"3124","Iodex Head Fast 9G","balm","Other","Unit"
"9782","Iodex Spray","SPRAY","Personal Care","Unit"
"5222","Iodex Value Pack","balm","Other","Packet"
"3125","Iodosorb Powder","powder","Other","Unit"
"3126","Ionax Sclap Sulution","","Other","Unit"
"3127","Iotim 0.5% Eye Drop","","Other","Drops"
"9683","Ipralet 40Mg (Dp Capsul)","Capsule","Medicine","Capsule"
"5545","Ipraright","Drop","Other","Drops"
"3128","Ipravent Inhaler 20Mcg","Inhaler","Medicine","Inhaler"
"3129","Ipravent Respirator Sol","other","Other","Unit"
"3130","Iracet Solution 50Ml","solution","Other","Unit"
"3132","Irbezyd 150Mg","Tablet","Medicine","Tablet"
"3222","Irbezyd 300Mg","Tablet.","Medicine","Tablet"
"3133","Irovel 150","Tablet","Medicine","Tablet"
"6029","Irovel 300G","Tablet","Medicine","Tablet"
"9574","Irpo-fa","Tablet","Medicine","Tablet"
"3134","Ismn 30Mg","","Other","Unit"
"3135","Ismn 60Mg","","Other","Unit"
"3136","Isocal Powder 425G","milk powder","Snack","Unit"
"9669","Isosorbide Extended Sr 30Mg","Tablet","Medicine","Tablet"
"7607","Isosorbide Mono 20Mg (Monicor) Spc","Tablet","Medicine","Tablet"
"7605","Isosorbide Mono 30Mg (Cadila) Spc","Tablet","Medicine","Tablet"
"7606","Isosorbide Mono 60Mg (Cadila) Spc","Tablet","Medicine","Tablet"
"3137","Isosorbide Mononitrate (Ism20) 20Mg","Tablet","Medicine","Tablet"
"5566","Isosorbide Mononitrate (Ismn60mg)","Tablet","Medicine","Tablet"
"5558","Isosorbide Mononitrate(ismn30mg)","Tablet","Medicine","Tablet"
"3138","Itracon 100 Mg","Tablet","Medicine","Tablet"
"3139","Itrason 100","tab","Medicine","Tablet"
"7633","Iv Sets (Tianyu)","Other","Other","Injection"
"3140","Ivab 5 Mg","Tablet","Medicine","Tablet"
"5385","Izole 100","capsules","Other","Capsule"
"9794","J-oil 11Ml","oil","Other","Unit"
"3374","J-oil 3Ml","oil","Other","Unit"
"8207","J-oil 5Ml","liq","Other","Unit"
"1165","J.oil","oil","Other","Unit"
"3758","Janet Bb Cream 30G","cream","Personal Care","Cream/Ointment"
"7524","Janet Face Wash 100Ml","FACE WASH","Personal Care","Unit"
"3146","Janet Face Wash 50Ml","Other","Personal Care","Unit"
"9592","Janet Carrot Face Wash 100Ml","face wash","Personal Care","Unit"
"3145","Janet Deudran 30Ml","Other","Other","Unit"
"3147","Janet Fair&natural; Cream 25Ml","Other","Personal Care","Cream/Ointment"
"3144","Janet Fair&natural; Cream 50Ml","Other","Personal Care","Cream/Ointment"
"7256","Janet Fair&natural; Face Wash 50Ml","others","Personal Care","Unit"
"7255","Janet Fair&natural; Lotion 100Ml","other","Personal Care","Cream/Ointment"
"7253","Janet Herb Active Men 25Ml","others","Other","Unit"
"7254","Janet Herb Active Men 50Ml","others","Other","Unit"
"6104","Janet Lip Barm","Other","Other","Unit"
"7257","Janet No Marks 15Ml","cream","Personal Care","Cream/Ointment"
"7258","Janet Pimples Out Roller","others","Other","Unit"
"6105","Janet Sun Cream 20Spf","Other","Personal Care","Cream/Ointment"
"6103","Janet Sun Cream 30Spf","Other","Personal Care","Cream/Ointment"
"7259","Janet Under Eye Roller","others","Other","Unit"
"6239","Janet Vet Wipes","cream","Personal Care","Cream/Ointment"
"3148","Jardince 25 Mg","Tablet.","Medicine","Tablet"
"9763","Jardy 10","Inhaler","Medicine","Inhaler"
"3150","Jeewaka Amla Piththa Suwaya","other","Other","Unit"
"9018","Jeewaka Cough Syrup 100Ml","syrup","Medicine","Syrup"
"8417","Jeewaka Handi Thailaya","Other","Other","Unit"
"5780","Jeewaka Kohomba Thel 25Ml","oil","Other","Unit"
"9024","Jeewaka Kolaselasma Oil 30Ml","oil","Other","Unit"
"5779","Jeewaka Thala Thel 25Ml","oil","Other","Unit"
"1200","Jeewaka Vata Lapaya 15G","balm","Other","Unit"
"5548","Jeewaka Vata Thailaya","oil","Other","Unit"
"8419","Jeewaka Vata Thailaya 25Ml","oil","Other","Unit"
"1108","Jeewaka Vatha Leapya","other","Other","Unit"
"5632","Jeewani 1000Ml","sachet","Other","Packet"
"5546","Jeewani 100Ml","syrup","Medicine","Syrup"
"3152","Jeewani 200Ml","Other","Other","Unit"
"3153","Jenat Deodren","","Other","Unit"
"3154","Johnson Baby 2+1 75G","","Baby Care","Unit"
"3155","Johnson Baby Milk 2+1 75G","","Baby Care","Unit"
"3156","Johnson Hair Oil 60Ml","","Other","Unit"
"3157","Johnson Milk+rice Bath 200Ml","","Beverage","Unit"
"9130","Johnson's Baby Cream 50G","cream","Baby Care","Cream/Ointment"
"3158","Johnsons Baby Cream 30G","Other","Baby Care","Cream/Ointment"
"3159","Johnsons Baby Milk Soap","","Baby Care","Unit"
"3160","Johnsons Baby Oil 100Ml","","Baby Care","Unit"
"3161","Johnsons Baby Oil 50Ml","","Baby Care","Unit"
"3162","Johnsons Baby Oil Avacado 60Ml","Other","Baby Care","Unit"
"3163","Johnsons Baby Oil Avacodo 100Ml","","Baby Care","Unit"
"3164","Johnsons Baby Powder 100G","","Baby Care","Unit"
"3165","Johnsons Baby Powder 50G","Other","Baby Care","Unit"
"3166","Johnsons Baby Soap Blossom 75G","Other","Baby Care","Unit"
"3167","Johnsons Milk Soap 50Mg","","Beverage","Unit"
"5511","Joint Aid C","Tablet","Medicine","Tablet"
"8076","Jointace Forte","Tablet","Medicine","Tablet"
"3168","Jointace Tabs","Tablet","Medicine","Tablet"
"3169","Jointeace Jel","","Other","Cream/Ointment"
"3170","Jointeez","Capsule","Medicine","Capsule"
"3172","Jon Baby Cream 50 G","","Baby Care","Cream/Ointment"
"3173","Jonac Gel 30 G","cream","Personal Care","Cream/Ointment"
"3174","Jonac Suppositories 100","Other","Other","Unit"
"6004","Jonsans Baby Bath","Other","Baby Care","Unit"
"6001","Jonsans Baby Colonge 125Ml","Other","Baby Care","Unit"
"6002","Jonsans Baby Colonge 50Ml","Other","Baby Care","Unit"
"5998","Jonsans Baby Cream 50G","Other","Baby Care","Cream/Ointment"
"6003","Jonsans Baby Soap","Other","Baby Care","Unit"
"2964","Juice Feeder","others","Beverage","Unit"
"6126","Jujus","Other","Other","Unit"
"3175","Jumbo L 32Pcs","","Other","Unit"
"3176","Jumbo M 34Pcs","","Other","Unit"
"3177","Jumbo Nb 24Pcs","","Other","Unit"
"3178","Jumbo S 36Pcs","","Other","Unit"
"3179","Jumbo Xl","","Other","Unit"
"9411","K Tape","other","Other","Unit"
"1294","K Y Jelly","gel","Medicine","Cream/Ointment"
"3180","K2 Zole Soap","","Personal Care","Unit"
"3181","K2 Zolo Solution","","Other","Unit"
"5606","K2q","Capsule","Medicine","Capsule"
"8373","Kaco D 500","Tablet","Medicine","Tablet"
"8422","Kaco D 500❌","Tablet","Medicine","Tablet"
"10093","Kadermin Powder Spray","Spray","Personal Care","Unit"
"3182","Kalmico 500 Mg","","Medicine","Unit"
"9204","Kaltrofen Gel","other","Medicine","Cream/Ointment"
"3184","Kalzana 500","Tablet","Medicine","Tablet"
"3185","Kalzana Tabs","Tablet","Medicine","Tablet"
"2659","Kan Hedi","other","Other","Unit"
"1855","Kandos 105G","others","Other","Unit"
"8035","Kandos 12G","other","Other","Unit"
"5670","Kandos 20G","other","Other","Unit"
"2773","Kandos 24G","other","Other","Unit"
"5654","Kandos 25/23G","others","Other","Unit"
"1275","Kandos 37G","other","Other","Unit"
"1092","Kandos 65G","others","Other","Unit"
"1277","Kandos 80G","other","Other","Unit"
"8122","Kandos Cashewnut 45G","other","Other","Unit"
"8317","Kandos Chocko Batta","Other","Other","Unit"
"1049","Kandos Choco Finger 80G","other","Snack","Unit"
"8060","Kandos Choco Kotu","other","Snack","Unit"
"8329","Kandos Kashew 40G","other","Other","Unit"
"8050","Kandy","other","Other","Unit"
"8418","Karabu Nati Oil","other","Other","Unit"
"1144","Kedermin Spray","spray","Personal Care","Unit"
"4659","Kekulu Baby Soap","soap","Baby Care","Unit"
"5920","Kekulu Colonge","Other","Personal Care","Unit"
"5937","Kekulu Soap Pack","Other","Personal Care","Packet"
"3186","Kekulu Tooth Brush","Other","Other","Unit"
"3187","Kekulu Toothpaste 40G","Other","Personal Care","Unit"
"6860","Kelvin Syrup","syrup","Medicine","Syrup"
"3188","Keolax 10 Mg","Tablet","Medicine","Tablet"
"9697","Kesh King Sampoo 200Ml","shampoo","Personal Care","Unit"
"3189","Kesha 100Ml","Other","Other","Unit"
"3190","Kesha 50 Ml","oil","Other","Unit"
"3191","Kesha Jasmine 50Ml","Other","Other","Unit"
"1105","Keshking Shampoo","other","Personal Care","Unit"
"6256","Ketag.","other","Other","Unit"
"3192","Keto Plus Shampoo 60Ml","shampoo","Personal Care","Unit"
"3193","Ketogesic Gel","","Medicine","Cream/Ointment"
"1191","Ketomax Shampoo","shampoo","Personal Care","Unit"
"7608","Ketomax Soap","soap","Personal Care","Unit"
"9595","Ketomide Soap","soap","Personal Care","Unit"
"7577","Ketona Soap","soap","Personal Care","Unit"
"3194","Ketonem Cream","cream","Personal Care","Cream/Ointment"
"8119","Ketosac Shampoo","shampoo","Personal Care","Unit"
"3727","Ketosac Soap","soap","Personal Care","Unit"
"3195","Ketotifen 1 Mg","Tablet","Medicine","Tablet"
"5945","Ketrosan Eye Drop","drop","Other","Drops"
"5351","Key Tag","other","Other","Unit"
"5330","Key Tag 120.","others","Other","Unit"
"3197","Khoma Baby Herblr","","Baby Care","Unit"
"6853","Khomba Baby Powder","other","Baby Care","Unit"
"3199","Khomba Baby Colonge Herbal 100Ml","colonge","Baby Care","Unit"
"3200","Khomba Baby Colonge Herbal 50Ml","","Baby Care","Unit"
"3201","Khomba Baby Colonge Venival 100Ml","","Baby Care","Unit"
"3202","Khomba Baby Colonge Venival 50Ml","colonge","Baby Care","Unit"
"3203","Khomba Baby Cream Floral 100Ml","","Baby Care","Cream/Ointment"
"3204","Khomba Baby Cream Herbal 100Ml","","Baby Care","Cream/Ointment"
"3205","Khomba Baby Cream Herbal 50Ml","","Baby Care","Cream/Ointment"
"3206","Khomba Baby Cream Venival 100Ml","cream","Baby Care","Cream/Ointment"
"3207","Khomba Baby Cream Venival 50Ml","cream","Baby Care","Cream/Ointment"
"3198","Khomba Baby Flower Girl 100Ml","colonge","Baby Care","Unit"
"3208","Khomba Baby Gift Pack","others","Baby Care","Packet"
"3210","Khomba Baby Oil Floral 100Ml","oil","Baby Care","Unit"
"6852","Khomba Baby Prikly Heat Powder","other","Baby Care","Unit"
"3211","Khomba Baby Shampoo 100Ml","shampoo","Baby Care","Unit"
"3253","Khomba Baby Soap","soap","Baby Care","Unit"
"3212","Khomba Shampoo","","Personal Care","Unit"
"3213","Khomba Soap","soap","Personal Care","Unit"
"3214","Khomba Sope 5 F","","Other","Unit"
"3215","Khomba Sope 5 V","","Other","Unit"
"3216","Khomba Talc","other","Other","Unit"
"3217","Khombo Baby Sope Avacado","","Baby Care","Unit"
"6509","Kid Cooler Bag","other","Other","Unit"
"3219","Kidds Milk 20 G","","Beverage","Unit"
"3171","Kids Joy","cotton buts","Other","Unit"
"3220","Kiko Soda","","Beverage","Unit"
"6865","Kilbac 125Mg","Tablet","Medicine","Tablet"
"6866","Kilbac 250Mg","tab","Medicine","Tablet"
"1568","Kilbac 500Mg","Capsule","Medicine","Capsule"
"1607","Kinderjoy","other","Other","Unit"
"7008","King Boxing","other","Other","Unit"
"9569","Kist Jam S/m 100G","jelly","Other","Unit"
"9568","Kist Nectar 1L","drink","Beverage","Unit"
"3369","Kit Kat","chocolate","Snack","Unit"
"9394","Kitzyme Tab","Tablet","Medicine","Tablet"
"1896","Kizz Drink 215Ml","drink","Beverage","Unit"
"9598","Kizz Ginger Beer Drink 250Ml","drink","Beverage","Unit"
"3224","Klamaz 5 Ml","","Other","Unit"
"3912","Klaribact 250Mg","Tablet.","Medicine","Tablet"
"8362","Klaribact Syrup","Syrup","Medicine","Syrup"
"3226","Klatril 250 Tab","","Medicine","Tablet"
"3227","Klatril Tab 500Mg","","Medicine","Tablet"
"3228","Klean Prep Sachets","sachet","Other","Packet"
"3229","Kleen Enema","syrup","Medicine","Syrup"
"8204","Kleenlac Syrup","Syrup","Medicine","Syrup"
"3230","Klic 50Mg","Tablet","Medicine","Tablet"
"8088","Klm C-20","gel","Medicine","Cream/Ointment"
"3231","Klodic 50Mg","Tablet","Medicine","Tablet"
"3232","Kly 42 G","","Medicine","Unit"
"6385","Kn 95 Black","mask","Other","Unit"
"6384","Kn 95 White","mask","Other","Unit"
"8125","Kn95 Baby","mask","Baby Care","Unit"
"8124","Kn95 Black","mask","Other","Unit"
"8046","Kn95 White Baby","mask","Baby Care","Unit"
"8267","Kn95 White Printed","mask","Other","Unit"
"3239","Kne Tape","","Other","Unit"
"8388","Knee Support (Op)l","Other","Other","Unit"
"8387","Knee Support (Op)m","Other","Other","Unit"
"3240","Knee Support L","Other","Other","Unit"
"3241","Knee Support M","Other","Other","Unit"
"3242","Knee Support S","","Other","Unit"
"5279","Knife","other","Other","Unit"
"3243","Kodomo Tooth Paste Grape","tooth paste","Other","Unit"
"3244","Kodomo Tooth Paste Melon","","Other","Unit"
"3245","Kodomo Tooth Paste Orange","","Other","Unit"
"3246","Kodomo Tooth Paste Strawberry","","Other","Unit"
"3247","Kodomo Tooth Paste With Brush","tooth paste","Other","Unit"
"9360","Kodomo Toothpaste With Brush","other","Personal Care","Unit"
"6101","Kodumo Tooth Paste 45G","Other","Other","Unit"
"3248","Kohoba Kaha Bodi Lotion","","Personal Care","Cream/Ointment"
"9053","Kohomba & Komrika Face Wash 50Ml","FACE WASH","Personal Care","Unit"
"3249","Kohomba Baby","","Baby Care","Unit"
"3254","Kohomba Baby Cologne 100Ml","others","Baby Care","Unit"
"3250","Kohomba Baby Cologne 50Ml","Other","Baby Care","Unit"
"3251","Kohomba Baby Cram 50Ml","cream","Baby Care","Cream/Ointment"
"5765","Kohomba Baby Cream 100Ml","cream","Baby Care","Cream/Ointment"
"5766","Kohomba Baby Cream Herbal","Other","Baby Care","Cream/Ointment"
"3258","Kohomba Baby Oil","oil","Baby Care","Unit"
"3252","Kohomba Baby Prickly Heat 100G","powder","Baby Care","Unit"
"3256","Kohomba Baby Soap","soap","Baby Care","Unit"
"3259","Kohomba Baby Talc Herbal","","Baby Care","Unit"
"5869","Kohomba F/w 50Ml","Other","Other","Unit"
"5764","Kohomba Herbal Colonge","Other","Personal Care","Unit"
"9101","Kohomba Kaha Brightening Facial Wash 100Ml","FACE WASH","Personal Care","Unit"
"3260","Kohomba Kaha Deep Cleansing Milk 100Ml","","Beverage","Unit"
"9072","Kohomba Kaha Moisturising Body Milk 100Ml","other","Beverage","Unit"
"3261","Kohomba Kaha Skin Toner 100Ml","","Personal Care","Unit"
"3262","Kohomba Kaha Whitning Face Wash 100Ml","FACE WASH","Personal Care","Unit"
"3263","Kohomba Kaha Whitning Face Wash 50Ml","","Personal Care","Unit"
"3255","Kohomba Soap Herbal","soap","Personal Care","Unit"
"3264","Kohomba Vanila Sope","","Other","Unit"
"5763","Kohomba Vinivel Colonge","Other","Personal Care","Unit"
"3265","Kojic Cream","","Personal Care","Cream/Ointment"
"5927","Kolaselesmawa Thel","Other","Other","Unit"
"3266","Kolathelismawa","oil","Other","Unit"
"1035","Konda Katu","others","Other","Unit"
"3267","Kool & Fresh Mouth Wash 250Ml","MOUTH WASH","Personal Care","Unit"
"3268","Kool & Fresh Mouthwash 100Ml","wash","Personal Care","Unit"
"3269","Kool & Fresh Mw Small","","Other","Unit"
"3270","Kool N Fresh 250Ml","mouth wash","Personal Care","Unit"
"5216","Kopico","other","Other","Unit"
"6130","Kosposha","Other","Other","Unit"
"3272","Kothmale Chese","","Other","Unit"
"3273","Kothmale Fresh Milk 1L","milk","Beverage","Unit"
"3274","Kothmale Fresh Milk 200 Ml","drink","Beverage","Unit"
"3276","Kothmale Milk Packet 170Ml","milk","Beverage","Packet"
"8087","Kothmale Milk Packet Pouch 180Ml Vanila","milk","Beverage","Packet"
"3277","Kothmale Yoghurt","yoghurt","Other","Unit"
"3278","Kothmale Youget Drink","yoghurt drink","Beverage","Unit"
"3279","Kumarica Anti Dandruff Hair Oil 100Ml","","Other","Unit"
"3280","Kumarica Anti Dandruff Hair Oil 50Ml","","Other","Unit"
"3281","Kumarica Splitend Control Hair Oil 100Ml","OIL","Other","Unit"
"3282","Kumarica Splitend Control Hair Oil 200Ml","","Other","Unit"
"5820","Kumarika Dandurf Control 100Ml","Other","Other","Unit"
"3284","Kumarika Hair Herble Oil 200Ml","","Other","Unit"
"5818","Kumarika Hair Oil 100Ml","Other","Other","Unit"
"3285","Kumarika Herbal Hair Oil 100Ml","oil","Other","Unit"
"3286","Kumarika Herbal Oil 200Ml","oil","Other","Unit"
"3288","Kumarika Long & Black Shampoo 80Ml","others","Personal Care","Unit"
"5796","Kumarika Shampoo","Other","Personal Care","Unit"
"1365","Kumarika Shampoo","others","Personal Care","Unit"
"3290","Kurakkan Cracker 100G","","Biscuit","Unit"
"4368","Ky Jel","jel","Other","Cream/Ointment"
"8166","Ky Jelly 42G","cream","Personal Care","Cream/Ointment"
"3291","L- Pred 0.5","","Other","Unit"
"6423","L-pred 0.5%","eye drops","Medicine","Drops"
"6825","L-trim 480Mg","Tablet","Medicine","Tablet"
"3292","L-trim Syrup 50Ml","","Medicine","Syrup"
"5532","L.trim Suspension","syrup","Medicine","Syrup"
"5530","L.trim Tablet","Tablet","Medicine","Tablet"
"6514","Lace Cot Sheet","other","Other","Unit"
"3293","Lacon Syrup 120Ml","","Medicine","Syrup"
"3294","Lacryvisc","","Other","Unit"
"3295","Lacryvisc 10G","oinment","Other","Unit"
"9631","Lactacid V- Wash 200Ml","wash","Personal Care","Unit"
"9532","Lactacid V-wash 200Ml","wash","Personal Care","Unit"
"7609","Lacto Calamine Cream","cream","Personal Care","Cream/Ointment"
"3296","Lacto Calamine Lotion 100 Ml","Bottle","Beverage","Cream/Ointment"
"3297","Lacto Calamine Lotion 70G","Other","Personal Care","Cream/Ointment"
"3699","Lacto Calamine Powder","Tablet","Medicine","Tablet"
"3299","Lacto Compo 4","","Other","Unit"
"9123","Lacto Cream (Morison)","cream","Personal Care","Cream/Ointment"
"3300","Lacto Cream 43 G","cream","Personal Care","Cream/Ointment"
"7551","Lacto Dha","Capsule","Medicine","Capsule"
"3301","Lacto Grow Compro 3","Other","Other","Unit"
"9082","Lacto Hydra Intense Cream 100G","cream","Personal Care","Cream/Ointment"
"9116","Lacto Hydra Intense Cream 50G","other","Personal Care","Cream/Ointment"
"9341","Lactogen 1 350G","other","Other","Unit"
"9340","Lactogen 2","other","Other","Unit"
"9339","Lactogrow Comfopro 3","milk powder","Snack","Unit"
"3303","Lactol Sachets","","Other","Unit"
"3304","Lactol Tabs","","Other","Tablet"
"3305","Lactone 25Mg","Tablet","Medicine","Tablet"
"3306","Lactulose Syrup 100Ml","syrup","Medicine","Syrup"
"3307","Lady Jesmine","other","Other","Unit"
"8120","Ladymil Vanila","milk powder","Snack","Unit"
"3308","Lalan Gloves","","Other","Unit"
"5728","Lamosyn 100Mg","Tablet","Medicine","Tablet"
"3309","Lamosyn 25","Tablet","Medicine","Tablet"
"3310","Lamosyn 50","Tablet","Medicine","Tablet"
"3311","Lanalight Cream","","Personal Care","Cream/Ointment"
"9687","Laniss Color Cream","color cream","Personal Care","Cream/Ointment"
"8825","Lansu","others","Other","Unit"
"3312","Lantus Insulin (Iv) 100Iu/ml","","Other","Injection"
"3313","Lara 50 Mg","Tablet","Medicine","Tablet"
"3314","Lasix 40Mg","Tablet","Medicine","Tablet"
"9541","Laura 10Mg","Tablet.","Medicine","Tablet"
"9250","Laura 10Mg Spc","Tablet","Medicine","Tablet"
"3315","Laxafit Syrup","Syrup","Medicine","Syrup"
"9409","Laxafred 5Mg Tabs","Tablet","Medicine","Tablet"
"9015","Laxol Solut100ml","syrup","Medicine","Syrup"
"10092","Lazo 500Mg","Tablet.","Medicine","Tablet"
"6008","Lb Health Shampoo 75Ml","Other","Personal Care","Unit"
"6022","Lb Total 100Ml","Other","Other","Unit"
"3316","Lc 5","","Other","Unit"
"3318","Ldnil 20Mg","Tablet","Medicine","Tablet"
"3317","Ldnil Tabs 10Mg","Tablet","Medicine","Tablet"
"3319","Ldnil Tabs 5Mg","Tablet","Medicine","Tablet"
"8263","Lebasma Syrup","Syrup","Medicine","Syrup"
"3321","Lebebet 100","","Other","Unit"
"3322","Lebesma Syrup 100Ml","","Medicine","Syrup"
"6023","Leby Ayuda Soap 80G","soap","Personal Care","Unit"
"6024","Leby Health","Other","Other","Unit"
"3323","Lecef Kidtab 125Mg","","Other","Unit"
"3324","Lecetzy 5Mg","","Other","Unit"
"1141","Ledeflex","Tablet","Medicine","Tablet"
"5737","Lefexy 500Mg","Tablet","Medicine","Tablet"
"3325","Leflox 250Mg","Tablet","Medicine","Tablet"
"3326","Leflox 500Mg","Tablet","Medicine","Tablet"
"2967","Lefna 10","Tablet","Medicine","Tablet"
"3327","Lefra 10Mg","tablets","Other","Unit"
"3328","Lefra 20","","Other","Unit"
"3329","Lemon Cream Wafers 85G","","Personal Care","Cream/Ointment"
"3330","Lemon Puff","","Other","Unit"
"8355","Lemon Puff 100G","other","Other","Unit"
"3332","Lemon Puff Maliban 200G","Tablet","Medicine","Tablet"
"3333","Letov 2.5","Tablet","Medicine","Tablet"
"8250","Letroz 2.5Mg","Tablet","Medicine","Tablet"
"3334","Letrozole 2.5Mg","Tablet","Medicine","Tablet"
"6049","Leugem","Tablet","Medicine","Tablet"
"6108","Leugen 4Mg Sache","Other","Other","Unit"
"6869","Levipil 1G","Tablet","Medicine","Tablet"
"3337","Levipil 250 Mg","Tablet","Medicine","Tablet"
"3338","Levipil 500Mg","Tablet","Medicine","Tablet"
"3339","Levipil 750 Mg","Tablet","Medicine","Tablet"
"3336","Levipil Xr 500Mg","Tablet","Medicine","Tablet"
"3340","Levocit 5 Mg","","Medicine","Unit"
"6837","Levofloxacin 250Mg (Spc)","Tablet","Medicine","Tablet"
"9301","Levothyroxine 50Mg (Spmc)","other","Other","Unit"
"9675","Levoxin 250Mg","Tablet","Medicine","Tablet"
"3341","Levoxin 500","Tablet","Medicine","Tablet"
"3342","Lexotanil 3 Mg","","Medicine","Unit"
"3343","Lexotonil 1.5 Mg","Tablet","Medicine","Tablet"
"3344","Lia Diamand Facewash","","Personal Care","Unit"
"3345","Lia Diamond","Tablet","Medicine","Tablet"
"3346","Lia Diamond Day Cream 50G","","Personal Care","Cream/Ointment"
"3347","Lia Diamond Night Cream 50G","","Personal Care","Cream/Ointment"
"3348","Lia Fairness Cream 50Gm","","Personal Care","Cream/Ointment"
"3349","Lia Gold","other","Other","Unit"
"5653","Lia Gold Fairness Night Cream","cream","Personal Care","Cream/Ointment"
"2548","Liana","other","Other","Unit"
"3350","Libitus Cough Syrup","Syrup","Medicine","Syrup"
"3352","Librax Dragees","Tablet","Medicine","Tablet"
"3353","Lice Gaurd Shampoo","","Personal Care","Unit"
"5746","Life Boy Herbal Shampoo","Other","Personal Care","Unit"
"5747","Life Boy Shampoo 40Ml","Other","Personal Care","Unit"
"9153","Lifebouy 75G","soap","Personal Care","Unit"
"9085","Lifebouy Handwash 200Ml","soap","Personal Care","Unit"
"3355","Lifeboy Hand Wach4796005650628","","Other","Unit"
"5773","Lifeboy Hand Wash Packet Red","Other","Personal Care","Packet"
"3357","Lifeboy Shampoo 175Ml","shampoo","Personal Care","Unit"
"9385","Lifeboy Shampoo 175Ml 2","shampoo","Personal Care","Unit"
"6985","Lifeboy Shampoo 40Ml","shampoo","Personal Care","Unit"
"3359","Lifeboy Shampoo 80Ml","shampoo","Personal Care","Unit"
"3358","Lifeboy Shampoo Anti Dranduf 175Ml","","Personal Care","Unit"
"3361","Lifeboy Shampoo Herbal","","Personal Care","Unit"
"5774","Lifeboy Shampoo Pouch 100Ml","Other","Personal Care","Packet"
"3362","Lifeboy Shampoo Strong & Long 175Ml","shampoo","Personal Care","Unit"
"3363","Lifeboy Shampoo Strong & Thick","","Personal Care","Unit"
"3360","Lifeboy Shampoo(new)","shampoo","Personal Care","Unit"
"2407","Lifeboy Soap 100G","soap","Personal Care","Unit"
"3356","Lifeboy Soap 75G","soap","Personal Care","Unit"
"3364","Lifeboy Soap Total","soap","Personal Care","Unit"
"3366","Lifeboy Strong & Long","","Other","Unit"
"3368","Lifebuoy Hand Wash Green Tea 200Ml","","Beverage","Unit"
"3367","Lifebuoy Hand Wash200ml","Other","Other","Unit"
"3370","Lifebuoy Handwash 180Ml","Other","Other","Unit"
"3372","Lifebuoy Soap","Other","Personal Care","Unit"
"3373","Lifebuoy Soap","soap","Personal Care","Unit"
"5778","Lifebuoy Soap Oliveoil","Other","Personal Care","Unit"
"3376","Lifebuoy Total 10 Refill 180Ml","","Other","Unit"
"8188","Ligazid 5Mg","Tablet","Medicine","Tablet"
"7546","Light Eyes 15Ml","gel","Medicine","Cream/Ointment"
"3377","Light Mari","","Other","Unit"
"8040","Lijenta 5Mg","Tablet","Medicine","Tablet"
"3379","Lilac Syrup New","Syrup","Medicine","Syrup"
"3380","Lilac Syrup New","Syrup","Medicine","Syrup"
"9044","Lime Face Wash 50Ml","FACE WASH","Personal Care","Unit"
"3382","Linaglip 5Mg","","Other","Unit"
"3383","Linatab 5 Mg","other","Medicine","Tablet"
"3384","Linavic 5Mg","Tablet","Medicine","Tablet"
"3385","Linc Speed Pen","","Other","Unit"
"3386","Lini 5 Mg","","Medicine","Unit"
"5751","Link Paspanguwa","Other","Other","Unit"
"3387","Lino 5Mg","Tablet","Medicine","Tablet"
"2870","Lip Balm","other","Other","Unit"
"3389","Lipicard 200Mg","Tablet","Medicine","Tablet"
"5720","Lipicon 10Mg","Tablet","Medicine","Tablet"
"5719","Lipicon 20Mg","Tablet","Medicine","Tablet"
"8279","Lipidrop 20Mg","Tablet","Medicine","Tablet"
"1293","Lipidrop 20Mg (Spc)","Tablet","Medicine","Tablet"
"3391","Lipiget Tabs 10Mg","Tablet","Medicine","Tablet"
"3392","Lipiget Tabs 20Mg","Tablet","Medicine","Tablet"
"3393","Lipikind 10","","Other","Unit"
"3394","Lipikind 20Mg","Tablet.","Medicine","Tablet"
"3396","Lipitor 10Mg","Tablet","Medicine","Tablet"
"3395","Lipitor 20Mg","tablet","Medicine","Tablet"
"3397","Lipizim 5","","Other","Unit"
"9736","Lipstick","others","Other","Unit"
"3398","Lipton Green Tea Pure","","Beverage","Unit"
"3399","Lipton Greentea Citrus","","Other","Unit"
"3401","Liquid Praffin 100Ml","others","Other","Unit"
"4136","Liquidparaffin 500Ml","other","Other","Unit"
"3402","Listerine 250Ml","","Other","Unit"
"3403","Listerine 80Ml","","Other","Unit"
"3404","Listril 5Mg","Tablet","Medicine","Tablet"
"1857","Lite Marie 90G","biscuit","Biscuit","Unit"
"3406","Lithium Carbonate 250Mg","Tablet","Medicine","Tablet"
"3407","Lithosam Sr 400 Mg","Tablet","Medicine","Tablet"
"5729","Lithosun Sr 400Mg","Tablet","Medicine","Tablet"
"5741","Little Lion Roll Cake","other","Other","Unit"
"5635","Little Lion Swiss Roll.","Other","Other","Unit"
"2078","Liv-52 Tablet","Tablet","Medicine","Tablet"
"3409","Livipil 500 Mg","","Medicine","Unit"
"3410","Livo-e","Tablet","Medicine","Tablet"
"7576","Lizovit Syrup 200Ml Ex","Syrup","Medicine","Syrup"
"3411","Lo Kal Gold Powder 1G 50S","","Other","Unit"
"3412","Lo Kal Gold Tablets","","Other","Unit"
"3413","Loceryl Cream","cream","Personal Care","Cream/Ointment"
"53105","Loceryl Cream 30G","cream","Personal Care","Cream/Ointment"
",","0","","Other","Unit"
"3414","Locoma","","Other","Unit"
"3415","Logout 100Mg","Tablet","Medicine","Tablet"
"5641","Lokit Tab","Tablet","Medicine","Tablet"
"5785","Lolipop","Other","Other","Unit"
"8950","Lolipop","other","Other","Unit"
"3416","Lomac 20Mg","Tablet","Medicine","Tablet"
"3417","Lomtas Cream","","Personal Care","Cream/Ointment"
"2512","Long Drive Delay Spray","Spray","Personal Care","Unit"
"8043","Loperamide 2Mg","Capsule","Medicine","Capsule"
"3418","Loramide 2Mg","Capsule","Medicine","Capsule"
"3420","Loratadine 10Mg Cadila (Spc)","Tablet","Medicine","Tablet"
"3419","Loratadine 10Mg(abc)","Tablet","Medicine","Tablet"
"3421","Loratadine Spmc 10Mg","Tablet","Medicine","Tablet"
"5707","Loratadine Syrup","syrup","Medicine","Syrup"
"3422","Lorax 10","","Other","Unit"
"8305","Lorez Syrup","Syrup","Medicine","Syrup"
"8217","Lorfast","Tablet","Medicine","Tablet"
"7557","Lorid 10Mg","Tablet","Medicine","Tablet"
"3423","Lorid Syrup 60Ml","Syrup","Medicine","Syrup"
"3424","Loridin Rapitab 10Mg","Tablet","Medicine","Tablet"
"3425","Lorinol 10Mg","Tablet","Medicine","Tablet"
"3426","Lorvas Sr 1.5Mg","Tablet","Medicine","Tablet"
"8401","Loryt Syrup","Syrup","Medicine","Syrup"
"3428","Loryt Syrup","Syrup","Medicine","Syrup"
"3427","Loryt Tablet","Tablet","Medicine","Tablet"
"3429","Losacar 25Mg","Tablet","Medicine","Tablet"
"3430","Losacar 50Mg","Tablet","Medicine","Tablet"
"3431","Losacar H","Tablet","Medicine","Tablet"
"3432","Losakind 25Mg","","Other","Unit"
"3433","Losakind 50Mg","","Other","Unit"
"9309","Losarcar 25Mg","other","Other","Unit"
"4978","Losaright 50Mg","Tablet.","Medicine","Tablet"
"8425","Losaright 50Mg","Tablet.","Medicine","Tablet"
"3434","Losartan 25Mg (Astron)","Tablet","Medicine","Tablet"
"7452","Losartan 50Mg Spc","Tablet","Medicine","Tablet"
"3437","Losartan Pot (Spmc) 50Mg","Tablet","Medicine","Tablet"
"5848","Losatace 50Mg","Tablet","Medicine","Tablet"
"3438","Losatan 25 Spc","","Other","Unit"
"3439","Losatrust 25Mg","Tablet","Medicine","Tablet"
"3440","Losatrust 50 Mg","Tablet","Medicine","Tablet"
"3441","Losatrust H","Tablet","Medicine","Tablet"
"5259","Lotepred Eye Drop","eye drops","Medicine","Drops"
"3442","Lotepred-t 5Ml","eye drops","Medicine","Drops"
"5867","Lotus F/w 50Ml","Other","Other","Unit"
"9200","Lowpres 50Mg","other","Other","Unit"
"3444","Lubbo","","Other","Unit"
"5679","Lubricart","tab","Medicine","Tablet"
"3445","Lucan R 150Mg","Capsule","Medicine","Capsule"
"6895","Lumark 500Mg","tablets","Other","Unit"
"3447","Lumbo Sacral Corset (M)","Other","Other","Unit"
"3446","Lumbo Sacral Corset (L)","Other","Other","Unit"
"8271","Lumbo Sacral Corset (New) M","collar","Other","Unit"
"9166","Lumid","other","Other","Unit"
"3448","Lumigan 0.1 Mg","eye drops","Medicine","Drops"
"3449","Lumigan 0.3 Ml","eye drops","Medicine","Drops"
"9735","Lunch Box","other","Other","Packet"
"9739","Lunch Box 2","other","Other","Packet"
"9740","Lunch Box 3","other","Other","Packet"
"9741","Lunch Box 4","other","Other","Packet"
"9747","Lunch Box 5","other","Other","Packet"
"3450","Lunuwila Anti Dandruff Shampoo 130Ml","","Personal Care","Unit"
"3451","Lunuwila Anti Dandruff Shampoo 180Ml","","Personal Care","Unit"
"5767","Lux Body Wash 240Ml","Other","Personal Care","Unit"
"5768","Lux Fresh Soap","Other","Personal Care","Unit"
"3453","Lux Sandal & Cream","","Personal Care","Cream/Ointment"
"5769","Lux Soap","Other","Personal Care","Unit"
"3452","Lux Soap","Other","Personal Care","Unit"
"3454","Lux Soap Almond Oil 100G","","Personal Care","Unit"
"3455","Lux Soap Mint & Cucamber 100G","","Personal Care","Unit"
"3456","Lycine","Other","Other","Unit"
"3459","Lysol 200Ml","Other","Other","Unit"
"3460","Lysol 500Ml","Other","Other","Unit"
"3457","Lysol Citronella 200Ml","","Other","Unit"
"3458","Lysol Citrus 200Ml","","Other","Unit"
"3461","Lysol Lavender 200Ml","","Other","Unit"
"3462","Lysol Lavender 950Ml","","Other","Unit"
"5755","Lysol Pine 200Ml","Other","Other","Unit"
"5678","Lyzapp Syrup","syrup","Medicine","Syrup"
"9011","M Aqua","cream","Personal Care","Cream/Ointment"
"5958","M Cam 15Mg","Tablet","Medicine","Tablet"
"3463","M Cam 7.5","","Other","Unit"
"5568","M-cam 15","Tablet","Medicine","Tablet"
"2893","M-coxia 90Mg","Tablet","Medicine","Tablet"
"3464","M. G. Tube","","Medicine","Tub"
"9242","M20 Capsules","other","Other","Capsule"
"5237","Magalax Syrup","syrup","Medicine","Syrup"
"3465","Maggi Chicken Flavour","","Other","Unit"
"1056","Magic Cube","other","Other","Unit"
"3467","Magnes Direct","","Other","Unit"
"3466","Magnesium Sulphate 50G","Other","Other","Unit"
"1369","Magnicare 400Mg","Tablet","Medicine","Tablet"
"6859","Magnivital Direct","sachet","Other","Packet"
"5186","Maha Narayana","oli","Other","Unit"
"3354","Maha Siddhartha 25Ml","oil","Other","Unit"
"3469","Mahacef 200Mg","Tablet","Medicine","Tablet"
"3468","Mahacef Tabs 100","Tablet","Medicine","Tablet"
"2897","Majic Comb","others","Other","Unit"
"5940","Maliban 1Kg","Other","Other","Unit"
"3470","Maliban 400 G","Other","Medicine","Unit"
"6128","Maliban Non Fat 400G","milk powder","Snack","Unit"
"3331","Maliban Non Fat 400G","Other","Other","Unit"
"3471","Maliban Sugar Free Biscuit","","Biscuit","Unit"
"3472","Maliban Yo Yo","","Other","Unit"
"6129","Maloban Milco 400G","Other","Other","Unit"
"3473","Mama Baby Wipes","","Baby Care","Unit"
"9160","Mama's Pride Nappy Wash 1Kg","other","Baby Care","Unit"
"6165","Mama's Pride Nappy Wash 250G","powder","Baby Care","Unit"
"9159","Mama's Pride Nappy Wash 400G","other","Baby Care","Unit"
"6835","Mamofen 10Mg","Tablet","Medicine","Tablet"
"3474","Manchee Lemon Puff 100G","","Other","Unit"
"5314","Mange Cream","For Pets","Personal Care","Cream/Ointment"
"1928","Mango Nectar 500Ml","othres","Other","Unit"
"3475","Manicarb Sr 400Mg","","Other","Unit"
"6082","Manorest 0. 25Mg","Tablet","Medicine","Tablet"
"3476","Manorest 0.25","tab","Medicine","Tablet"
"3477","Manorest 0.5","tab","Medicine","Tablet"
"6083","Manorest 0.5Mg","Tablet","Medicine","Tablet"
"1180","Mantomed 10Mg","Tablet","Medicine","Tablet"
"3478","Manypoko Diapers L","","Baby Care","Unit"
"3479","Manypoko Diapers M","","Baby Care","Unit"
"3480","Manypoko Diapers S","","Baby Care","Unit"
"3482","Manytime M","","Other","Unit"
"3624","Margosa Oil 30Ml","oil","Other","Unit"
"9649","Marmite 100G","other","Other","Unit"
"3483","Marmite 100G","others","Other","Unit"
"3484","Marmite 200G","other","Other","Unit"
"9648","Marmite 50G New","other","Other","Unit"
"9556","Marmite 50G New","cream","Personal Care","Cream/Ointment"
"3485","Mars Choco 18 G","","Snack","Unit"
"3487","Marvel Diapers (M) 16","diapers","Baby Care","Unit"
"3486","Marvel Diapers (Xl) 16","diapers","Baby Care","Unit"
"3494","Marvel Adult Diapers 10","diapers","Baby Care","Unit"
"5791","Marvel Baby Diaper S","Other","Baby Care","Unit"
"8282","Marvel Baby Diaper S/m/l","others","Baby Care","Unit"
"1207","Marvel Baby Diaper Xl","Other","Baby Care","Unit"
"1209","Marvel Diaper S","Other","Baby Care","Unit"
"3489","Marvel Diapers S 4","diapers","Baby Care","Unit"
"3491","Marvels Diaper Xl","diapers","Baby Care","Unit"
"3492","Marvels L 4","diapers","Baby Care","Unit"
"3493","Marvels M 16","BABY DIAPER","Baby Care","Unit"
"3490","Marvels M 4","diapers","Baby Care","Unit"
"3496","Marvels Wet Wipes Budy","","Other","Unit"
"3497","Mask Plus","","Other","Unit"
"3498","Maskacid Suspetion","syrup","Medicine","Syrup"
"3488","Mavel Baby Diaper M","DIAPER","Baby Care","Unit"
"3499","Max Dura","Tablet","Medicine","Tablet"
"3500","Max Omega 3","","Other","Unit"
"6260","Maxcel Sacheets 50G","others","Other","Unit"
"3501","Maxepa Capsules","Capsule","Medicine","Capsule"
"3502","Maxeval Syrup 200Ml","Syrup","Medicine","Syrup"
"6013","Maxflow - D 0.5Mg/0.4mg","Capsule","Medicine","Capsule"
"3503","Maxgalin 150","Tablet","Medicine","Tablet"
"8011","Maxgalin 50Mg","Tablet","Medicine","Tablet"
"3504","Maxgalin 75Mg","Tablet","Medicine","Tablet"
"3505","Maxit 50Mg","","Other","Unit"
"3506","Maxival Capsules","","Other","Capsule"
"1072","Maxival Syrup 200Ml","syrup","Medicine","Syrup"
"3507","Maxmol Drop","","Other","Drops"
"3508","Maxmol Syrup 100Ml","","Medicine","Syrup"
"6323","Maxpred Syrup 60Ml","syrup","Medicine","Syrup"
"3509","Maxpro Tabs 20Mg","Tablet","Medicine","Tablet"
"3510","Maxpro Tabs 40Mg","Tablet","Medicine","Tablet"
"3443","Maxx Cal","Tablet","Medicine","Tablet"
"5321","Maxx Cal","For Pets","Other","Unit"
"7616","Maxx Pro","Pets","Other","Unit"
"5255","Maya Oil","for hair","Other","Unit"
"3511","Mb Feedinf Bottlr Strub H Blue 120 Ml","Other","Other","Unit"
"3517","Mb Feeding Bottle Star B Blue 120Ml","","Beverage","Bottle"
"3519","Mb Silicon Teat (L)","Other","Other","Unit"
"3520","Mb Silicon Teat (M)","","Other","Unit"
"3521","Mb Silicon Teat (S)","","Other","Unit"
"3522","Mctaspray Nasal Spray","","Personal Care","Drops"
"3052","Md Aloe Vera Drink 500Ml","drink","Beverage","Unit"
"5608","Me B12","Tablet","Medicine","Tablet"
"3523","Measuring Cup 125Ml","","Other","Unit"
"3524","Measuring Cup 250Ml","cups","Other","Unit"
"3525","Measuring Cup 60Ml","cup","Other","Unit"
"3526","Mebiz Sr 200Mg Caps 5X10s","Capsule","Medicine","Capsule"
"5500","Mebworm 500Mg","Tablet","Medicine","Tablet"
"3527","Mec 50","","Other","Unit"
"6116","Medicare Shampoo 50Ml","Other","Personal Care","Unit"
"2962","Medicorum Cream","cream","Personal Care","Cream/Ointment"
"9040","Medigrip Plaster 1.25Cm 9.1M","plaster","Other","Unit"
"3528","Mediker 50Ml","","Other","Unit"
"3529","Medirub Hand Sanitiser 100Ml","","Other","Unit"
"3530","Medisafe Hand Disinfectant","","Other","Unit"
"3531","Medixon 16Mg","Tablet","Medicine","Tablet"
"3532","Medixon 4Mg","Tablet","Medicine","Tablet"
"3533","Medodermone Cream 15G","cream","Personal Care","Cream/Ointment"
"3534","Medodermone Ointment","ointment","Medicine","Cream/Ointment"
"3535","Medofloran 250Mg","Tablet","Medicine","Tablet"
"3536","Medrol 16 Mg","","Medicine","Unit"
"3537","Medrol 4 Mg","","Medicine","Unit"
"4057","Mee Pani","oil","Other","Unit"
"2743","Mefcor 500Mg","Tablet","Medicine","Tablet"
"9713","Mefen 500Mg","Tablet","Medicine","Tablet"
"3540","Mefen P 60Ml","syrup","Medicine","Syrup"
"3541","Meftal 500Mg","Tablet","Medicine","Tablet"
"3542","Meftal P","Tablet","Medicine","Tablet"
"3543","Meftal Syrup P 60Ml","","Medicine","Syrup"
"3545","Mega Check Machine","","Other","Unit"
"3546","Mega Check Machine Td-4257","others","Other","Unit"
"3547","Mega Check Strips Td-4207","Other","Other","Unit"
"3544","Mega Check Td-4257","strip","Other","Unit"
"3548","Mega Max","Capsule","Medicine","Capsule"
"3549","Megafil 10","Tablet.","Medicine","Tablet"
"3550","Megafil 20","Tablet","Medicine","Tablet"
"3551","Megafin","","Other","Unit"
"3553","Megalax Syrup","syrup","Medicine","Syrup"
"6626","Megamox Eye Drop","eye drops","Medicine","Drops"
"3552","Megarmox Opthimatic Solution 5 Ml","","Other","Unit"
"3554","Megavit","Tablet","Medicine","Tablet"
"6863","Megha Vac","other","Other","Unit"
"3555","Melalong Cream 15G","cream","Personal Care","Cream/Ointment"
"8053","Melarite Cream","cream","Personal Care","Cream/Ointment"
"3874","Melko 400G","milk powder","Snack","Unit"
"5625","Melmet 500","Tablet","Medicine","Tablet"
"3556","Melmet 500 Sr","Tablet","Medicine","Tablet"
"3797","Melo 3Mg","Tablet","Medicine","Tablet"
"3557","Melot 3Mg","Tablet","Medicine","Tablet"
"5045","Melot 6 Mg","Tablet","Medicine","Tablet"
"3558","Melox 15","Tablet","Medicine","Tablet"
"3559","Melox 7.5Mg","Tablet","Medicine","Tablet"
"5858","Meloxicam Tab 15Mg","Tablet","Medicine","Tablet"
"5694","Meloxicam Tab 7.5","Tablet","Medicine","Tablet"
"3560","Memorol G","","Medicine","Unit"
"7693","Menaril 16Mg","Tablet","Medicine","Tablet"
"7694","Menaril 8Mg","Tablet","Medicine","Tablet"
"9534","Mendin 10Mg","Tablet","Medicine","Tablet"
"10090","Mendin 5Mg","Tablet","Medicine","Tablet"
"3561","Menofem Cap","Capsule","Medicine","Capsule"
"3562","Menopace","Capsule","Medicine","Capsule"
"7587","Mentho Toffee","other","Other","Unit"
"3563","Menthol","others","Other","Unit"
"5665","Menthol","Other","Other","Unit"
"7562","Menthol (Bio Labs)","Other","Other","Unit"
"8058","Menthol 2% Cream","cream","Personal Care","Cream/Ointment"
"8137","Menthol 2% In Ointment (Felona)","ointment","Medicine","Cream/Ointment"
"8180","Menthosil Lozenges","Tablet","Medicine","Tablet"
"9716","Mentra 10Mg","Tablet","Medicine","Tablet"
"3564","Meronem 1G Iv","","Other","Injection"
"3565","Meronem 500Mg","","Other","Unit"
"3566","Mesacol 400Mg","Tablet","Medicine","Tablet"
"9111","Mesacol 500Mg Suppositery.","other","Other","Unit"
"6933","Mesco Choco","others","Snack","Unit"
"8400","Metacain Gel (New)","gel","Medicine","Cream/Ointment"
"3378","Metacaine Gel (Lignocaine )","cream","Personal Care","Cream/Ointment"
"3567","Metacoparamide Inj","","Other","Unit"
"3568","Metalax (Bisacodyl) 5Mg","Tablet","Medicine","Tablet"
"3569","Metaspray","Spray","Personal Care","Unit"
"3570","Metatime 500Mg","Tablet.","Medicine","Tablet"
"3576","Metchek 500Mg","tablets","Other","Unit"
"7526","Metforgen 500Mg","Tablet","Medicine","Tablet"
"3573","Metformin 500 Mg Usv","Tablet","Medicine","Tablet"
"3572","Metformin 500 Spmc","Tablet","Medicine","Tablet"
"3571","Metformin 500Mg (Loose)","Tablet","Medicine","Tablet"
"9402","Metformin 850Mg Tabs","Tablet","Medicine","Tablet"
"3575","Metformin Bp 850Mg","Tablet","Medicine","Tablet"
"3577","Methail Salsilate","","Other","Unit"
"3578","Methibion 1000","Tablet","Medicine","Tablet"
"8067","Methipred 16Mg","Tablet","Medicine","Tablet"
"8068","Methipred 4Mg","Tablet","Medicine","Tablet"
"3579","Methorex 2.5Mg","Tablet","Medicine","Tablet"
"3580","Methrogyl 400","","Other","Unit"
"3581","Methyldopa 250Mg","Tablet.","Medicine","Tablet"
"3582","Methylpredinisilone Tablet 16 (Spc)","Tablet210.","Medicine","Tablet"
"5567","Methylprednisolone Tab 4Mg (Spc)","Tablet","Medicine","Tablet"
"3583","Metkare 500Mg","","Other","Unit"
"3584","Metoclopramine 10 Mg","","Medicine","Unit"
"3585","Metojit 100Mg","Tablet","Medicine","Tablet"
"3586","Metoprolol 50Mg","","Other","Unit"
"3587","Metoz 2.5","Tablet","Medicine","Tablet"
"3588","Metoz 5Mg","Tablet","Medicine","Tablet"
"3589","Metrogyl 200","Tablet","Medicine","Tablet"
"3590","Metrogyl 400","Tablet","Medicine","Tablet"
"3591","Metrogyl Denta Gel 20Gm","gel","Medicine","Cream/Ointment"
"3592","Metrogyl Gel 30 Mg","gel","Medicine","Cream/Ointment"
"9351","Metrogyl Injection 100Ml","other","Medicine","Injection"
"3593","Metrogyl Suspension 100Ml","Syrup","Medicine","Syrup"
"5636","Metroleb 200Mg","Tablet","Medicine","Tablet"
"5630","Metroleb 400Mg","Tablet","Medicine","Tablet"
"3594","Metsone Syrup","","Medicine","Syrup"
"5622","Metvic Sr 500Mg","Tablet","Medicine","Tablet"
"5915","Mew Perfect Stright Keratine 250Ml","Other","Other","Unit"
"3595","Meyenberg 340G","","Other","Unit"
"3596","Mezo Cream","","Personal Care","Cream/Ointment"
"5597","Mhm Aqueous Soap","Other","Personal Care","Unit"
"6425","Mibe 10Mg","tablets","Other","Unit"
"3597","Micofil 15G","cream","Personal Care","Cream/Ointment"
"3598","Micogel Cream 15G","cream","Personal Care","Cream/Ointment"
"9256","Miconazole Cream 15G","cream","Personal Care","Cream/Ointment"
"3599","Micoson Cream 15G","cream","Personal Care","Cream/Ointment"
"3601","Microdox Dt","Tablet","Medicine","Tablet"
"8093","Microenima 20Ml","liquid","Other","Unit"
"3603","Micronema 10Ml","Other","Other","Unit"
"3600","Micropore Plaster 2X5","plaster","Other","Unit"
"5950","Miftard 10Ml","Other","Other","Unit"
"5949","Miftard Penfil","Other","Other","Unit"
"3604","Migarid 5","Tablet","Medicine","Tablet"
"3605","Miken Cream","cream","Personal Care","Cream/Ointment"
"3606","Milcef Syrup","syrup","Medicine","Syrup"
"3607","Milk + Rice Bath 100Ml","","Beverage","Unit"
"3608","Milk Baby Sope 50 G","","Baby Care","Unit"
"1210","Milk Bar Chocolate45g","biscut","Beverage","Unit"
"3609","Milk Cream 110G","","Beverage","Cream/Ointment"
"3610","Milk Short Cake 200G","Other","Beverage","Unit"
"8292","Milk Short Cake 45G","biscuit","Biscuit","Unit"
"3611","Milk Short Cake 85G","Other","Beverage","Unit"
"3612","Milk Short Cake Maliban 85G","","Beverage","Unit"
"2742","Milk Shorties 180G","biscuit","Biscuit","Unit"
"3613","Milk Shorties 75G","","Beverage","Unit"
"3614","Milk Sope 75 G","","Beverage","Unit"
"100050","Milo 180Ml","drink","Beverage","Unit"
"3615","Milo 200 G","milk","Beverage","Unit"
"3616","Milo 400G","Other","Other","Unit"
"5587","Milo 440Mg","Packet","Other","Packet"
"5585","Milo Drink 125Ml","Other","Beverage","Unit"
"3618","Minchi Lime","","Other","Unit"
"3141","Mineral Water 1000Ml","Bottle","Beverage","Bottle"
"7991","Miniprcss Xl 2.2Mg","Tablet","Medicine","Tablet"
"3619","Minipress Xl 2.5","Tablet","Medicine","Tablet"
"3620","Minipress Xl 5 Mg","Tablet","Medicine","Tablet"
"4989","Miniscar Cream","cream","Personal Care","Cream/Ointment"
"3621","Mino 5 Scalp Solution","Other","Other","Unit"
"3622","Mino Mosquito Spray","Spray","Personal Care","Unit"
"3623","Minodil 2%","","Other","Unit"
"6369","Minodil 5%","Lotion","Personal Care","Cream/Ointment"
"3625","Mint Facial Tissue Box 150S","","Other","Packet"
"3627","Minterra","Tablet","Medicine","Tablet"
"8092","Mirinda 250Ml","drink","Beverage","Unit"
"3628","Mirtaz 15 Mg","Tablet","Medicine","Tablet"
"3629","Mirtaz 30 Mg","Tablet","Medicine","Tablet"
"3630","Mirtazapine (Spc)","","Other","Unit"
"9659","Misar 40Mg","Tablet","Medicine","Tablet"
"3631","Misar 80Mg","","Other","Unit"
"9658","Misar H","Tablet","Medicine","Tablet"
"3632","Misar Tablets 80Mg","","Other","Unit"
"3634","Misumi Sope","soap","Personal Care","Unit"
"3635","Mithuri","Tablet","Medicine","Tablet"
"3636","Mitonil Cream 5%","cream","Personal Care","Cream/Ointment"
"3637","Mitonil Lotion 60Ml","","Personal Care","Cream/Ointment"
"3638","Mix Berry","","Other","Unit"
"3639","Mixed Berry Condoms","condoms","Other","Unit"
"3640","Mixtard 10 Ml","insulin","Other","Unit"
"3641","Mixtard 30Hm Penfil","insulin","Other","Unit"
"5695","Mloxicam Tb 15Mg","Tablet","Medicine","Tablet"
"3642","Mobit Cream","cream","Personal Care","Cream/Ointment"
"3643","Mobit Oniment","oinment","Other","Unit"
"3645","Modilip 10","Tablet","Medicine","Tablet"
"3644","Modlip 20Mg","Tablet","Medicine","Tablet"
"3646","Modureric 5 Mg","Tablet","Medicine","Tablet"
"3647","Moduretic Spc","Tablet","Medicine","Tablet"
"1556","Mofilet 500Mg","Tablet.","Medicine","Tablet"
"8335","Moistrurizing Face Wash Aloe Vera (Aurica)","other","Personal Care","Unit"
"3648","Moisturising Body Milk","","Beverage","Unit"
"9263","Momaderm Cream 1% 15Gm","cream","Personal Care","Cream/Ointment"
"3649","Momate Cream 5Gm","cream","Personal Care","Cream/Ointment"
"8240","Momate Cream New","cream","Personal Care","Cream/Ointment"
"3650","Momate Ointment 15G","","Medicine","Cream/Ointment"
"3652","Momcal","Tablet","Medicine","Tablet"
"3653","Momenap 12 Ml1","","Other","Unit"
"7650","Momento 5Mg","Tablet","Medicine","Tablet"
"3654","Momeson Nasal Spray","Spray","Personal Care","Drops"
"3655","Momson Cream","cream","Personal Care","Cream/Ointment"
"6624","Momsone Nasal Spray","nasal spray","Personal Care","Drops"
"3656","Momtas Cream 10G","other","Personal Care","Cream/Ointment"
"3657","Monas 10","","Other","Unit"
"3658","Monas 5 5Mg","","Other","Unit"
"3659","Monas Tabs 10Mg","","Other","Tablet"
"9185","Monocast 10Mg","Tablet","Medicine","Tablet"
"9825","Monocast 5Mg","Tablet","Medicine","Tablet"
"3660","Monocryi 3-0","","Other","Unit"
"3661","Monocryl 2","","Other","Unit"
"3662","Monocryl 3 Fs Curve","","Other","Unit"
"3663","Monocryl 5","","Other","Unit"
"3664","Montair 10Mg","Tablet","Medicine","Tablet"
"3665","Montair 4 Mg","Tablet","Medicine","Tablet"
"9723","Montair 5Mg","Tablet","Medicine","Tablet"
"1691","Montek 10Mg","Tablet","Medicine","Tablet"
"3667","Montek 4","","Other","Unit"
"9700","Monteluk 10Mg","Tablet","Medicine","Tablet"
"3668","Montiget 10Mg","Tablet","Medicine","Tablet"
"3669","Montiget 4Mg","Tablet","Medicine","Tablet"
"3670","Montiget 5Mg Tabs 2 X 7 S","Tablet","Medicine","Tablet"
"3671","Montiget Satchet 4Mg","Other","Other","Unit"
"3672","Moods All Night","","Other","Unit"
"3673","Moods Banana","","Other","Unit"
"3674","Moods Ribbed","","Other","Unit"
"3675","Moods Stobery","","Other","Unit"
"3676","Moods Ultra","","Other","Unit"
"5124","Moov 10G","cream","Personal Care","Cream/Ointment"
"5122","Moov 30G","cream","Personal Care","Cream/Ointment"
"3677","Morabito Spray","others","Personal Care","Unit"
"6897","Morcet 10Mg","tablets","Other","Unit"
"6898","Morcet 20Mg","Tablet","Medicine","Tablet"
"7610","Morison Gripe Mixture 200Ml","Syrup","Medicine","Syrup"
"9575","Morison Lacto Calamin Lotion 100Ml","Lotion","Personal Care","Cream/Ointment"
"9699","Morison Lacto Calamine Powder","powder","Other","Unit"
"1679","Morison Teats","others","Other","Unit"
"3679","Morisons Gripe Mixture 100Ml","Other","Other","Unit"
"3680","Mortein Deep Reach 45","liquid","Other","Unit"
"3682","Mortein Fast Kill 250Ml","Spray","Personal Care","Unit"
"3681","Mortein Fast Kill 400Ml","","Other","Unit"
"3684","Mortein Refil 60Night","others","Other","Unit"
"3683","Mortein Vap 30Nights Machine","liquid","Other","Unit"
"3685","Mortine Refill 30","liquid","Other","Unit"
"3686","Mortine Refill 45","Other","Other","Unit"
"5923","Mos Away","Other","Other","Unit"
"3687","Mosapride 5Mg","","Other","Unit"
"3688","Mosart 5Mg","Tablet","Medicine","Tablet"
"4292","Mosaway (Siddhalep)","Spray","Personal Care","Unit"
"3689","Mosid Mt5","Tablet","Medicine","Tablet"
"3690","Mosquito Repellen","","Other","Unit"
"5731","Mosquito Sticks","sticks","Other","Unit"
"3691","Motha Jelly Mix Fruit","","Other","Unit"
"3693","Motilium 10Mg","Tablet","Medicine","Tablet"
"1142","Motor Wheels","toys","Other","Unit"
"3694","Motten Refill 30 Night","","Other","Unit"
"3695","Movcol Sachet","Other","Other","Packet"
"9537","Movicol Sachet 13.81G","sachet","Other","Packet"
"9352","Moviz Tab 100'S 100Mg","other","Medicine","Tablet"
"3696","Movlef 10Mg","","Other","Unit"
"7597","Moxiclav 375Mg","Tablet","Medicine","Tablet"
"7611","Moxiget 400Mg","Tablet","Medicine","Tablet"
"6034","Moxiget Tab","Tablet","Medicine","Tablet"
"3697","Moxikind Cv 228.5Mg/5ml","","Other","Unit"
"3698","Moxikind Cv 375Mg","Tablet","Medicine","Tablet"
"9246","Moxikind Cv 625Mg","Tablet","Medicine","Tablet"
"9244","Moxikind Cv Suspension 228.5Mg","other","Other","Unit"
"3700","Moxileb 500","","Other","Unit"
"9311","Moxileb Dry Powder","other","Other","Unit"
"9664","Moxin B 500Mg","Tablet","Medicine","Tablet"
"3701","Moxol 250Mg","Capsule","Medicine","Capsule"
"5319","Ms Choco","other","Snack","Unit"
"3703","Mucopain 15G","cream","Personal Care","Cream/Ointment"
"3704","Mucro Hand Sanitizer","sanitizer","Personal Care","Unit"
"3706","Mucro Sun Cream 30+","cream","Personal Care","Cream/Ointment"
"3705","Mucro Sun Cream 50+","cream","Personal Care","Cream/Ointment"
"6084","Mulax 2Mg","Tablet","Medicine","Tablet"
"3707","Multibionta - M","Tablet","Medicine","Tablet"
"3708","Multiforte Caps","","Other","Unit"
"3709","Multiplex Syrup","syrup","Medicine","Syrup"
"1545","Multitasque","Other","Other","Unit"
"3710","Mumfer Drops","drops","Medicine","Drops"
"3711","Mumfer Syrup 150Ml","","Medicine","Syrup"
"3712","Mumfer Tabs","","Other","Tablet"
"3713","Munchee Custard Cream Biscuit 100G","","Biscuit","Cream/Ointment"
"3714","Munchee Vapers 85G","Other","Other","Unit"
"3715","Munchee Vapers Biscuits 170G","Other","Other","Unit"
"3716","Mupiban Cream 5G","cream","Personal Care","Cream/Ointment"
"3717","Mupiban Ointment 5Gm","","Medicine","Cream/Ointment"
"3718","Mupirax Ointment","cream","Personal Care","Cream/Ointment"
"3719","Musclegurd","cream","Personal Care","Cream/Ointment"
"3720","Muvera 15 Tabs 15Mg 1","Tablet","Medicine","Tablet"
"3721","Muvera 7.5 Mg","Tablet","Medicine","Tablet"
"3722","Mv Gold","","Other","Unit"
"3723","Mv Plus","vitamin","Other","Unit"
"8162","My C Plus","Tablet","Medicine","Tablet"
"3724","My Doc Hand Sanitizer 500Ml","","Personal Care","Unit"
"3725","My Doc Hand Sanitizer 50Ml","Other","Personal Care","Unit"
"8007","Myclav 625Mg Expire","Tablet","Medicine","Tablet"
"9257","Myclav Syrup 156.25Mg","other","Medicine","Syrup"
"8006","Myclav Syrup 228.5Mg","syrup","Medicine","Syrup"
"3728","Mycoral Cream 15G","cream","Personal Care","Cream/Ointment"
"8269","Mycoral Cream 5G","cream","Personal Care","Cream/Ointment"
"2297","Mycoril 100Mg","Tablet","Medicine","Tablet"
"3730","Mycoril 200Mg","Tablet.","Medicine","Tablet"
"3731","Mycoril Cream 1%","cream","Personal Care","Cream/Ointment"
"3732","Mydoc Hand Sanitizer","","Personal Care","Unit"
"3733","Mynerve-plus","Tablet","Medicine","Tablet"
"2004","Myofol D","table","Other","Unit"
"5621","Myoin Tablet","tablet","Medicine","Tablet"
"3734","Myosita Plus","Tablet","Medicine","Tablet"
"3735","Myotan 25 Mg","Tablet","Medicine","Tablet"
"3736","Myotan 50 Mg","Tablet","Medicine","Tablet"
"3737","Myoxyl 2Mg","Tablet","Medicine","Tablet"
"8249","Mysol 4Mg","Tablet","Medicine","Tablet"
"3739","N G Tube","","Medicine","Tub"
"3320","N Marks Facial Wash","OTHER","Personal Care","Unit"
"3740","N-klear Inhaler","","Medicine","Inhaler"
"3741","N.g Tube","","Medicine","Tub"
"3742","Nabuflam 500Mg","Tablet","Medicine","Tablet"
"3743","Nac 600Mg","","Other","Unit"
"3744","Nafin 20 Sr","","Other","Unit"
"1058","Nail Cuter Medium","other","Other","Unit"
"1052","Nail Cuter Small","others","Other","Unit"
"9737","Nail Polish","POLISH","Other","Unit"
"5882","Nail Polish 125Ml","Other","Other","Unit"
"9056","Nail Polish Remover 100Ml","other","Other","Unit"
"3745","Naive Rose Capsules","","Other","Capsule"
"3746","Naligram Syrup","","Medicine","Syrup"
"6053","Nalix 500Mg","Tablet","Medicine","Tablet"
"3747","Nan 1 Hmo","other","Other","Unit"
"3748","Nan 1 Tin","Tin","Other","Packet"
"9344","Nan 2 300G","other","Other","Unit"
"3749","Nan 2 Hmo","Other","Other","Unit"
"3750","Nan 2 Tin","milk powder","Snack","Packet"
"3751","Nan 3 Hmo Tin","OTH","Other","Packet"
"7544","Nan 3 Pack","milk powder","Snack","Packet"
"9343","Nan 4 350G","other","Other","Unit"
"3752","Nan 4 Pack","milk powder","Snack","Packet"
"3753","Nangrow 3 Hmo Packet","Packet","Other","Packet"
"5586","Nangrow 4 Hmo","Tin","Other","Packet"
"3754","Nanovit Cap","","Medicine","Capsule"
"6557","Napi Pin","other","Other","Unit"
"6582","Nappy Clip","other","Baby Care","Unit"
"3755","Nasi Saline","Spray","Personal Care","Unit"
"5674","Nasivio P 0.025%","drop","Other","Drops"
"5675","Nasivion A 0.05%","drop","Other","Drops"
"3756","Nasivion P Nasal Drop 10Ml","","Other","Drops"
"3759","Nasoclear 20Ml","drop","Other","Drops"
"3760","Nasomet Nasal Spray","nasal spray","Personal Care","Drops"
"3761","Naswash Nasal Spray 15Ml","nasal drops","Personal Care","Drops"
"9266","Nat C Ester Powder Sachet 2.52G","other","Other","Packet"
"3762","Nat-c Ester 1000Mg","","Other","Unit"
"3763","Nat8hres Secrt Face Wash 100 Ml","","Personal Care","Unit"
"3764","Natasan","eye drops","Medicine","Drops"
"3765","Natocare","Capsule","Medicine","Capsule"
"3766","Natrasol 50","","Other","Unit"
"3767","Natrilix Sr Tabs 1.5Mg","Tablet","Medicine","Tablet"
"3768","Natrocontine 6.4","","Other","Unit"
"9094","Natural Brightening Body Lotion 100Ml","Lotion","Personal Care","Cream/Ointment"
"8333","Natural Glow Fairness Cream (Aurica)","other","Personal Care","Cream/Ointment"
"3142","Natural Mineral Water 5000Ml","Bottle","Beverage","Bottle"
"9115","Nature Base Body Lotion 75Ml","Lotion","Personal Care","Cream/Ointment"
"9077","Nature Based Body Lotion 50Ml","other","Personal Care","Cream/Ointment"
"4433","Nature Power Papaya Soap","other","Personal Care","Unit"
"3769","Nature Secret Anti Dandruff Shampoo 100Ml","shampoo","Personal Care","Unit"
"3770","Nature Secret Carrot Soft Facewash 100Ml","FACE WASH","Personal Care","Unit"
"3772","Nature Secret Deep Cleansing Milk Cucumber 100Ml","cream","Beverage","Cream/Ointment"
"3774","Nature Secret Face Wash 50 Ml","others","Personal Care","Unit"
"3771","Nature Secret Hair Oil 100Ml","oil","Other","Unit"
"3775","Nature Secret Kohomba Kaha 100Ml","","Other","Unit"
"3776","Nature Secret Kohomba Kaha 50Ml","","Other","Unit"
"10024","Nature Secret Multivitamin Cream","other","Personal Care","Cream/Ointment"
"3779","Nature Secret Nail Polish Remover With Olive Oil 60Ml","Other","Other","Unit"
"3780","Nature Secret Skin Toner Cucumber 100Ml","other","Personal Care","Unit"
"3781","Nature Secrets Aloe Skin Soothing Gel 50Ml","other","Medicine","Cream/Ointment"
"3786","Nature Secrets Aloera Cream 50Ml","Lotion","Personal Care","Cream/Ointment"
"3783","Nature Secrets Body Lotion Alovera 100Ml","Lotion","Personal Care","Cream/Ointment"
"3785","Nature Secrets Body Lotion Carrot 50Ml","","Personal Care","Cream/Ointment"
"3787","Nature Secrets Body Lotion Jasmine 50Ml","","Personal Care","Cream/Ointment"
"3788","Nature Secrets Body Lotion Papaya 100Ml","","Personal Care","Cream/Ointment"
"3790","Nature Secrets F/w 50Ml","Other","Other","Unit"
"3793","Nature Secrets Face Wash 100Ml","FACE WASH","Personal Care","Unit"
"3792","Nature Secrets Face Wash Carrot 50Ml","","Personal Care","Unit"
"3791","Nature Secrets Face Wash Cucumber 100Ml","face wash","Personal Care","Unit"
"3794","Nature Secrets Face Wash Papaya 50Ml","Other","Personal Care","Unit"
"3796","Nature Secrets Sadun Scrub","cream","Personal Care","Cream/Ointment"
"3799","Nature Secrets Under Eye Cream 20Ml","CERAM","Personal Care","Cream/Ointment"
"1013","Nature Secrets Vit E Cream 50Ml","cream","Personal Care","Cream/Ointment"
"9110","Nature's Secret Turmeric Golden Cream 50Ml","cream","Personal Care","Cream/Ointment"
"9183","Nature's Secrets Anti Wrinkle Night Cream","cream","Personal Care","Cream/Ointment"
"9679","Nature's Secrets Face Wash 100Ml","face wash","Personal Care","Unit"
"9601","Nature's Secrets Face Wash 50Ml","face wash","Personal Care","Unit"
"9181","Nature's Secrets Multivitamin Face Cream","cream","Personal Care","Cream/Ointment"
"9182","Nature's Secrets Sandun Scrub","scrub","Other","Unit"
"9188","Nature's Secrets Sports Shower Gel 380Ml","Other","Personal Care","Cream/Ointment"
"9184","Nature's Secrets Vitamin E Skin Cream","cream","Personal Care","Cream/Ointment"
"3800","Naturee","","Other","Unit"
"3801","Navaclav 375Mg","","Other","Unit"
"6085","Navarathna Oil 100Ml","oil","Other","Unit"
"5782","Navarathna Oil 50Ml","Other","Other","Unit"
"4565","Navaratna Cool Oil 50Ml","oil","Other","Unit"
"9689","Navaratna Oil 50Ml","oil","Other","Unit"
"9559","Navratna Cool Talc 100G","talc","Other","Unit"
"4589","Nawarathna Extra Cool Oil 100Ml","oil","Other","Unit"
"3802","Nawarathna Oil 50 Ml","oil","Other","Unit"
"7540","Nawarathna Oil Cool 100Ml","oil","Other","Unit"
"3803","Naxidex Syrup 60Ml","syrup","Medicine","Syrup"
"3804","Naza 0.5Mg","Tablet","Medicine","Tablet"
"3805","Nazolin Nasal Spray","Spray","Personal Care","Drops"
"3806","Ncnorm-p","","Other","Unit"
"3807","Nebanol Powder","other","Other","Unit"
"3809","Nebilol 5","Tablet","Medicine","Tablet"
"3810","Nebivas 5","Tablet","Medicine","Tablet"
"3808","Nebix 2.5Mg","tab","Medicine","Tablet"
"3811","Nebulizer Mask Kit -Adult","Other","Other","Unit"
"3812","Nebulizer Mask P","","Other","Unit"
"7706","Nebulizer Mask Pediatric","mask","Other","Unit"
"3813","Needle 23 G","","Medicine","Unit"
"3814","Neelayadhi Oil 30Ml","Other","Other","Unit"
"5935","Neelyadi Oi 100Ml","Other","Other","Unit"
"6312","Neeroga Asamodagam","others","Other","Unit"
"15528","Nefin Er 20Mg","Tablet","Medicine","Tablet"
"5986","Nefrosave Plus","Tablet","Medicine","Tablet"
"3815","Negasant","Other","Other","Unit"
"9704","Nem Flex","Capsule","Medicine","Capsule"
"3816","Neo Klar 250Mg","","Other","Unit"
"3817","Neo Klar 500Mg","Tablet","Medicine","Tablet"
"3818","Neo Klar Oral Suspention 60Ml","","Other","Unit"
"6872","Neo Life Abdominal Belt M","BELT","Other","Unit"
"6974","Neo Life Cervical Collar Soft L","collar","Other","Unit"
"6973","Neo Life Cervical Collar Soft M","collar","Other","Unit"
"6975","Neo Life Cervical Collar Soft Xl","collar","Other","Unit"
"6970","Neo Life Knee Suport L","bandage","Other","Unit"
"6969","Neo Life Knee Suport M","bandage","Other","Unit"
"6972","Neo Life Knee Suport S","bandage","Other","Unit"
"6971","Neo Life Knee Suport Xl","bandage","Other","Unit"
"6976","Neo Life Lumbo Support M","BELT","Other","Unit"
"3819","Neo Lordin Tabs 5Mg","Tablet","Medicine","Tablet"
"3820","Neodine Oinment 15G","oinment","Other","Unit"
"3821","Neoprox 250 Mg","Tablet","Medicine","Tablet"
"3822","Neoprox 500Mg","Tablet","Medicine","Tablet"
"3823","Neotone Gel","gel","Medicine","Cream/Ointment"
"7573","Neotone Radiance 30Ml","cream","Personal Care","Cream/Ointment"
"8189","Neotone Serum","cream","Personal Care","Cream/Ointment"
"7598","Neozole Cream","cream","Personal Care","Cream/Ointment"
"3824","Nepac Eye Drop","eye drops","Medicine","Drops"
"3825","Nepanac 0.5%","","Other","Unit"
"6537","Nepez 5Mg","Tablet","Medicine","Tablet"
"3826","Nephcal","","Other","Unit"
"3827","Nepro Hp 400","","Other","Unit"
"3828","Nepro Lp","","Other","Unit"
"5967","Neralu Hair Oil 45Ml","oil","Other","Unit"
"5968","Neralu Hair Oil 90Ml","Other","Other","Unit"
"5969","Neralu Jasmine Oil 100Ml","Other","Other","Unit"
"3829","Nerralu Hair Oil","","Other","Unit"
"1007","Nervega 75Mg","","Other","Unit"
"3830","Nervex Bt","Tablet","Medicine","Tablet"
"3831","Nervijen Cap","Tablet","Medicine","Tablet"
"3832","Nervijen D","Tablet","Medicine","Tablet"
"5555","Nervon","Tablet","Medicine","Tablet"
"3833","Nescafe Hazel Ice","","Other","Unit"
"3834","Nescafe Ice Coffee","other","Beverage","Unit"
"100051","Nespray 350G","milk powd","Beverage","Unit"
"3835","Nestamalt 300G","Other","Other","Unit"
"3836","Nestamalt 400G","milk","Beverage","Unit"
"3837","Nestamolt 175 G","Other","Medicine","Unit"
"3838","Nestamolt Sachet","milk powder","Snack","Packet"
"3302","Nestomal Family Pack 600G","Other","Other","Packet"
"6125","Nestomalt 300G","milk powder","Snack","Unit"
"9335","Nestomalt 400G","milk powder","Snack","Unit"
"9283","Net","other","Other","Unit"
"3844","Netlay Grain Fruts","","Other","Unit"
"3846","Neupentin 100","","Other","Unit"
"3847","Neuro B Tab","","Medicine","Tablet"
"8115","Neurobid Cap","Capsule","Medicine","Capsule"
"3848","Neurobid D","","Other","Unit"
"8116","Neurobid Plus","Capsule","Medicine","Capsule"
"3849","Neurobion","Tablet","Medicine","Tablet"
"8201","Neurogab 100Mg","Tablet","Medicine","Tablet"
"3851","Neurogeno Cream","","Personal Care","Cream/Ointment"
"3850","Neurogink Caps","Capsule","Medicine","Capsule"
"3852","Neuropat","","Other","Unit"
"3853","Neurotone","Tablet","Medicine","Tablet"
"3855","Neurovan 50Mg","Tablet","Medicine","Tablet"
"3854","Neurovan 75Mg","Tablet","Medicine","Tablet"
"9707","Neutrate Bar","soap","Personal Care","Unit"
"8010","Neutrate Soap 100G","soap","Personal Care","Unit"
"3856","Nevan Drops","eye drops","Medicine","Drops"
"9194","Nevan Ts 0.3% 3Mg","other","Other","Unit"
"3858","Nevanac Eye Drops 5Mg","other","Medicine","Drops"
"3859","Nevi Plus Capsule","Tablet","Medicine","Tablet"
"3860","Nevox Xr 500Mg","Tablet","Medicine","Tablet"
"5972","New Keratin For Normal Hair 250Ml","Other","Other","Unit"
"3861","New Mathacin","","Other","Unit"
"5973","New Nutri Protect Restoring 250Ml","Other","Other","Unit"
"5977","New Signal Pack Strong 80Ml","Other","Other","Packet"
"5975","New Silicon Hair Treatment 25Ml","Other","Other","Unit"
"5974","New Smooth Intense Keratin 250Ml","Other","Other","Unit"
"3862","Newdale Youget","","Other","Unit"
"3863","Nexito 10 Mg","Tablet","Medicine","Tablet"
"3864","Nexito 20 Mg","Tablet","Medicine","Tablet"
"3865","Nexito 5Mg","Tablet","Medicine","Tablet"
"3866","Nexium 20 Mg","Tablet","Medicine","Tablet"
"3867","Nexium 40G","Tablet","Medicine","Tablet"
"3868","Nexpro 20","Tablet","Medicine","Tablet"
"3869","Nexpro 40","Tablet","Medicine","Tablet"
"7603","Nexzol 40 Mg","Tablet","Medicine","Tablet"
"9674","Ng Tubes 14,16","other","Other","Unit"
"3870","Nicadia 20Mg Spc","Tablet","Medicine","Tablet"
"3871","Nicadia Retard 20 Mg","","Medicine","Unit"
"3872","Nicadia Xl 30Mg","","Other","Unit"
"3873","Nicardia Retard 10Mg","Tablet","Medicine","Tablet"
"6038","Nicardia Retard 20Mg","Tablet","Medicine","Tablet"
"5910","Nicardia Xl 30Mg","Tablet","Medicine","Tablet"
"9353","Nicardia Xl 60Mg","other","Other","Unit"
"1004","Nice Baby Wet Wipe","others","Baby Care","Unit"
"3875","Nice Munchee","","Other","Unit"
"3876","Niclo Leva","","Other","Unit"
"3877","Nicnak Red 6 G","","Medicine","Unit"
"3878","Nicodil 10Mg","Tablet","Medicine","Tablet"
"5560","Nicorandil 10Mg (Spc)","Tablet","Medicine","Tablet"
"3879","Nicoril 10Mg","","Other","Unit"
"3880","Nicoril Spc 10 Mg","","Medicine","Unit"
"3882","Nicovex 10Mg","Tablet","Medicine","Tablet"
"3883","Nicovex 5Mg","Tablet","Medicine","Tablet"
"3884","Nidonil 80Mg","Tablet","Medicine","Tablet"
"3885","Nidrip L","","Other","Unit"
"3886","Nidrip M 4","","Other","Unit"
"5634","Nifendipine 20Mg","Tablet","Medicine","Tablet"
"3887","Nik Nak 6G","Other","Other","Unit"
"3888","Nilayadi Thailaya","","Other","Unit"
"5964","Nioderm Face Wash","Other","Personal Care","Unit"
"3889","Nipple Shield","","Other","Unit"
"3890","Nipro Gold","","Other","Unit"
"3891","Nirmaa Hand Sanitizer 500Ml","","Personal Care","Unit"
"3892","Nisoral Cream","","Personal Care","Cream/Ointment"
"3893","Nispore 150","Tablet","Medicine","Tablet"
"3894","Nist 100 Mg","","Medicine","Unit"
"8265","Nitrest 10Mg","Tablet","Medicine","Tablet"
"3896","Nitricontin 2.6 Mg","","Medicine","Unit"
"3897","Nitril Spray","Spray","Personal Care","Unit"
"5688","Nitrocontin 2.6","Tablet","Medicine","Tablet"
"5687","Nitrocontin 6.4","tab","Medicine","Tablet"
"2651","Nitrocontin 6.4Mg","Tablet.","Medicine","Tablet"
"3898","Nitrofiss Cream","cream","Personal Care","Cream/Ointment"
"3899","Nitrofurantoin Tablets 50Mg","other","Other","Unit"
"1782","Nitrosol Spray","others","Personal Care","Unit"
"9565","Nivdosha Herbal Cough Syrup Packet 8Ml","syrup","Medicine","Syrup"
"6564","Nivea Body Lotion 400Ml","Lotion","Personal Care","Cream/Ointment"
"6577","Nivea Creme","cream","Personal Care","Cream/Ointment"
"6569","Nivea Sun Block 60Spf","other","Other","Unit"
"3900","Niwarana","","Other","Unit"
"8215","Nizoral Cream 15G","cream","Personal Care","Cream/Ointment"
"3901","Nizoral Shampoo 60Ml","shampoo","Personal Care","Unit"
"3902","Nizoral Topical Cream 15G","cream","Personal Care","Cream/Ointment"
"3903","No Cal Honey","","Other","Unit"
"3904","Nodep 10Mg","Tablet","Medicine","Tablet"
"3905","Nodep 5Mg","Tablet","Medicine","Tablet"
"3906","Nodon Tabs 5Mg","Tablet","Medicine","Tablet"
"3907","Nodrip Diapers Adult M 10Pcs","","Baby Care","Unit"
"3908","Nodrip L 4","","Other","Unit"
"3909","Noklot 75Mg","Tablet","Medicine","Tablet"
"6698","Nolvadex-d 20Mg","Tablet","Medicine","Tablet"
"3910","Nomag Spray 100Ml","Other","Personal Care","Unit"
"9090","Nomarks Herbal Beauty Soap 50G","soap","Personal Care","Unit"
"100020","Non Woven Plaster","plaster","Other","Unit"
"9029","Non Woven Plaster 0.5X5","plaster","Other","Unit"
"9628","Non Woven Plaster 3/5","plaster","Other","Unit"
"9688","Noor Gold","cream","Personal Care","Cream/Ointment"
"5725","Norethisterone 5Mg (Nostra)","Tablet","Medicine","Tablet"
"3915","Norgest 5Mg","Tablet","Medicine","Tablet"
"3916","Norium 10Mg","Tablet","Medicine","Tablet"
"3917","Norium 5Mg","Tablet","Medicine","Tablet"
"3918","Normac 400 Mg","Tablet","Medicine","Tablet"
"1239","Normak Herbal Beauty Soap","soap","Personal Care","Unit"
"3919","Normal Face Mask","","Other","Unit"
"7527","Normal Saline (Axa)","saline","Other","Unit"
"3920","Normal Saline (Spc)","saline","Other","Unit"
"9560","Normal Saline 500Ml","saline","Other","Unit"
"3922","Normal Scissor","other","Other","Unit"
"3923","Normapress 25 Mg","","Medicine","Unit"
"5628","Normopress 25","Tablet","Medicine","Tablet"
"3924","Normopress 50 Mg","Tablet","Medicine","Tablet"
"3925","Noroxin 400 Mg","Tablet","Medicine","Tablet"
"9059","Nourishing Care Cocoa Butter Carrot And Vitamin A 100Ml","other","Other","Unit"
"3926","Nourishing Night Oil (Nno)","Other","Other","Unit"
"5507","Novaclav 375Mg","Tablet","Medicine","Tablet"
"3927","Novaclav 625Mg","Tablet","Medicine","Tablet"
"6319","Novapen 4","others","Other","Unit"
"3928","Novapreg 75","","Other","Unit"
"3930","Novarise 100Mg","Tablet.","Medicine","Tablet"
"3929","Novarise Syrup 120Ml","syrup","Medicine","Syrup"
"3931","Novasept 15G","","Other","Unit"
"4651","Novelta Syrup","others","Medicine","Syrup"
"3932","Novo Fine 31G 6Mm","needle","Other","Unit"
"3933","Novo Pen 4","","Other","Unit"
"4326","Now C 500","Tablet","Medicine","Tablet"
"3934","Now D3 2000","Tablet","Medicine","Tablet"
"5651","Nowax","drop","Other","Drops"
"6321","Noworm Plus","Tablet","Medicine","Tablet"
"3936","Nsit 100Mg","Tablet","Medicine","Tablet"
"3935","Nsit 50 Mg","Tablet","Medicine","Tablet"
"3335","Nstomalt 300G","Other","Other","Unit"
"5713","Nu D3 1K","Tablet","Medicine","Tablet"
"5714","Nu D3 2K","tab","Medicine","Tablet"
"3937","Nu-d3 1000","","Other","Unit"
"3938","Nu-d3 2000","","Other","Unit"
"3939","Nucoxia 120Mg","Tablet","Medicine","Tablet"
"3941","Nucoxia 90Mg","Tablet","Medicine","Tablet"
"3940","Nucoxia Tabs 60Mg","Tablet","Medicine","Tablet"
"3942","Nuelin Sr","Tablet","Medicine","Tablet"
"3943","Nuelin Syrup 100Ml","","Medicine","Syrup"
"3944","Nuflam","Tablet","Medicine","Tablet"
"3945","Nuforce-g Cream","cream","Personal Care","Cream/Ointment"
"6090","Nugesic","Other","Other","Unit"
"3946","Nulin Syrup","","Medicine","Syrup"
"3947","Numatazin 50G","","Other","Unit"
"3948","Nutragen","","Other","Unit"
"5620","Nutragen Regular 400Mg","Tin","Other","Packet"
"9248","Nutravit L Syrup 200Ml","other","Medicine","Syrup"
"2631","Nutravit-l Syrup","syrup","Medicine","Syrup"
"3950","Nutroplex Liuid","","Other","Unit"
"5631","Nvitor Cap","Capsule","Medicine","Capsule"
"3951","Nytatin 500 (Spc)","","Other","Unit"
"3952","O Kay 15G","chocolate","Snack","Unit"
"3012","Oast Choc","others","Other","Unit"
"6093","Oat Choco","Other","Snack","Unit"
"9342","Oats 500G","other","Other","Unit"
"95101","Ob Pro Comfort Tampons","Tablet","Medicine","Tablet"
"3953","Obimin","others","Other","Unit"
"3954","Occtol 150 Mg","","Medicine","Unit"
"9014","Ocid 20Mg","Capsule","Medicine","Capsule"
"3955","Octoflox Plus 5 Ml","","Other","Unit"
"8085","Ocumox Eye Ointment","eye oinment","Medicine","Cream/Ointment"
"3956","Ocurpres-e 0.5","eye drops","Medicine","Drops"
"2023","Odazyth 500Mg","Tablet","Medicine","Tablet"
"2025","Odazyth Dry Syrup","syrup","Medicine","Syrup"
"6568","Odomos Cream","others","Personal Care","Cream/Ointment"
"6567","Odomos Spray","others","Personal Care","Unit"
"3957","Odourless Fish Oil","","Other","Unit"
"3958","Oem Orange Flavour","powder","Other","Unit"
"3959","Off Mark Facewash","Other","Personal Care","Unit"
"3960","Off Mark Fainess Cream","cream","Personal Care","Cream/Ointment"
"3961","Off Mark Golden Facewash","FACE WASH","Personal Care","Unit"
"3962","Off Mark Night Cream","cream","Personal Care","Cream/Ointment"
"3963","Off Mark Shampoo 100Ml","shampoo","Personal Care","Unit"
"6067","Offmark Body Lotion 100Ml","Lotion","Personal Care","Cream/Ointment"
"6326","Offmark Men's Face Wash 50G","FACE WASH","Personal Care","Unit"
"6072","Offmark Shampoo 200Ml","shampoo","Personal Care","Unit"
"6324","Offmark Toner 100Ml","others","Personal Care","Unit"
"6061","Offmarks Anti Acne Face Wash","Other","Personal Care","Unit"
"5293","Offmarks Collagen Liquid","liquid","Other","Unit"
"6057","Offmarks For Men 50G","Other","Other","Unit"
"2284","Offmarks Scrub","scrub","Other","Unit"
"8337","Oil Clear Fash Wash Lemon (Ewon)","other","Personal Care","Unit"
"7516","Oil Of Dermae","cream","Personal Care","Cream/Ointment"
"3964","Oilatum Bar 100G","","Other","Unit"
"3965","Oiltem Bar","","Other","Unit"
"3967","Olamin Cream","cream","Personal Care","Cream/Ointment"
"8015","Olan 10Mg","Tablet","Medicine","Tablet"
"7599","Olan 5Mg","Tablet","Medicine","Tablet"
"3968","Olanzapine 10 Mg Spc","Tablet","Medicine","Tablet"
"4183","Olanzapine 5Mg Spc","Tablet","Medicine","Tablet"
"3972","Olanzpine Spc","","Other","Unit"
"3973","Olcanz 10 Mg","","Medicine","Unit"
"3974","Olcanz 5 Mg","","Medicine","Unit"
"5730","Oleanz 10Mg","Tablet","Medicine","Tablet"
"3975","Oleanz 5Mg","Tablet","Medicine","Tablet"
"9677","Oleanz Rapitab 10Mg","Tablet","Medicine","Tablet"
"5732","Oleanz Rapitab 5Mg","Tablet","Medicine","Tablet"
"5644","Oleflox 500Mg","Tablet","Medicine","Tablet"
"3976","Olenz Rapitab 10 Mg","","Medicine","Tablet"
"3978","Oligo Care","","Other","Unit"
"3979","Olive Oil","Other","Other","Unit"
"3980","Olopat Eye Drops 5Ml","drop","Medicine","Drops"
"3981","Om- 3 1000 G","vitamin","Medicine","Unit"
"3982","Om-3 500 Mg","vitamin","Medicine","Unit"
"3983","Omastin 150 Mg","Tablet","Medicine","Tablet"
"3984","Omastin 50Mg","Tablet","Medicine","Tablet"
"3985","Omax 369","others","Other","Unit"
"7588","Omega 3 (Costar)","Capsule","Medicine","Capsule"
"3986","Omega 369","other","Other","Unit"
"2013","Omega Fish Oil New","Tablet","Medicine","Tablet"
"8033","Omega Plus","Capsule","Medicine","Capsule"
"9408","Omeprazole 20Mg (Spmc)","Capsule","Medicine","Capsule"
"3988","Omez 20Mg","Tablet","Medicine","Tablet"
"3987","Omez Sachet","","Other","Packet"
"5578","Omg-369","Tablet","Medicine","Tablet"
"3989","Omicap","Tablet","Medicine","Tablet"
"2357","Omidon Syrup","Syrup","Medicine","Syrup"
"3990","Omidon Tab 10Mg","Tablet","Medicine","Tablet"
"8198","Omifred 20Mg","Capsule","Medicine","Capsule"
"3991","Ommed 20","Tablet","Medicine","Tablet"
"3993","Onaseron Iv","","Other","Injection"
"6867","Ondem Md 4","Tablet","Medicine","Tablet"
"3994","One Alpha 0.250Mg","Tablet","Medicine","Tablet"
"5979","One Alpha 0.5","Tablet","Medicine","Tablet"
"3997","One Drop Hand Sanitizer 100Ml","sanitizer","Personal Care","Drops"
"2184","One Drop Hand Sanitizer 50Ml","Spray","Personal Care","Drops"
"3996","One Drop Hand Sanitizer Spray 100Ml","Spray","Personal Care","Drops"
"3999","One Touch Select Test Strips","","Other","Unit"
"2942","One Touch Ultrasoft","Other","Other","Unit"
"2323","One Tuch Select Machine","Other","Other","Unit"
"3998","Onetouch Select","strips","Other","Unit"
"6354","Onetouch Select 10S","strips","Other","Unit"
"8291","Onion Biscuits 30G","biscuit","Biscuit","Unit"
"5556","Ontone","Tablet","Medicine","Tablet"
"4001","Oppo Ankle Brace M","others","Other","Unit"
"4002","Oppo Ankle Brace S","others","Other","Unit"
"4003","Optiflur 5 Ml","drop","Other","Drops"
"4004","Optimox 0.5% Eye Drop 5Ml","other","Other","Drops"
"5663","Optimox Eye Drop","eye drops","Medicine","Drops"
"4005","Optive Eye Drop","drop","Other","Drops"
"4006","Optive Ud Eye Drop 0.4Ml","","Other","Drops"
"4008","Optopred Eye Drop","eye drops","Medicine","Drops"
"8102","Oradin 10Mg","Tablet","Medicine","Tablet"
"8241","Oradin Syrup","syrup","Medicine","Syrup"
"8360","Oragel","cream","Personal Care","Cream/Ointment"
"5619","Oral Penicillin 250Mg","Tablet","Medicine","Tablet"
"4009","Oraleez Gel 10Gm","cream","Personal Care","Cream/Ointment"
"4010","Oralga Lotion Green","Lotion","Personal Care","Cream/Ointment"
"4011","Oralga Lotion Red","Lotion","Personal Care","Cream/Ointment"
"8307","Orange Flavord Drink","other","Beverage","Unit"
"4012","Orbidex","","Other","Unit"
"4013","Orbidex T","","Other","Unit"
"4015","Orbit Garcinia Tea","","Beverage","Unit"
"4016","Orcalmin Sus","syrup","Medicine","Syrup"
"7624","Oricox 120Mg","Tablet","Medicine","Tablet"
"7625","Oricox 60Mg","Tablet","Medicine","Tablet"
"7626","Oricox 90Mg","Tablet","Medicine","Tablet"
"4017","Orinigel","","Other","Unit"
"4018","Orion Tab 10Mg","","Medicine","Tablet"
"4019","Orion Tab 20Mg","","Medicine","Tablet"
"4021","Orlifit 120Mg","Capsule","Medicine","Capsule"
"9354","Ornigil 500Mg","other","Other","Unit"
"1048","Orocare Toothpaste100g","Other","Other","Unit"
"3271","Orocare Toothpaste40g","oth","Other","Unit"
"4022","Orofer Capsules","Capsule","Medicine","Capsule"
"4023","Orofer Drop 15Ml","drop","Other","Drops"
"4024","Orofer Syrup 150Ml","Syrup","Medicine","Syrup"
"4025","Orondo Spray","Spray","Personal Care","Unit"
"4026","Orrepaste 5G","cream","Personal Care","Cream/Ointment"
"1109","Orslim Cap","Vitamin","Medicine","Capsule"
"9154","Orthodotini C Socther","other","Other","Unit"
"4028","Orzone Flask 1000Ml","","Other","Unit"
"4029","Orzone Flask 450Ml","","Other","Unit"
"5557","Osartil 25Mg","Tablet","Medicine","Tablet"
"4032","Osartil 50Mg","Tablet","Medicine","Tablet"
"4033","Osatil 25 Mg","","Medicine","Unit"
"4034","Osavare Gm Cream","","Personal Care","Cream/Ointment"
"4035","Osfit Dha","Tablet","Medicine","Tablet"
"4036","Osi-az 500","tablet","Medicine","Tablet"
"1159","Osiben 400","tablet","Medicine","Tablet"
"7554","Osiclo 100","tablet","Medicine","Tablet"
"4038","Osigra 100","Tablet","Medicine","Tablet"
"4039","Osigra 50","Tablet","Medicine","Tablet"
"9314","Oskar-20mg","other","Other","Unit"
"4041","Osmelite Creem 15 Mg","","Medicine","Unit"
"4042","Osmolok Syrup 100Ml","","Medicine","Syrup"
"6855","Ospamox 500Mg","Tablet","Medicine","Tablet"
"4043","Osteocare","","Other","Unit"
"4044","Osteocare Liquid","","Other","Unit"
"4045","Osteofllam Plus","Capsule","Medicine","Capsule"
"5527","Osteofos 70Mg","Other","Other","Unit"
"4046","Osteorise 35 Mg","","Medicine","Unit"
"4047","Osterofos 70","Other","Other","Unit"
"4048","Ostonil","Tablet","Medicine","Tablet"
"4049","Otoflox 6% Ear Drop","drop","Other","Drops"
"4051","Ovacare 30S","Tablet","Medicine","Tablet"
"4052","Ovafin","","Other","Unit"
"4053","Ovidac - 5K Hcg 5000 Iu❌","IV","Other","Injection"
"8222","Ovidac 5000","injection","Medicine","Injection"
"4054","Ovron","Tablet","Medicine","Tablet"
"4055","Oxedep 10","","Other","Unit"
"4056","Oxetol 150 Mg","Tablet","Medicine","Tablet"
"4059","Oxetol 300 Mg","Tablet","Medicine","Tablet"
"4060","Oxibuzim 5Mg","","Other","Unit"
"9247","Oxina N/drop 10Ml","other","Other","Drops"
"3408","Oxina P Nasal Drop","nasal drops","Medicine","Drops"
"4061","Oxitol 300","","Other","Unit"
"4062","Oxoferin 10 Ml","solution","Other","Unit"
"4063","Oxoferine Solution 50Ml","","Other","Unit"
"4064","Oxybutynin 2.5Mg","Tablet","Medicine","Tablet"
"4065","Oxybutynin 5Mg","Tablet","Medicine","Tablet"
"4066","Oxygen Mask","","Other","Unit"
"4067","Oxypura Care Face Mask","","Other","Unit"
"4068","Oxypura Junior Face Mask","","Other","Unit"
"4069","Oxyspas 2.5Mg","","Other","Unit"
"4070","Oxyspas 5","","Other","Unit"
"4071","Ozical","Tablet","Medicine","Tablet"
"4072","P-cort Solution","syrup","Medicine","Syrup"
"4073","Pacidol 500Mg","Tablet","Medicine","Tablet"
"4074","Pacific Fish Oil","","Other","Unit"
"4075","Paedicare Solution 500Ml","","Other","Unit"
"4076","Pampers Pants L 4S","pampas","Other","Unit"
"4077","Pampers Pants M 4S","pampas","Other","Unit"
"4078","Pampers Pants S 4S","pampas","Other","Unit"
"4079","Pan 40Mg Injection","","Medicine","Injection"
"4081","Panadeine","Tablet","Medicine","Tablet"
"4086","Panadol Syrup 100Ml","syrup","Medicine","Syrup"
"8262","Panadol Tab","Tablet","Medicine","Tablet"
"9143","Panda Baby 100Ml","other","Baby Care","Unit"
"9133","Panda Baby Cologne - 100Ml","other","Baby Care","Unit"
"4087","Panda Baby Cologne 100Ml","Other","Baby Care","Unit"
"4088","Panda Baby Cologne 50Ml","Other","Baby Care","Unit"
"4089","Panda Baby Cologne Floral 100Ml","","Baby Care","Unit"
"4090","Panda Baby Cologne Plastic 50Ml","cologne","Baby Care","Unit"
"5865","Panda Baby Cologne Spray 80Ml","SPRAY","Baby Care","Unit"
"4093","Panda Baby Colong","baby collong","Baby Care","Unit"
"4094","Panda Baby Colong","cillong","Baby Care","Unit"
"4091","Panda Baby Colonge Fairys Touch 100Ml","","Baby Care","Unit"
"4092","Panda Baby Colonge Fairys Touch 50Ml","","Baby Care","Unit"
"4095","Panda Baby Cream 100Ml","Other","Baby Care","Cream/Ointment"
"5862","Panda Baby Cream 200Ml","Other","Baby Care","Cream/Ointment"
"9373","Panda Baby Cream 50Ml","other","Baby Care","Cream/Ointment"
"9682","Panda Baby Cream 50Ml","cream","Baby Care","Cream/Ointment"
"4096","Panda Baby Cream Pure Olive Oil 100Ml","OTHER","Baby Care","Cream/Ointment"
"4097","Panda Baby Cream Venival & Rathmal 100Ml","","Baby Care","Cream/Ointment"
"5864","Panda Baby Gift Pack","Other","Baby Care","Packet"
"9144","Panda Baby Kohomba Kaha Baby Soap 75G","soap","Baby Care","Unit"
"9128","Panda Baby Lotion","Lotion","Baby Care","Cream/Ointment"
"9599","Panda Baby Nappy Wash 1L","liquid","Baby Care","Unit"
"4099","Panda Baby Nappy Wash 500Ml","Other","Baby Care","Unit"
"9132","Panda Baby Natural Baby Oil 100Ml","oil","Baby Care","Unit"
"5863","Panda Baby Oil 100Ml","Other","Baby Care","Unit"
"9548","Panda Baby Oil 50Ml","oil","Baby Care","Unit"
"9134","Panda Baby Shampoo 100Ml","other","Baby Care","Unit"
"9131","Panda Baby Shampoo 50Ml","shampoo","Baby Care","Unit"
"4100","Panda Baby Shampoo Bee S Honey 100Ml","","Baby Care","Unit"
"4101","Panda Baby Shampoo With Bee Honey","OTHRE","Baby Care","Unit"
"5866","Panda Baby Soap Pack","Other","Baby Care","Packet"
"4102","Panda Baby Talc 100 Ml","Other","Baby Care","Unit"
"4103","Panda Baby Wash Gotukola 100Ml","","Baby Care","Unit"
"4104","Panda Baby Wash With Gotukola 100Ml","Other","Baby Care","Unit"
"4105","Panda Baby Wash With Gotukola 50Ml","Other","Baby Care","Unit"
"4106","Panda Delum Baby Soap","","Baby Care","Unit"
"4107","Panda Rathmal Baby Soap","soap","Baby Care","Unit"
"4108","Panda Sumudu Baby Soap","","Baby Care","Unit"
"4109","Panda Sweet Floral Cologne 100Ml","","Other","Unit"
"4110","Panda Sweet Floral Cologne 50 Ml","","Other","Unit"
"8273","Pandol Syrup","Syrup","Medicine","Syrup"
"4111","Panfred 20 Mg","","Medicine","Unit"
"5704","Panfred 20Mg","Tablet","Medicine","Tablet"
"4112","Panfred 40Mg","Tablet","Medicine","Tablet"
"9276","Pannel","other","Other","Unit"
"8131","Pannel Soot","others","Other","Unit"
"4113","Panoff Cleansine Bar 100G","","Other","Unit"
"9249","Pantac 40Mg 10X10 Tabs","Tablet","Medicine","Tablet"
"4114","Pantakind 40Mg","Tablet","Medicine","Tablet"
"7005","Pantaprazole Spc 20 Mg","teblets","Medicine","Unit"
"1118","Pantapreez 40Mg","Tablet","Medicine","Tablet"
"9170","Pantaprez 20Mg","other","Other","Unit"
"4115","Pantene Anti Dandruff Shampoo 70Ml","","Personal Care","Unit"
"4116","Pantene Hair Fall Control 70Ml","","Other","Unit"
"4117","Pantene Silky Smooth Care 70Ml","","Other","Unit"
"4118","Pantocid 20","Tablet","Medicine","Tablet"
"4119","Pantocid 40","Tablet","Medicine","Tablet"
"4120","Pantodac 20Mg","Tablet","Medicine","Tablet"
"4121","Pantodac 40Mg","Tablet","Medicine","Tablet"
"4122","Pantodac Iv","","Other","Injection"
"1036","Pantonix 20Mg","Tablet","Medicine","Tablet"
"7627","Pantonix 40","Tablet","Medicine","Tablet"
"4124","Pantoprazol Iv 40Mg","","Other","Injection"
"5573","Pantoprazole 40Mg","Tablet","Medicine","Tablet"
"4125","Pantor 20Mg","","Other","Unit"
"4126","Pantor 40Mg","","Other","Unit"
"5629","Panum 40Mg","Tablet","Medicine","Tablet"
"5898","Panzac 40","tab","Medicine","Tablet"
"4127","Panzel 40Mg","Tablet","Medicine","Tablet"
"5871","Papaya F/w100m Ml","Other","Other","Unit"
"9105","Papaya Soap","soap","Personal Care","Unit"
"9789","Paper Plates","othe","Other","Unit"
"4128","Paper Serviettes","Other","Other","Unit"
"4129","Para-denk Suppos 250Mg","","Other","Unit"
"1040","Parace 500Mg","tab","Medicine","Tablet"
"7529","Paracetamol Spmc 500Mg","Tablet","Medicine","Tablet"
"9398","Paracetamol Suspension 60Ml","syrup","Medicine","Syrup"
"8171","Paracetamol Syrup","Syrup","Medicine","Syrup"
"7528","Paracetamol Syrup (Spmc)","Tablet","Medicine","Tablet"
"10096","Paracetol 500Mg","Tablet","Medicine","Tablet"
"5312","Parachute Aloe Vera Oil","oil","Other","Unit"
"4131","Parachute Coconut Oil 100Ml","","Other","Unit"
"4132","Parachute Coconut Oil 250Ml","oil","Other","Unit"
"9136","Parachute Jasmine 90Ml","shampoo","Personal Care","Unit"
"4133","Parachute Karapincha Oil","oil","Other","Unit"
"4137","Paragan 500Mg","Tablet","Medicine","Tablet"
"3841","Parfum 1650","Spray","Personal Care","Unit"
"5584","Parfum 1700.","Spray","Personal Care","Unit"
"4287","Parfum 1750","Spray","Personal Care","Unit"
"4618","Parfum 480","Spray","Personal Care","Unit"
"4138","Paris Cologne 50Ml","","Other","Unit"
"4139","Paris Colone Spary","Other","Other","Unit"
"4140","Paris Talc Floral 85G New","","Other","Unit"
"4141","Paris Talc Jasmine 85G New","","Other","Unit"
"4142","Paris Talc Sandalwood 85G","talc","Other","Unit"
"10051","Party Cap","othrs","Medicine","Capsule"
"8080","Pas Thel","other","Other","Unit"
"4144","Passy","papum","Other","Unit"
"4145","Passy Gold 22Ml","","Other","Unit"
"4146","Passy Midnight","","Other","Unit"
"4147","Passy Wonder","","Other","Unit"
"8358","Pasyaala Asamodagam","other","Other","Unit"
"5311","Patachute Jasmine","oil","Other","Unit"
"4148","Patadine Eye Drop","","Other","Drops"
"4149","Patanol Eye Drop 5Ml","","Other","Drops"
"4150","Patarnia Tab","","Medicine","Tablet"
"1112","Pathima Oil 10Ml","others","Other","Unit"
"4153","Pathima Oil 20Ml","oil","Other","Unit"
"4152","Pathima Oil 50Ml","oil","Other","Unit"
"4151","Pathima Oil 5Ml","","Other","Unit"
"4154","Pause 500Mg","tab","Medicine","Tablet"
"8357","Pawatta Kessa Peniya","Other","Other","Unit"
"4155","Pawatta Thalsukiri 200Ml Sugar Free","syrup","Medicine","Syrup"
"6016","Pb P&g 100Ml","Other","Medicine","Unit"
"6021","Pb Shampoo 100Ml","Other","Personal Care","Unit"
"4156","Pcam Gel","cream","Personal Care","Cream/Ointment"
"4157","Pcarn Gel 0.5","","Medicine","Cream/Ointment"
"4158","Peadi Care","","Other","Unit"
"4159","Peaes Venivel And Tremaric Creem","","Other","Unit"
"5749","Pears Colonge 100Ml (New)","Other","Personal Care","Unit"
"4160","Pears Cream 200Ml","cream","Personal Care","Cream/Ointment"
"4162","Pears Alovera Sope","Other","Other","Unit"
"4163","Pears Baby Bedtime Cologne 100Ml","","Baby Care","Unit"
"4166","Pears Baby Colonge 100Ml","Other","Baby Care","Unit"
"4167","Pears Baby Colonge 50Ml","Other","Baby Care","Unit"
"4168","Pears Baby Colonge Magic Drop 100Ml","","Baby Care","Drops"
"9126","Pears Baby Cream 100Ml","cream","Baby Care","Cream/Ointment"
"4164","Pears Baby Cream 50Ml","cream","Baby Care","Cream/Ointment"
"4174","Pears Baby Floral Scent 50Ml","","Baby Care","Unit"
"9413","Pears Baby H/b Wash 100Ml","other","Baby Care","Unit"
"9647","Pears Baby Oil 100Ml","oil","Baby Care","Unit"
"4177","Pears Baby Oil 100Ml","oil","Baby Care","Unit"
"9645","Pears Baby Shampoo 100Ml","shampoo","Baby Care","Unit"
"4180","Pears Baby Shampoo 100Ml","shampoo","Baby Care","Unit"
"4181","Pears Baby Shampoo Pure & Gentle","shampoo","Baby Care","Unit"
"4185","Pears Baby Soap 70G","soap","Baby Care","Unit"
"4184","Pears Baby Soap Bedtime","Other","Baby Care","Unit"
"4179","Pears Baby Talc 90G","other","Baby Care","Unit"
"4161","Pears Bedtime Baby Cream","cream","Baby Care","Cream/Ointment"
"5750","Pears Bedtime Colonge 100,L","Other","Personal Care","Unit"
"4186","Pears Btdtime Colonge","Other","Personal Care","Unit"
"5748","Pears Cream 300Ml","Other","Personal Care","Cream/Ointment"
"4188","Pears Green 100Ml","","Other","Unit"
"4189","Pears Hair And Body Wash","wash","Personal Care","Unit"
"4190","Pears Hair And Body Wash Pure Olive Oil 100Ml","","Personal Care","Unit"
"5861","Pears Multy Pack","Other","Other","Packet"
"4165","Pears Pink Floral Collong","collong","Other","Unit"
"4192","Pears Powder 90 G","","Medicine","Unit"
"4193","Pears Rathmal Sope","","Other","Unit"
"4194","Pears Red","","Other","Unit"
"4196","Pears Venivel Sope","Other","Other","Unit"
"4197","Pebbles Packet 8G","Other","Other","Packet"
"4198","Pebles Tube 25 G","oth","Medicine","Tub"
"9334","Pediapro 2-5 350G","other","Other","Unit"
"4200","Pediasure 400G","Tin","Other","Packet"
"4201","Pediatric Urine Collector 100Ml","","Other","Unit"
"4204","Pedigree Adult 1Kg","others","Other","Unit"
"4202","Pedigree Adult 370G","others","Other","Unit"
"5360","Pedigree Puppy 1Kg","others","Other","Unit"
"4203","Pedigree Pupy 370G","others","Other","Unit"
"7532","Peditral Liquid Orange 500Ml","liquid","Other","Unit"
"2503","Peditral Sacheets","sachet","Other","Packet"
"4205","Pedivit Forte Capsules","other","Other","Capsule"
"4206","Pedkid Syrup 60 Ml","","Medicine","Syrup"
"5936","Peenas Thel 100Ml","Other","Other","Unit"
"5934","Peenas Thel 30Ml","Other","Other","Unit"
"1880","Pegiri Oil 28Ml","Other","Other","Unit"
"4207","Pempers L","","Other","Unit"
"4208","Pen Can","","Other","Unit"
"10066","Pencil [Light]","OTHER","Other","Unit"
"9750","Pencil Bag","bag","Other","Unit"
"9748","Pencil Box","box","Other","Packet"
"9265","Pencil Box","other","Other","Packet"
"10060","Pencils","others","Other","Unit"
"7992","Pentac 150Mg(ranitidine)","Tablet","Medicine","Tablet"
"4209","Pentaprazole (Panzel) 40Mg","","Other","Unit"
"3795","Peppermint","other","Other","Unit"
"4210","Peppermint","tofee","Other","Unit"
"4211","Peptamen Vanila 400G","milk powder","Snack","Unit"
"8048","Peptazole 20Mg","Tablet","Medicine","Tablet"
"8049","Peptazole 40Mg","Tablet","Medicine","Tablet"
"4212","Peptica Gel","","Medicine","Cream/Ointment"
"4213","Perfectil","Tablet","Medicine","Tablet"
"1675","Perfum","perfume","Personal Care","Unit"
"9691","Perfume","perfume","Personal Care","Unit"
"6042","Perfume","Other","Personal Care","Unit"
"9523","Perfume","perfium","Personal Care","Unit"
"2113","Perfume","perfume","Personal Care","Unit"
"9058","Perfume Spray","prfume","Personal Care","Unit"
"4214","Perfums","perfume","Personal Care","Unit"
"4220","Perinas Nasal Spray","nasal spray","Personal Care","Drops"
"4215","Perinase Nasal Spray","nasal spray","Personal Care","Drops"
"4216","Peritol 4 Mg","Tablet","Medicine","Tablet"
"4217","Peritol Syrup 150Ml","syrup","Medicine","Syrup"
"4218","Perlice Cream 120G","","Personal Care","Cream/Ointment"
"5852","Permethrin Cream","cream","Personal Care","Cream/Ointment"
"4219","Permite Cream (Sw) 5%","","Personal Care","Cream/Ointment"
"4221","Pernex 5 G","Tablet","Medicine","Tablet"
"9209","Pernex Ac 2.5Mg","other","Other","Unit"
"4222","Pet Dog Lotion","","Personal Care","Cream/Ointment"
"5982","Pet Dog Orchid Shampoo","Other","Personal Care","Unit"
"4223","Pet Dog Shampoo","","Personal Care","Unit"
"4224","Pet Dog Soap","","Personal Care","Unit"
"5981","Pet Shine Apple Shampoo","Other","Personal Care","Unit"
"5983","Pet Shine Citrus Soap","soap","Personal Care","Unit"
"5984","Pet Shine Tick&flea; Shampoo","Other","Personal Care","Unit"
"9230","Pet Vit Liquid 200Ml","other","Other","Unit"
"6988","Petbits","tablets","Other","Unit"
"4225","Petgard Shampoo","","Personal Care","Unit"
"5617","Petguard Dog Soap","Other","Personal Care","Unit"
"5850","Petmedi Shampoo 100Ml","shampoo","Personal Care","Unit"
"4226","Petvit Liquid","Other","Other","Unit"
"4227","Pevaryl Cream","cream","Personal Care","Cream/Ointment"
"4228","Pevaryl Cream 15G","","Personal Care","Cream/Ointment"
"4229","Pevisone Cream 15G","cream","Personal Care","Cream/Ointment"
"4231","Pfanner","","Other","Unit"
"4232","Ph Care Intimate Wash 30Ml","","Personal Care","Unit"
"4234","Phenicof Tab","","Medicine","Tablet"
"4235","Phenycof Cough Syrup 100Ml","Syrup","Medicine","Syrup"
"4236","Phenycof Junior 60Ml","Syrup","Medicine","Syrup"
"4237","Phylopen Cap 250Mg","Capsule","Medicine","Capsule"
"4238","Phylopen Ds 500Mg","Capsule","Medicine","Capsule"
"9260","Phylopen Powder 100Ml","other","Other","Unit"
"4239","Phylopen Syrup","","Medicine","Syrup"
"4240","Physiotulle Ag","","Other","Unit"
"4241","Phytoral Ointment 15G","","Medicine","Cream/Ointment"
"4242","Pidlet 75","Tablet","Medicine","Tablet"
"9088","Pigmentation Out 15G","other","Other","Unit"
"3053","Pilex Tablet","Tablet","Medicine","Tablet"
"4243","Pill Box","box","Other","Packet"
"8270","Pilow Cower (Baby)","other","Baby Care","Unit"
"4244","Pimple Cure 10 G","","Medicine","Unit"
"4245","Pimple Cure 30 G","","Medicine","Unit"
"4246","Pimple Out","","Other","Unit"
"5932","Pinda Thel","Other","Other","Unit"
"6000","Pink Rose Vitamin E Cream","Other","Personal Care","Cream/Ointment"
"4249","Pioglitazone 30Mg Spc","Tablet","Medicine","Tablet"
"4248","Piotone 15Mg","Tablet","Medicine","Tablet"
"9563","Piotone 30Mg","Tablet","Medicine","Tablet"
"4250","Pioz 15Mg","Tablet","Medicine","Tablet"
"4251","Pioz Tabs 30Mg","Tablet","Medicine","Tablet"
"4253","Piriton Syrup (S/glaxo)","Syrup","Medicine","Syrup"
"4254","Piriton Tab","Tablet","Medicine","Tablet"
"4255","Pirogel","","Other","Unit"
"4256","Pizofen 0.5Mg","Tablet","Medicine","Tablet"
"4258","Plastic Feeding Bottle","Bottle","Beverage","Bottle"
"4259","Plastic Feeding Bottle","baby item","Baby Care","Bottle"
"4260","Plastic Feeding Bottle Haddle","Bottle","Beverage","Bottle"
"4262","Plastic Feeding Bottle M","baby item","Baby Care","Bottle"
"4263","Plavix 75 Mg","Tablet","Medicine","Tablet"
"6846","Plencoxib 100Mg","Capsule","Medicine","Capsule"
"6847","Plencoxib 200Mg","Capsule","Medicine","Capsule"
"4264","Pmt Lotion","","Personal Care","Cream/Ointment"
"3626","Pocket Tissue","Other","Other","Unit"
"2311","Politheen Glows","gloves","Other","Unit"
"4265","Polybac N","","Other","Unit"
"4266","Polybion Injection","injection","Medicine","Injection"
"4267","Polybion Syrup 250Ml","Syrup","Medicine","Syrup"
"4268","Polymycin 5G","cream","Personal Care","Cream/Ointment"
"4269","Polythene Gloves","Other","Other","Unit"
"6039","Polythene Gloves Pack","Other","Other","Packet"
"4272","Ponds Bb Cream 18G","Other","Personal Care","Cream/Ointment"
"9520","Ponds Bright Beauty 15G","cream","Personal Care","Cream/Ointment"
"6006","Ponds Cream","cream","Personal Care","Cream/Ointment"
"4270","Ponds Face Wash Bright Beauty 50G","FACE WASH","Personal Care","Unit"
"4271","Ponds Light Moisturiser","","Other","Unit"
"9152","Ponds Light Moisturiser","cream","Personal Care","Cream/Ointment"
"9379","Ponds Pimple Care","cream","Personal Care","Cream/Ointment"
"4273","Ponds Powder 100G","Other","Other","Unit"
"4274","Ponds Pure White Fw","other","Other","Unit"
"4187","Ponds Super Light Gel","gel","Medicine","Cream/Ointment"
"4275","Ponds White Beauty 25G","cream","Personal Care","Cream/Ointment"
"4277","Popace 25Mg","","Other","Unit"
"4278","Popit 20G","Other","Other","Unit"
"4299","Pos Oil 30Ml","oil","Other","Unit"
"8428","Postinor 1 New","Tablet","Medicine","Tablet"
"8389","Postinor 2 New","Tablet","Medicine","Tablet"
"4281","Potato Caker","","Other","Unit"
"4282","Povidon Solution","Other","Other","Unit"
"4040","Povidone Iodine 28Ml","Lotion","Personal Care","Cream/Ointment"
"4354","Povidone Iodine Solution","Other","Other","Unit"
"4283","Powder 50 G","","Medicine","Unit"
"10025","Powder Case","other","Other","Unit"
"4284","Power Court Cream","cream","Personal Care","Cream/Ointment"
"4285","Powergesic Gel 30G","cream","Personal Care","Cream/Ointment"
"4286","Ppe Kit","","Other","Unit"
"5733","Pramipex 0.25","Tablet","Medicine","Tablet"
"5734","Pramipex 0.5G","Tablet","Medicine","Tablet"
"5735","Pramipex 1Mg","Tablet","Medicine","Tablet"
"4288","Prazimac-d","","Other","Unit"
"8101","Prazo Xl 2.5","Tablet","Medicine","Tablet"
"8100","Prazo Xl 5","Tablet","Medicine","Tablet"
"4289","Prazoright 1Mg","tab","Medicine","Tablet"
"4291","Prazosin Tab 1Mg (Alvita)","Tablet","Medicine","Tablet"
"6098","Pred-kid Syrup","syrup","Medicine","Syrup"
"4293","Predilab 5Mg","","Other","Unit"
"4294","Predni Spmc","","Other","Unit"
"8399","Prednicort 8Mg","Tablet","Medicine","Tablet"
"4295","Prednicort 4","Tablet","Medicine","Tablet"
"4296","Prednisolone (Alvita)","","Other","Unit"
"6099","Prednisolone (Gamma)","Tablet","Medicine","Tablet"
"4298","Prednisolone 5Mg New","Bottle","Beverage","Bottle"
"6424","Prednisolone Acetate 1%","eye drops","Medicine","Drops"
"5649","Prednisolone Eye Drop","drop","Other","Drops"
"7563","Prednivex 16Mg","Tablet","Medicine","Tablet"
"7564","Prednivex 4Mg","Tablet","Medicine","Tablet"
"4300","Predsol Syrup","","Medicine","Syrup"
"4301","Preethi Cool","","Other","Unit"
"4302","Preethi Gold","Other","Other","Unit"
"8216","Preethi Gold New","Other","Other","Unit"
"4303","Preethi Hot","","Other","Unit"
"9212","Preethi Large 1S","other","Other","Unit"
"4304","Preethi Super","Other","Other","Unit"
"5699","Pregabalin 50Mg","Tablet","Medicine","Tablet"
"5700","Pregabalin 75Mg","Tablet","Medicine","Tablet"
"4305","Pregasafe 75Mg","Capsule","Medicine","Capsule"
"1008","Pregnacare","Tablet","Medicine","Tablet"
"9764","Premeo","Capsule","Medicine","Capsule"
"2737","Prenan 400G","Tin","Other","Packet"
"4306","Prenato;","","Other","Unit"
"4309","Preterax 10Mg+2.5mg","Tablet","Medicine","Tablet"
"4307","Preterax 2.5Mg/0.625mg 15G","","Other","Unit"
"4308","Preterax 5Mg+1.25mg Tabs 30S","Tablet","Medicine","Tablet"
"4310","Preterex 5","Tablet","Medicine","Tablet"
"7680","Pretin 10Mg","Tablet","Medicine","Tablet"
"6516","Pretty Baby Bottle Plastic L","others","Baby Care","Bottle"
"6520","Pretty Baby Bottle Plastic Mini","others","Baby Care","Bottle"
"6517","Pretty Baby Bottle Plastic S","other","Baby Care","Bottle"
"6519","Pretty Baby Bottle Plastic Small","others","Baby Care","Bottle"
"6518","Pretty Baby Bottle Plastic Xs","others","Baby Care","Bottle"
"5612","Prev-ast Syrup","syrup","Medicine","Syrup"
"5365","Prev-ast Syrup New","syrup","Medicine","Syrup"
"4313","Prezolac Cap","Capsule","Medicine","Capsule"
"4314","Prezolac Shchet","Other","Other","Unit"
"4315","Prickly Heat Baby Talc 100G","","Baby Care","Unit"
"4316","Prime E 1000Mg","Tablet","Medicine","Tablet"
"4317","Primecal Tab","","Medicine","Tablet"
"4318","Primeflex Forte Tabs","","Other","Tablet"
"4319","Primolut N Tabs","Tablet","Medicine","Tablet"
"9781","Prin-d","Tablet","Medicine","Tablet"
"4320","Principle Calmax","Tablet","Medicine","Tablet"
"1813","Pringles Origenal","other","Other","Unit"
"1009","Printed Mask","","Other","Unit"
"4321","Pro Gard","","Other","Unit"
"4247","Pro Statin10mg","Tablet","Medicine","Tablet"
"4322","Probeta Drops 7.5Ml","eye drops","Medicine","Drops"
"4323","Probeta N Drops 7.5Ml","Tablet","Medicine","Tablet"
"6896","Probis 5Mg","Tablet","Medicine","Tablet"
"9320","Prochlorperazine 5Mg (Maxtil)","other","Other","Unit"
"4325","Prodep 20Mg","Tablet","Medicine","Tablet"
"4324","Prodigy Gluco Strip","Other","Other","Unit"
"4327","Prodigy Test Strips","OTHRES","Other","Unit"
"4328","Profect","","Other","Unit"
"8178","Profer","drink","Beverage","Unit"
"4329","Progain","Tin","Other","Packet"
"4330","Proglutrol 500 Mg","Tablet","Medicine","Tablet"
"4331","Progynova 1 Mg","Tablet","Medicine","Tablet"
"4332","Progynova 2 Mg","Tablet","Medicine","Tablet"
"4333","Prolene 2-0","","Other","Unit"
"4334","Prolene 4-0","","Other","Unit"
"4335","Prolomet Xl 25","Tablet","Medicine","Tablet"
"4336","Prolomet Xl 50Mg","Tablet","Medicine","Tablet"
"4337","Promin","other","Other","Unit"
"4338","Prompin 40","","Other","Unit"
"7531","Propranolol 40Mg (Spmc)","Tablet","Medicine","Tablet"
"4339","Propranolol Tab 40Mg (Spmc)","Bottle","Beverage","Tablet"
"4340","Prosafe Hand Sanitizer 60Ml","","Personal Care","Unit"
"4341","Prosan 50","","Other","Unit"
"9762","Prospan Cough Syrup","syrup","Medicine","Syrup"
"4342","Prospan Syrup 60Ml","syrup","Medicine","Syrup"
"4343","Prosure","","Other","Unit"
"4344","Protac 40","Tablet","Medicine","Tablet"
"4345","Protec","Tablet","Medicine","Tablet"
"9062","Protecting Care Cocoa Butter 100Ml","other","Other","Unit"
"9061","Protecting Care Cocoa Butter 50Ml","other","Other","Unit"
"4346","Protectis Lemon","","Other","Unit"
"4347","Protectoes Mini Pack","","Other","Packet"
"4348","Protekt Mdl 500Ml And Health Soap","","Personal Care","Unit"
"4349","Protekt Plus Sanitizer 50Ml","","Personal Care","Unit"
"4352","Protinex Choco","chocolate","Snack","Unit"
"5853","Protinex 180Mg","Tin","Other","Packet"
"4350","Protinex Gold","","Other","Unit"
"4351","Protinex Life (Vanila) 400G 400G","milk","Beverage","Unit"
"4353","Protinex Vegetable 180G","milk powder","Snack","Unit"
"4355","Proviron Tabs","","Other","Tablet"
"4356","Ptu Tablet","Tablet","Medicine","Tablet"
"4357","Pulmicourt","","Other","Unit"
"4358","Pulmo Care Inhaler","","Medicine","Inhaler"
"4359","Pulse Pure Fish Oil","Capsule","Medicine","Capsule"
"4360","Pulse Triomega","Tablet","Medicine","Tablet"
"9227","Puppy Talc 90G","other","Other","Unit"
"9551","Pure Glycerin 28Ml","oil","Other","Unit"
"4361","Pure Vasline","","Other","Unit"
"1297","Puredal Non Fat 400G","milk powder","Snack","Unit"
"6499","Puredale Ful Cream 125G","milk powder","Snack","Cream/Ointment"
"6502","Puredale Ful Cream 400G","milk powder","Snack","Cream/Ointment"
"6500","Puredale Kiri Tea 125G","milk powder","Snack","Unit"
"6501","Puredale Kiri Tea 400G","milk powder","Snack","Unit"
"6257","Puredale Milk Blend 400G","milk powder","Snack","Unit"
"8334","Purifying Fash Wash Neem (Aurica)","Other","Personal Care","Unit"
"4362","Puril Tabs 75Mg","Tablet","Medicine","Tablet"
"8377","Purple Marbles","others","Other","Unit"
"4363","Pyloocain Oinment 30Gm","gel.","Medicine","Cream/Ointment"
"4364","Pynocare","","Other","Unit"
"4365","Pyodine Gel 20G","","Medicine","Cream/Ointment"
"4366","Pyodine Solution","","Other","Unit"
"95102","Pyodine Solution 500Ml","solution","Other","Unit"
"4367","Pyralvex Solution 10Ml","","Other","Unit"
"9580","Pyrantin Syrup New","syrup","Medicine","Syrup"
"4369","Pyrantin Tablets","Tablet","Medicine","Tablet"
"9333","Q 10Mg Ultra Capsules 2X15's","Capsule","Medicine","Capsule"
"5550","Q Max Tablet","Tablet","Medicine","Tablet"
"4370","Qco Plus","other","Other","Unit"
"4371","Quibron Sr Tab 300Mg","","Medicine","Tablet"
"4373","Qutipin 200","Tablet","Medicine","Tablet"
"4374","Qutipin 25","Tablet","Medicine","Tablet"
"4375","Qutipin Tab 300Mg","Tablet","Medicine","Tablet"
"4372","Qutipine 100Mg","Tablet","Medicine","Tablet"
"4376","Qvex 100","","Other","Unit"
"4377","Qvex 25 Mg","","Medicine","Unit"
"4378","R. B. Tone Syrup 200Ml","","Medicine","Syrup"
"4379","R.s Cervical Collar L","","Other","Unit"
"4380","R.s Cervical Collar M","","Other","Unit"
"4381","Rabe Tabs 20","Tablet","Medicine","Tablet"
"4382","Rabeloc 20","Tablet","Medicine","Tablet"
"7600","Rabeprazole 20Mg (Cadi Expiredla)","Tablet","Medicine","Tablet"
"8281","Rainco Umbrella 1010/=","other","Other","Unit"
"5841","Rainco Umbrella 1050/=","umbrella","Other","Unit"
"5842","Rainco Umbrella 1220/=","umbrella","Other","Unit"
"8280","Rainco Umbrella 1250/=","others","Other","Unit"
"8283","Rainco Umbrella 1570/=","others","Other","Unit"
"8260","Rainco Umbrella 1600/=","umbrella","Other","Unit"
"8284","Rainco Umbrella 1690/=","others","Other","Unit"
"5065","Rainco Umbrella 950/=","umbrella","Other","Unit"
"4383","Rajapura Panchabala Amurtha Paanaya 375Ml","","Other","Unit"
"4384","Rajapura Peenas Thailaya","","Other","Unit"
"4385","Rajpura Handi Oil","","Other","Unit"
"4386","Ralaz Er 500Mg","","Other","Unit"
"4387","Ran Cv 50C0 Sp","","Other","Unit"
"4388","Rancv 500Mg","tab","Medicine","Tablet"
"4389","Rani Soap","soap","Personal Care","Unit"
"4390","Rani Talc","others","Other","Unit"
"4391","Ranidine Tab 150Mg","","Medicine","Tablet"
"5690","Ranitidine Tab 150Mg","Tablet","Medicine","Tablet"
"8218","Ranola 500Mg","Tablet","Medicine","Tablet"
"4392","Ranolazine 500 Mg(spc)","Tablet","Medicine","Tablet"
"4393","Ranolazine Er 500Mg Spc","","Other","Unit"
"9414","Ranosin 500Mg","other","Other","Unit"
"4394","Ranoxil Syrup 100Ml","syrup","Medicine","Syrup"
"4395","Ranoxl 500Mg","","Other","Unit"
"4396","Ranoxyl 250Mg","","Other","Unit"
"6127","Ranoxyl 500Mg","Tablet","Medicine","Tablet"
"4397","Ransilu Care Mask","","Other","Unit"
"4398","Ransilu Junior Face Mask","","Other","Unit"
"8367","Rapiclav 375Mg","other","Other","Unit"
"4399","Rapidene","Tablet","Medicine","Tablet"
"9239","Rapisol 500Mg Tab","Tablet","Medicine","Tablet"
"4401","Rapisol Syrup 100Ml","Syrup","Medicine","Syrup"
"2604","Rashika Milky Rusk 100G","rusk","Other","Unit"
"2603","Rasika Milky Rusk","rusk","Other","Unit"
"4403","Raththi 250G","","Other","Unit"
"4404","Raththi 400G","Other","Other","Unit"
"6858","Ratthi 400G","milk powder","Snack","Unit"
"4405","Ratti 250G","","Other","Unit"
"4407","Ravan Black Hair Colour Shampoo 10Ml","Other","Personal Care","Unit"
"4408","Ravan Black Hair Colour Shampoo 15Ml","","Personal Care","Unit"
"5781","Ravan Black Hair Shampoo 25Ml","Other","Personal Care","Unit"
"4409","Ravan Black Hena 40G","Other","Other","Unit"
"4410","Ravan Black Henna 40Ml Trangle","Other","Other","Unit"
"4411","Ravan Black Henna 6G","Other","Other","Unit"
"4412","Ravan Face Mask","","Other","Unit"
"4413","Ravan Hand Sanitizer 100Ml","","Personal Care","Unit"
"6327","Ravan Shampoo 40Ml","shampoo","Personal Care","Unit"
"4414","Ravate Lotion 30Ml","","Personal Care","Cream/Ointment"
"4415","Rave","chocalat","Other","Unit"
"9370","Raven Black Hair Shampoo 21Ml","other","Personal Care","Unit"
"9371","Raven Black Hair Shampoo 25Ml","other","Personal Care","Unit"
"2919","Real Apricot","cream","Personal Care","Cream/Ointment"
"4416","Rebecaa Lee Baby Soap Floral","","Baby Care","Unit"
"4419","Rebecaa Lee Prickly Heat Powder 90G","","Other","Unit"
"6005","Rebond Soap","Other","Personal Care","Unit"
"4421","Reclide Mr 30Mg","Tablet","Medicine","Tablet"
"4420","Reclide Mr 60Mg","Tablet","Medicine","Tablet"
"4423","Reclide Tabs 80Mg","Tablet","Medicine","Tablet"
"4424","Rectol Supo","","Other","Unit"
"4425","Red Bull Energy Drink","Other","Beverage","Unit"
"4426","Red Bull Suger Free","Other","Other","Unit"
"5985","Red Dog Syrup","Syrup","Medicine","Syrup"
"4427","Red Germ Killer 500Ml","","Other","Unit"
"4428","Red Germ Killer 50Ml","Spray","Personal Care","Unit"
"7000","Red Killer 100Ml","Spray","Personal Care","Unit"
"4429","Red Rose Powder","","Other","Unit"
"4430","Redia Tab 50Mg","Tablet","Medicine","Tablet"
"4431","Rediop Eye Drop 5Ml","eye drops","Medicine","Drops"
"4432","Rednisol 5Mg","","Other","Unit"
"4434","Reebonn Silicone Conditioner","","Personal Care","Unit"
"4435","Reebonn Silicone Conditoner 25Ml","","Other","Unit"
"4436","Reelivium Tab 5Mg","","Medicine","Tablet"
"4437","Reeshape Cap 120Mg","","Medicine","Capsule"
"4439","Refresh Liquid Gel 15 Ml","liquid","Medicine","Cream/Ointment"
"4440","Refresh Tears","eye drops","Medicine","Drops"
"7921","Regen Powder 40G","powder","Other","Unit"
"4441","Rego Inventia","","Other","Unit"
"4442","Regurg 10Mg (Metocoparamide)","Tablet","Medicine","Tablet"
"9191","Rehocure Ointment","other","Medicine","Cream/Ointment"
"4443","Rejucalcium","Tablet","Medicine","Tablet"
"9316","Relaxone Plus Gel","gel","Medicine","Cream/Ointment"
"4444","Relaxone Plus Ointment 30G","ointment","Medicine","Cream/Ointment"
"4445","Releev","gel","Medicine","Cream/Ointment"
"6100","Relestat 0.5 Eye Drop","drop","Other","Drops"
"4446","Relestatrt 0.5","","Other","Unit"
"5743","Relivium 5Mg","Tablet","Medicine","Tablet"
"5680","Remycin 100Mg","Tablet","Medicine","Tablet"
"4447","Renadium 600Mg","Tablet","Medicine","Tablet"
"4448","Renocare Od","tab","Medicine","Tablet"
"7504","Rensin Soap","soap","Personal Care","Unit"
"4449","Reosto","Tablet","Medicine","Tablet"
"4450","Repace 25Mg","Tablet","Medicine","Tablet"
"4451","Repace 50","Tablet","Medicine","Tablet"
"4452","Repace H 50Mg","Tablet","Medicine","Tablet"
"4453","Resilo 25","Tablet","Medicine","Tablet"
"4454","Resilo 50","Tablet","Medicine","Tablet"
"9400","Resource Diabetic Milk Powder 400G","milk powder","Snack","Unit"
"4455","Resource Diabetic Vanila 400Mg","Tin","Other","Packet"
"9698","Resource Diabetic Vanilla 400G","Tin","Other","Packet"
"4456","Resourse Whey Protein","milk powder","Snack","Unit"
"5364","Respro","Tablet","Medicine","Tablet"
"5614","Resquin 500Mg","Tablet","Medicine","Tablet"
"4457","Restoria Express","","Other","Unit"
"10041","Revello Almond","chocolate","Snack","Unit"
"4462","Revello Btl","chocolate","Snack","Bottle"
"10047","Revello Cashew","chocolate","Snack","Unit"
"4458","Revello Cashew 100G","chocolate","Snack","Unit"
"4470","Revello Clasic Cashew 50G","Other","Other","Unit"
"4460","Revello Crispies 50G","others","Other","Unit"
"4461","Revello Crispt 100 G","chocalat","Medicine","Unit"
"5827","Revello Dark Chocalate","chocolate","Snack","Unit"
"4483","Revello Fruit & Nut 100G","chocolate","Snack","Unit"
"10040","Revello Milk 100G","chocolate","Snack","Unit"
"6231","Revello Milk 50G","chocolate","Snack","Unit"
"4459","Revello Peanut","chocolate","Snack","Unit"
"4464","Revelol Xl 100Mg","Tablet","Medicine","Tablet"
"5685","Revelol Xl 25","Tablet","Medicine","Tablet"
"4466","Revelol Xl 50","Tablet","Medicine","Tablet"
"4468","Revitiz","Capsule","Medicine","Capsule"
"5513","Revolol Xl 50Mg","Tablet","Medicine","Tablet"
"4257","Rexidin Mouth Wash 100Ml","MOUTH WASH","Personal Care","Unit"
"9380","Rexon Shower Clean 50Ml","wash","Personal Care","Unit"
"4472","Rexona Deodran 25Ml","Other","Other","Unit"
"4469","Rexona Deodran 25Ml","Other","Other","Unit"
"9783","Rexona Deodran Men","other","Other","Unit"
"4473","Rheocure-hc Ointment","cream","Personal Care","Cream/Ointment"
"7682","Ribox 60Mg","Tablet","Medicine","Tablet"
"7683","Ribox 90Mg Ex","Tablet","Medicine","Tablet"
"8353","Rich Life Strawberry Drink","other","Beverage","Unit"
"5357","Ride Classic Drink 250Ml","drink","Beverage","Unit"
"4474","Rifaxa 550 Mg","tab","Medicine","Tablet"
"9175","Rifexa 550Mg","other","Other","Unit"
"5909","Rifresh Face Wash","Other","Personal Care","Unit"
"4475","Rillus Jr.","sachet","Other","Packet"
"4172","Rillus Tab","Tablet.","Medicine","Tablet"
"4476","Rinse-free Hand Sanitizer 100Ml","","Personal Care","Unit"
"4477","Risnia 1","Tablet","Medicine","Tablet"
"4478","Risnia 2 Mg","Tablet","Medicine","Tablet"
"4479","Risperidone 2Mg","","Other","Unit"
"4480","Rispond 1","Tablet","Medicine","Tablet"
"4481","Rispond 2","Tablet","Medicine","Tablet"
"4482","Ritalin 10Mg","Tablet","Medicine","Tablet"
"8149","Rite O Cef 200Mg","Tablet","Medicine","Tablet"
"5762","Ritsbury Choco-mo","Other","Snack","Unit"
"5760","Ritsbury Chocolate Fingurs 80G","chocolate","Snack","Unit"
"5761","Ritsbury Chocolate Fingus 45G","chocolate","Snack","Unit"
"5257","Ritsbury Milk Choco 50G","chocolate","Snack","Unit"
"9325","Ritzbury Black Magic Cereal Bar","chocolate","Snack","Unit"
"9321","Ritzbury Bubbles","chocolate","Snack","Unit"
"9749","Ritzbury Cashew","chocolate","Snack","Unit"
"9323","Ritzbury Choco-la Milk","chocolate","Snack","Unit"
"9324","Ritzbury Choco-la Peanut","chocolate","Snack","Unit"
"4486","Ritzbury Chocolate Fingers 110G","chocolate","Snack","Unit"
"9329","Ritzbury Chocolate Fingers 200G","chocolate","Snack","Unit"
"9328","Ritzbury Chocolate Fingers 40G","chocolate","Snack","Unit"
"4485","Ritzbury Chocolate Fingers 80G","other","Snack","Unit"
"4487","Ritzbury Chunky Choc Trio 120G","other","Other","Unit"
"4484","Ritzbury Chunky Choc Trio 60G","other","Other","Unit"
"5247","Ritzbury Crispi 45G","chocolate","Snack","Unit"
"4498","Ritzbury Fruit&nut;","chocolate","Snack","Unit"
"6935","Ritzbury Fruit&nut;","other","Snack","Unit"
"4488","Ritzbury Milk 93G","chocolate","Snack","Unit"
"4489","Ritzbury Milk Sweet 93G","chocolate","Snack","Unit"
"4491","Ritzbury Peanut 45G","chocolate","Snack","Unit"
"9327","Ritzbury Popit","chocolate","Snack","Unit"
"9326","Ritzbury Uno","chocolate","Snack","Unit"
"4465","Rivadem 3","other","Other","Unit"
"4492","Rivaderm 1.5Mg","Capsule","Medicine","Capsule"
"4493","Rivadom Cap 3Mg","","Medicine","Capsule"
"4495","Rivotril 2 Mg","Tablet","Medicine","Tablet"
"9269","Rivotril Tab 0.5Mg","Tablet","Medicine","Tablet"
"4496","Rizbury Cashew 45 G","","Medicine","Unit"
"1229","Rmax 20Mg","Other","Other","Unit"
"4497","Rocal D","other","Other","Unit"
"6161","Rocaltrol 0.25Mg","vitamin","Other","Unit"
"1832","Roccoa 25G","chocalat","Other","Unit"
"4499","Rolex Oil","","Other","Unit"
"4500","Rolitcm 1 Mg","","Medicine","Unit"
"4501","Rolitcm 2 Mg","","Medicine","Unit"
"4502","Roliten 1Mg","Tablet","Medicine","Tablet"
"4503","Roliten 2Mg","Tablet","Medicine","Tablet"
"4506","Rom 150Mg","","Other","Unit"
"4507","Romantic Aroma Condoms","","Other","Unit"
"4508","Ronex 10Mg","","Other","Unit"
"4509","Ronex Syrup 60Ml","Syrup","Medicine","Syrup"
"4510","Ronosin 500 Mg","","Medicine","Unit"
"4511","Ropark 0.25","tab","Medicine","Tablet"
"4512","Ropark 0.5","Tablet","Medicine","Tablet"
"4513","Ropark 1 Mg","Tablet","Medicine","Tablet"
"4514","Rorpark 2.5","","Other","Unit"
"9066","Rose Anti Acne Face Wash 50Ml","FACE WASH","Personal Care","Unit"
"4516","Rose Anti Ance Face Wash 100Ml","FACE WASH","Personal Care","Unit"
"4521","Rose Day","","Other","Unit"
"9102","Rose Face Wash 50Ml","FACE WASH","Personal Care","Unit"
"8308","Rose Toner(evon)","Other","Personal Care","Unit"
"4522","Rose Water 100Ml","","Beverage","Unit"
"4523","Rosiden Gel 30G","GEL","Medicine","Cream/Ointment"
"3992","Rosmax Digital Therometer","others","Other","Unit"
"4524","Rostin 10Mg","Tablet","Medicine","Tablet"
"4525","Rostin 20 Mg","Tablet","Medicine","Tablet"
"4526","Rostin 5Mg","Tablet","Medicine","Tablet"
"5952","Rosu 20Mg","Tablet","Medicine","Tablet"
"4527","Rosu 5","Tablet","Medicine","Tablet"
"4528","Rosucor 10Mg","Tablet","Medicine","Tablet"
"4529","Rosucor Tabs 20Mg","tab","Medicine","Tablet"
"4532","Rosulin 10Mg","tablet","Medicine","Tablet"
"4530","Rosulin 20Mg","Tablet","Medicine","Tablet"
"4531","Rosulin 5 Mg","Tablet","Medicine","Tablet"
"5531","Rosulip 10Mg","Tablet","Medicine","Tablet"
"9543","Rosulip 20Mg","Tablet","Medicine","Tablet"
"5571","Rosulip 5Mg","Tablet","Medicine","Tablet"
"9284","Rosunova 5Mg","other","Other","Unit"
"4533","Rosunova Tabs 10Mg","Tablet","Medicine","Tablet"
"8003","Rosuvas 10Mg","Tablet","Medicine","Tablet"
"4534","Rosuvas 20Mg","Tablet","Medicine","Tablet"
"4535","Rosuvas 5Mg","Tablet","Medicine","Tablet"
"4536","Rosuvastain 10Mg Spc","Tablet.","Medicine","Tablet"
"4537","Rosuvastatin 10Mg Spmc","Tablet","Medicine","Tablet"
"7004","Rosuvastatin 20Mg Spc","Tablet","Medicine","Tablet"
"4538","Rough Rider","Other","Other","Unit"
"8232","Roushun Body Lotion","lotion","Personal Care","Cream/Ointment"
"7555","Rovate Lotion 30Ml","Lotion","Personal Care","Cream/Ointment"
"4541","Rovista 20Mg","Tablet","Medicine","Tablet"
"4542","Rovista 5Mg","Tablet","Medicine","Tablet"
"8117","Rovista10mg","Tablet","Medicine","Tablet"
"7631","Rozith 500Mg","Tablet","Medicine","Tablet"
"5609","Rozith Syrup 15Ml","syrup","Medicine","Syrup"
"4544","Rrapeed 20 Mg","Tablet.","Medicine","Tablet"
"5916","Ruhunu Yoghurt","Other","Other","Unit"
"4545","Rumafen Gel 30 Mg","gel","Medicine","Cream/Ointment"
"4546","Rumalaya Forte","Tablet","Medicine","Tablet"
"4547","Rumalaya Gel","","Medicine","Cream/Ointment"
"4548","Rumaxel Gel","","Medicine","Cream/Ointment"
"4549","Runn 100 Mg","","Medicine","Unit"
"4550","Rupa 10Mg","Tablet","Medicine","Tablet"
"9355","Rupoma 10Mg","Tablet","Medicine","Tablet"
"5677","Rusat -10","Tablet","Medicine","Tablet"
"4551","Rusat 20","Tablet","Medicine","Tablet"
"4552","Rusat 5Mg","Tablet","Medicine","Tablet"
"4553","Ruveda 12 G","","Medicine","Unit"
"4554","Ruveda 20 G","","Medicine","Unit"
"6055","Ruweda Herbal Cream 12G","Other","Personal Care","Cream/Ointment"
"4555","S S Multi Vitamin","","Other","Unit"
"6850","S-26 Gold 1","milk powder","Snack","Unit"
"5305","S-26 Gold 2","milk powder","Snack","Unit"
"9579","S-26 Gold 3","milk powder","Snack","Unit"
"4556","Sacro Lumbar Support - 9Inch L","","Other","Unit"
"4557","Sacro Lumbar Support - 9Inch M","","Other","Unit"
"8023","Sacvin Tab","Tablet","Medicine","Tablet"
"4558","Sadun Veniwel Fw","","Other","Unit"
"5175","Safari Crunch","othr","Other","Unit"
"4559","Safe Garde 4 M","","Other","Unit"
"4560","Safe Guard Hand Sanitizing Gel 5Ml","","Medicine","Cream/Ointment"
"5789","Safe Guard Sanitizer","Other","Personal Care","Unit"
"7560","Safety Kit","kit","Other","Unit"
"8340","Sahana Balm","Other","Other","Unit"
"4143","Sahana Paspanguwa","others","Other","Unit"
"4810","Salaz 500Mg","Tablet.","Medicine","Tablet"
"9243","Salbo 2Mg","Tablet.","Medicine","Tablet"
"4561","Salbulin Syrup 60Ml","","Medicine","Syrup"
"4562","Salburis 100 Mg","","Medicine","Unit"
"4564","Salbutamol (Spc) 400Mg","","Other","Unit"
"7565","Salbutamol 2Mg (Msj)","Tablet","Medicine","Tablet"
"8243","Salbutamol Bp 2Mg","tablet","Medicine","Tablet"
"5706","Salbutamol Syrup","Syrup","Medicine","Syrup"
"5710","Salbutamol Tab 4Mg (Spmc)","Tablet","Medicine","Tablet"
"4567","Salbutis Inhaler","Inhaler","Medicine","Inhaler"
"4568","Salbuvent 200Mg","","Other","Unit"
"4569","Salbuvent 400Mg","","Other","Unit"
"4570","Salhale Dpi Cap 200","","Medicine","Capsule"
"4571","Salhale Dpi Cap 400","Capsule","Medicine","Capsule"
"4573","Sali Acid 3%","cream","Personal Care","Cream/Ointment"
"8257","Salicilic 4% Aqueous New Felona","cream","Personal Care","Cream/Ointment"
"8277","Salicylic 2% Aqueous(felona)new","Cream","Personal Care","Cream/Ointment"
"8021","Salicylic 2%In Aqueous(felona)","cream","Personal Care","Cream/Ointment"
"8020","Salicylic 3%In Vaseline(felona)","cream","Personal Care","Cream/Ointment"
"8278","Salicylic 6% Aqueos Cream(felona)new","cream","Personal Care","Cream/Ointment"
"8135","Salicylic Acid 3% In Aqueous(felona)","cream","Personal Care","Cream/Ointment"
"8016","Salicylic Acid 4% In Aqueous(felona)","cream","Personal Care","Cream/Ointment"
"8258","Salicylic Acid 6% Aqueous Cream New (Felona)","cream","Personal Care","Cream/Ointment"
"8019","Salicylic Acid 6%In Vaseline(felona)","cream","Personal Care","Cream/Ointment"
"4575","Salmate 400","","Other","Unit"
"8096","Salmol Syrup Ex","Syrup","Medicine","Syrup"
"4576","Salmte 200","","Other","Unit"
"9412","Salonpas Plasters","Other","Other","Unit"
"4578","Salonpas Spray 80Ml","Spray","Personal Care","Unit"
"4759","Salright Solution","solution","Other","Unit"
"4579","Saltrol 250 Mdi","Inhaler","Medicine","Inhaler"
"8421","Saltrol Inhaler 125Mcg","Other","Medicine","Inhaler"
"4581","Samahan","Other","Other","Unit"
"6824","Samahan 10S","others","Other","Unit"
"4580","Samaposha 200G","Other","Other","Unit"
"9826","Sample","other","Other","Unit"
"9827","Sample2","other","Other","Unit"
"4582","Sanbeflam 2.5% Gel","gel","Medicine","Cream/Ointment"
"9045","Sandalwood Face Wash 100Ml","FACE WASH","Personal Care","Unit"
"9121","Sandalwood Face Wash 50Ml","FACE WASH","Personal Care","Unit"
"9055","Sandalwood Moisturizing Lotion 100Ml","Lotion","Personal Care","Cream/Ointment"
"9075","Sandalwood Whithening Face Wash","other","Personal Care","Unit"
"3405","Sandomigran 0.5Mg","Tablet","Medicine","Tablet"
"5878","Sandun Scrub 50Ml","Other","Other","Unit"
"4583","Sanexon 16Mg","Tablet","Medicine","Tablet"
"4584","Sanexon 4Mg","Tablet","Medicine","Tablet"
"4594","Sanexon 4Mg","other","Other","Unit"
"4586","Sanigrow Hand Sanitizer 100Ml","","Personal Care","Unit"
"7561","Sanitizer 5L","liquid","Personal Care","Unit"
"4588","Santodex Eye Drops","eye drops","Medicine","Drops"
"5991","Santovir Ointment 4.5Gm","Other","Medicine","Cream/Ointment"
"5933","Sarshapadee Oil 30Kl","Other","Other","Unit"
"5928","Sarwavishadhe Thel 30Ml","Other","Other","Unit"
"4590","Sathuta","Other","Other","Unit"
"4591","Savlon 500Ml","other","Other","Unit"
"1740","Savlon 50Ml","oil","Other","Unit"
"8433","Savoury Nuts","biscut","Other","Unit"
"4592","Sazo En 500","Tablet","Medicine","Tablet"
"6533","Scale Bag Number1","others","Other","Unit"
"9277","Scale Bags","other","Other","Unit"
"4593","Schoolsmart Caps","","Other","Unit"
"9217","Scisser","other","Other","Unit"
"6924","Scisser","others","Other","Unit"
"8342","Scissers","other","Other","Unit"
"4595","Sea Pearls Capsules","","Other","Capsule"
"3971","Seasers 1","others","Other","Unit"
"2896","Seasers 2","others","Other","Unit"
"2898","Seasers 3","Other","Other","Unit"
"2860","Seasers 4","others","Other","Unit"
"4596","Seaweed Norishing Face Washa","","Other","Unit"
"9233","Secalia Cream 50G","other","Personal Care","Cream/Ointment"
"4599","Sedno Syrup 60Ml","other","Medicine","Syrup"
"4600","Sedno Tabs 5Mg","other","Other","Tablet"
"9279","Sednox 5 Mg","other","Medicine","Unit"
"5929","Seethodaka Oil 30Ml","Other","Other","Unit"
"8012","Segabin Sr 75Mg","Capsule","Medicine","Capsule"
"4601","Seldruf Shampoo","Other","Personal Care","Unit"
"4602","Selexid 200Mg","tablets","Other","Unit"
"4604","Selipers Hd","","Other","Unit"
"5712","Senatogen Plus","Tablet","Medicine","Tablet"
"5646","Senatogen Syrup","syrup","Medicine","Syrup"
"4605","Senotagen Syrup","syrup","Medicine","Syrup"
"4606","Sensidene 70 Mg","","Medicine","Unit"
"4607","Sensitive Ultra Thin Condoms","","Other","Unit"
"1073","Sensodine Brush","tooth brush","Other","Unit"
"4608","Sensodine Rapid Relief 120G","Other","Other","Unit"
"4609","Sensodine Refresh 150Mg","","Other","Unit"
"4610","Sensodine Refresh Mint 150G","","Other","Unit"
"4611","Sensodyne Fresh Gel 40 G","tooth paste","Medicine","Cream/Ointment"
"4614","Sensodyne Fresh Gel 75 G","tooth paste","Medicine","Cream/Ointment"
"4612","Sensodyne Fresh Mint 40G","Other","Other","Unit"
"4613","Sensodyne Fresh Mint 75G","tooth paste","Other","Unit"
"4615","Sensodyne Multi Care","Other","Other","Unit"
"4616","Sensodyne Whitening 70G","Other","Other","Unit"
"7547","Sensylia Cream 24H 40Ml","cream","Personal Care","Cream/Ointment"
"4617","Sentaogen Plus","","Other","Unit"
"4619","Septex Creeam 30 G","","Medicine","Unit"
"4620","Septilin","Tablet","Medicine","Tablet"
"4621","Serenace 1.5 Mg","","Medicine","Unit"
"6944","Seretide 125 Inhaler","Inhaler","Medicine","Inhaler"
"4623","Seretide Accuhaler - Diskus","","Other","Unit"
"2624","Seretide Inhaler 250","Inhaler","Medicine","Inhaler"
"4625","Sergel 20 Mg","Tablet","Medicine","Tablet"
"4626","Sergel 40Mg","Tablet","Medicine","Tablet"
"4627","Seri Green Tea Fw","","Beverage","Unit"
"4628","Seri Lemon Grass Fw","","Other","Unit"
"4629","Seri Sadlwood Fw","","Other","Unit"
"4630","Seri Saffron Fw","","Other","Unit"
"9174","Seritide 125","other","Other","Unit"
"8347","Serlin 50Mg","Tablet","Medicine","Tablet"
"4631","Seroflam 15 Mg","Tablet","Medicine","Tablet"
"8440","Seroflo 250Mcg Mdi","Inhaler","Medicine","Inhaler"
"4632","Seroflo 125 Mdi","Inhaler","Medicine","Inhaler"
"4633","Seroflo 250 Dp","Tablet","Medicine","Tablet"
"4636","Seroflo 500 Dp","Tablet","Medicine","Tablet"
"3400","Serters","Tablet.","Medicine","Tablet"
"1217","Sertraline Hydrochloride Tablets 50Mg","Tablet","Medicine","Tablet"
"4641","Seven Seas Calsi D","Tablet","Medicine","Tablet"
"4640","Seven Seas Cap","capsules","Medicine","Capsule"
"4643","Seven Seas Epo Plus","","Other","Unit"
"4645","Seven Seas Mvs 100Ml","Syrup","Medicine","Syrup"
"4646","Seven Seas One A Day","fish oil","Other","Unit"
"1631","Sewanagala Dhiyawadi Choornaya","choornaya","Other","Unit"
"1111","Sewanagala Handiraja Bam","bam","Other","Unit"
"6352","Sewanagala Herbal Bam","others","Other","Unit"
"1633","Sewanagala Tooth Powder","poweder","Other","Unit"
"4647","Sewtha Chandanalepa","other","Other","Unit"
"4648","Shainy Baby Cologne","","Baby Care","Unit"
"1754","Shakthiraja Balm","other","Other","Unit"
"9114","Shakthiraja Castor Oil 30Ml","oil","Other","Unit"
"4058","Shakthiraja Oil","oil","Other","Unit"
"5857","Shape Up Anchor","Other","Other","Unit"
"10065","Sharpening Pencil","others","Other","Unit"
"4649","Sharving Cream 50 G","","Personal Care","Cream/Ointment"
"9792","Sharwavishadi Thel 25Ml","oil","Other","Unit"
"8315","Shine And Glow Conditioner (Ewon)","Other","Personal Care","Unit"
"8316","Shine And Glow Shampo (Ewon)","Other","Other","Unit"
"4650","Shoe Polish Large","POLISH","Other","Unit"
"9611","Shoe Shine Brush","brush","Other","Unit"
"6530","Shower Cap","other","Personal Care","Capsule"
"9564","Sia Liya Aloe Vera","jel","Other","Cream/Ointment"
"4652","Siddalepa 10 G","Other","Medicine","Unit"
"5917","Siddalepa 5G","Other","Other","Unit"
"9026","Siddalepa Gingelly Oil 30Ml","oil","Other","Unit"
"5918","Siddalepa Inhaler","Inhaler","Medicine","Inhaler"
"9028","Siddalepa Meelyadi Oil 30Ml","oil","Other","Unit"
"9027","Siddalepa Pinda Oil 30Ml","oil","Other","Unit"
"5926","Siddartha Thel 30Ml","Other","Other","Unit"
"9017","Siddhalepa 10G","balm","Other","Unit"
"4653","Siddhalepa 15 G","Other","Medicine","Unit"
"4654","Siddhalepa 2.5G","Other","Other","Unit"
"4656","Siddhalepa 50 G","","Medicine","Unit"
"9016","Siddhalepa 5G","balm","Other","Unit"
"4704","Siddhalepa Aba Thel","oil","Other","Unit"
"4657","Siddhalepa Asamodagam 385Ml","Other","Other","Unit"
"4660","Siddhalepa Axe Oil","oil","Other","Unit"
"1086","Siddhalepa Balm 25G","balm","Other","Unit"
"1085","Siddhalepa Balm 50G","balm","Other","Unit"
"4658","Siddhalepa Cough Syrup","syrup","Medicine","Syrup"
"9655","Siddhalepa Cough Syrup 100Ml","syrup","Medicine","Syrup"
"4665","Siddhalepa Inhaler","Other","Medicine","Inhaler"
"4037","Siddhalepa Inhaler","inhaler","Medicine","Inhaler"
"4661","Siddhalepa L","","Other","Unit"
"5922","Siddhalepa Lakpeyawa","Other","Other","Unit"
"4662","Siddhalepa Mahanarayana Oil","oil","Other","Unit"
"4663","Siddhalepa Pain Relief Spray 80G","Other","Personal Care","Unit"
"4664","Siddhalepa Peenas Thailaya 30Ml","oil","Other","Unit"
"18242","Siddhalepa Threepa;a","cap","Medicine","Capsule"
"4666","Siddhi Herbal Slimming Tea 25G","Other","Beverage","Unit"
"4667","Siftus 5Mg","","Other","Unit"
"4668","Sighatharu Hand Sanitizer 50Ml","","Personal Care","Unit"
"4669","Signal Expert Fresh Toothpaste 40G","","Personal Care","Unit"
"4670","Signal Fighter Toothbrush","brush","Other","Unit"
"4671","Signal Kids Toothpaste 40G","other","Personal Care","Unit"
"4672","Signal Strong Toothpaste","","Personal Care","Unit"
"4675","Signal Tooth Brush","tooth brush","Other","Unit"
"4673","Signal Tooth Paste 160G","tooth paste","Other","Unit"
"4674","Signal Toothbrush","brush","Other","Unit"
"4677","Signal Toothpaste 40G","Other","Personal Care","Unit"
"4676","Signal Toothpaste 70G","Other","Personal Care","Unit"
"9544","Signal Tootphast 120G","tooth paste","Other","Unit"
"9602","Signal Tootphast 70G","tooth paste","Other","Unit"
"4678","Silagra 100","Tablet","Medicine","Tablet"
"4679","Silagra 50","Tablet","Medicine","Tablet"
"4680","Silican Treatment 100 Ml","","Other","Unit"
"8237","Silicn Nipple","nipple","Other","Unit"
"8236","Silicn Nipple L","nipple","Other","Unit"
"6522","Silicon Bottle","others","Beverage","Bottle"
"8332","Silicon Catheter 16","other","Other","Unit"
"5058","Silicon Catheter 18","others","Other","Unit"
"8238","Silicon Nipple","nipple","Other","Unit"
"4681","Silicone Catheter 12G","","Other","Unit"
"4682","Silicone Catheter 16","","Other","Unit"
"4683","Silicone Catheter 18","","Other","Unit"
"6554","Silicone Spoon","others","Other","Unit"
"4685","Silo 100","Tablet","Medicine","Tablet"
"6040","Silo 50Mg","Tablet","Medicine","Tablet"
"5683","Silora 10Mg","Tablet","Medicine","Tablet"
"5544","Silver Sulfadiazine Cream","cream","Personal Care","Cream/Ointment"
"4686","Silverleb Cream 25G","cream","Personal Care","Cream/Ointment"
"4687","Silvin Cream","","Personal Care","Cream/Ointment"
"4688","Silvirin Cream","Tablet","Personal Care","Tablet"
"4689","Simbrinza Eye Drop","eye drops","Medicine","Drops"
"4690","Similac Mom","","Other","Unit"
"5716","Simparica 40Mg","Tablet","Medicine","Tablet"
"5717","Simparica 80Mg","Tablet.","Medicine","Tablet"
"4691","Simvas 10 Mg","","Medicine","Unit"
"4692","Simvastatin 10 Mg Spc","Tablet","Medicine","Tablet"
"9255","Sinarest Linctus Syrup 100Ml","other","Medicine","Syrup"
"4693","Sinarest Nasal Drops 10Ml","nasal drops","Medicine","Drops"
"4694","Sinarest Pd Nasal Drops","nasal spray","Personal Care","Drops"
"4695","Sinarest S Nasal Drop","Syrup","Medicine","Syrup"
"8013","Sinemet 275Mg","Tablet","Medicine","Tablet"
"4696","Single Expert Toothpaste 72G","","Personal Care","Unit"
"6512","Sintogel 30G","gel","Medicine","Cream/Ointment"
"10098","Siromega","Capsule","Medicine","Capsule"
"4698","Sita 100","Tablet","Medicine","Tablet"
"4699","Sita 50","Tablet","Medicine","Tablet"
"8071","Sitag 50Mg (Sitagliptin)","Tablet","Medicine","Tablet"
"9705","Sitagen 100Mg","Tablet","Medicine","Tablet"
"4701","Sitagen 25 Mg","Tablet","Medicine","Tablet"
"9706","Sitagen 50Mg","Tablet","Medicine","Tablet"
"4703","Sitagil 100Mg","other","Other","Unit"
"9192","Sitagil 50Mg","other","Other","Unit"
"4705","Sitaglip 100","Tablet","Medicine","Tablet"
"4706","Sitaglip 50 50Mg","","Other","Unit"
"4707","Sitagliptin 100 (Spc)","Tablet","Medicine","Tablet"
"4708","Sitagliptin 50 Theoglip","Tablet","Medicine","Tablet"
"2306","Sitamax 100Mg","Tablet.","Medicine","Tablet"
"9417","Sitamax 50Mg","other","Other","Unit"
"4709","Sitavic 100Mg","Tablet","Medicine","Tablet"
"4710","Sitavic 50 Mg","Tablet","Medicine","Tablet"
"4711","Sitcom Cream 30G","","Personal Care","Cream/Ointment"
"4712","Sitcom Tablets 100Mg","","Other","Unit"
"4713","Siyana Cashew 60G","cashew","Other","Unit"
"5739","Sizodon 2Mg","Tablet","Medicine","Tablet"
"4714","Sizopin 100","Tablet","Medicine","Tablet"
"5999","Skin Clear Treatment","Other","Other","Unit"
"10002","Skin Moist Bar","BAR","Other","Unit"
"9719","Skinlite Cream","cream","Personal Care","Cream/Ointment"
"9240","Skyn Condom","other","Other","Unit"
"2318","Slc Acne Bar","soap","Personal Care","Unit"
"2294","Slc Face Wash","FACE WASH","Personal Care","Unit"
"6503","Sleeping Got","others","Other","Unit"
"4715","Slickhaler","other","Other","Unit"
"2621","Slim Tea","Other","Beverage","Unit"
"8168","Smak Drink","drink","Beverage","Unit"
"4716","Smarat C C 125 G","","Medicine","Unit"
"4717","Smart C C 190 G","","Medicine","Unit"
"4718","Smart C C 230 G","","Medicine","Unit"
"4719","Smart C C Buddy","","Other","Unit"
"4720","Smart Clean Hand Sanitizer 4 L","","Personal Care","Unit"
"10055","Snow Spray","others","Personal Care","Unit"
"8374","Soan Papdi","tofee","Other","Unit"
"9729","Soan Papdi","other","Other","Unit"
"2678","Socks","others","Other","Unit"
"4721","Sodium Chlor 500Ml","Bottle","Beverage","Bottle"
"9726","Sodium Chloride 500Ml","other","Other","Unit"
"4722","Sofinox Cream","cream","Personal Care","Cream/Ointment"
"4723","Sofradex Cream","cream","Personal Care","Cream/Ointment"
"8436","Soframycin Skin Cream","cream","Personal Care","Cream/Ointment"
"5836","Soft Cervical Collar(l)","Other","Other","Unit"
"8261","Soft Cervical Collar(m)","collar","Other","Unit"
"4725","Soft Cloth 3M Plaster ( 2764)","plaster","Other","Unit"
"6124","Soft Love Baby Diapers","Other","Baby Care","Unit"
"4726","Soft Love Baby Pants","Other","Baby Care","Unit"
"8079","Soft Love Pampas Medium","pampas","Other","Unit"
"8295","Soft Love Pampas Single (L)","pampas","Other","Unit"
"8320","Soft Love Pampas Single (M)","pampas","Other","Unit"
"8321","Soft Love Pampas Single (S)","pampas","Other","Unit"
"8078","Soft Love Pampas Small","pampas","Other","Unit"
"8324","Soft Love Pampas( Nb)","pampas","Other","Unit"
"8325","Soft Love Pampas(m)","pampas","Other","Unit"
"8326","Soft Love Pampas(s)","pampas","Other","Unit"
"8328","Soft Love Pants (L)","pants","Other","Unit"
"8327","Soft Love Pants (M)","pants","Other","Unit"
"8322","Soft Love Pants Single (L)","pants","Other","Unit"
"8323","Soft Love Pants Single (M)","pants","Other","Unit"
"4728","Softa Care Cotton Buds Packet","Other","Other","Packet"
"4729","Softacare Micruporous Tape 1*5","","Other","Unit"
"4730","Softacare Micruporous Tape 2*5","","Other","Unit"
"4731","Softacare Wet Wipes","","Other","Unit"
"4732","Softdrops Eye Drops 10Ml","other","Medicine","Drops"
"6026","Softlove Pampers","Other","Other","Unit"
"8151","Softouch Ocean Breeze","after wash","Personal Care","Unit"
"8213","Softtouch 120Ml","others","Other","Unit"
"8163","Softtouch 200Ml","after wash","Personal Care","Unit"
"4733","Sofudac Cream 15G","cream","Personal Care","Cream/Ointment"
"4085","Solbid Spray","Spray","Personal Care","Unit"
"5509","Solbiotic Capsule","Capsule","Medicine","Capsule"
"5512","Solbiotic Sachet","sache","Other","Packet"
"5508","Solcal","Tablet","Medicine","Tablet"
"2291","Solficare 5Mg","Tablet.","Medicine","Tablet"
"4734","Solmux 500Mg","Capsule","Medicine","Capsule"
"4735","Solmux Forte Susp","syrup","Medicine","Syrup"
"4736","Solmux P Susp 60Ml","syrup","Medicine","Syrup"
"4737","Solo Sugar Tablets","","Other","Unit"
"4738","Solo Sweetner","","Other","Unit"
"5510","Solom","Tablet","Medicine","Tablet"
"4739","Solomega","Tablet","Medicine","Tablet"
"4740","Solotrate Sr 30","Tablet.","Medicine","Tablet"
"4741","Solotrate Sr 60","Tablet","Medicine","Tablet"
"4742","Solvin Syrup","syrup","Medicine","Syrup"
"4743","Solvin Tab","Tablet","Medicine","Tablet"
"4744","Sompraz 20 Mg Expire","Tablet","Medicine","Tablet"
"4745","Sompraz 40 Expired","Tablet","Medicine","Tablet"
"4746","Sonaderm Gm Cream","cream","Personal Care","Cream/Ointment"
"6839","Sooriya Kiri 100G","milk powder","Snack","Unit"
"2514","Sooriya Milk Powder 400G","milk powder","Snack","Unit"
"4684","Soother Nipple","other","Other","Unit"
"9122","Soothing Care Aloe Vera 50Ml","other","Other","Unit"
"9060","Soothing Care Cocoa Butter Aloe Vera 100Ml","other","Other","Unit"
"4749","Sp Balm 20G","balm","Other","Unit"
"4747","Sp Balm 3G","Other","Other","Unit"
"4750","Sp Balm 50G","balm","Other","Unit"
"4748","Sp Balm 7G","balm","Other","Unit"
"4751","Spacer For Inhaler Device","","Medicine","Inhaler"
"7684","Spanil 10Mg","Tablet","Medicine","Tablet"
"4753","Spc Carvil Coller M","","Other","Unit"
"8002","Spc Cephast","Tablet","Medicine","Tablet"
"6132","Spc Clopigogrel 75G","Tablet","Medicine","Tablet"
"4754","Spc Cravil Coller S","","Other","Unit"
"5514","Spc Curam 375Mg","Tablet","Medicine","Tablet"
"3777","Spc Diltiazem90(dilcardia)","Other","Other","Unit"
"4942","Spc Innotel 40Mg","Tablet","Medicine","Tablet"
"","Spc Pantaprozole","Tablet","Medicine","Tablet"
"4755","Spillar 25Mg","Tablet","Medicine","Tablet"
"8129","Spinner Energy Drink","drink","Beverage","Unit"
"4756","Spironolactone Spmc Tab 25Mg","Bottle","Beverage","Tablet"
"4757","Splash Wet Wipes Fruity","","Other","Unit"
"2888","Spmc Famotidine 20Mg","Tablet","Medicine","Tablet"
"4760","Spol Kinematics Tex (Cm)","","Other","Unit"
"6536","Sponge Bag","other","Other","Unit"
"9676","Sporidex 500Mg","Tablet","Medicine","Tablet"
"4761","Sporidex Suspension 100Ml","Syrup","Medicine","Syrup"
"4762","Sporidex Tabs 250Mg","Tablet","Medicine","Tablet"
"5854","Sport Muscle Builder","Tin","Other","Packet"
"4765","Square Zinc 20 Mg","Tablet","Medicine","Tablet"
"4724","Sramycin Cream 20G Expired","cream","Personal Care","Cream/Ointment"
"3574","Srimet 500Mg","Tablet","Medicine","Tablet"
"4775","Ss Jointcare Sportflex Cap","","Medicine","Capsule"
"4776","Stafoban Cream","","Personal Care","Cream/Ointment"
"4777","Stamina Condoms","Other","Other","Unit"
"9634","Stamina Plus","condoms","Other","Unit"
"8075","Stamlo 5Mg","Tablet","Medicine","Tablet"
"6048","Stanalic 160Mg","Tablet","Medicine","Tablet"
"1010","Starcal D","","Other","Unit"
"4778","Stemetil 5 Mg","Tablet","Medicine","Tablet"
"4780","Steri Stripe 1540","strip","Other","Unit"
"4781","Steri Stripe 1541","strip","Other","Unit"
"4782","Steri Stripe 1542","strips","Other","Unit"
"4783","Steri Stripe 1546","strip","Other","Unit"
"4784","Steri Stripe 1547","strip","Other","Unit"
"4785","Steriderm S Cream","cream","Personal Care","Cream/Ointment"
"4786","Steridine Ointment","cream","Personal Care","Cream/Ointment"
"4787","Sterile Gloves","","Other","Unit"
"4788","Sterile Gloves 6 1/2","","Other","Unit"
"4789","Sterile Gloves 7","","Other","Unit"
"4790","Sterile Gloves 7 1/2","","Other","Unit"
"5946","Sterilised Water 10Ml","Bottle","Beverage","Bottle"
"4791","Sterill 115Ml","liquid","Other","Unit"
"4792","Sterill Hand Sanitizer 100Ml","Other","Personal Care","Unit"
"8052","Sterill Sanitizer 50Ml","gel","Personal Care","Cream/Ointment"
"8005","Sterill Sanitizer Gel 115Ml","gel","Personal Care","Cream/Ointment"
"8051","Sterill Spray 30Ml","Spray","Personal Care","Unit"
"1080","Sterisone Cream","cream","Personal Care","Cream/Ointment"
"4793","Sterosone Cream","cream","Personal Care","Cream/Ointment"
"8228","Stix Vanila/chocolate/strawberry New","stix","Snack","Unit"
"9052","Strawbeey & Delum Face Wash 50Ml","FACE WASH","Personal Care","Unit"
"9596","Strawberry Cream Biscuits","biscuit","Biscuit","Cream/Ointment"
",","0","0","Other","Unit"
"4798","Strepsils","Tablet","Medicine","Tablet"
"4797","Strepsils Double","other","Other","Unit"
"4799","Stress Powder","Other","Other","Unit"
"6987","Stresstabs","tablets","Other","Unit"
"10052","Strow","others","Other","Unit"
"4800","Stugeron 25Mg","Tablet","Medicine","Tablet"
"5659","Subsyde-cr (Diclofenac Sodium)","Tablet","Medicine","Tablet"
"4801","Sucrafil O Gel 100Ml","syrup","Medicine","Syrup"
"4802","Sucrafil Susp","syrup","Medicine","Syrup"
"8106","Sucral Syrup 200","Syrup","Medicine","Syrup"
"4803","Suction Cathita","","Other","Unit"
"10062","Suction Cups","others","Other","Unit"
"4806","Sudantha 120Mg","other","Other","Unit"
"4804","Sudantha 45G","Other","Other","Unit"
"4805","Sudantha 80 G","others","Medicine","Unit"
"3970","Sudantha 80G","others","Other","Unit"
"4808","Suensu 500Ml","","Other","Unit"
"4809","Suflex","Tablet","Medicine","Tablet"
"1147","Sugar Free Dark Chocolat","drink","Beverage","Unit"
"4811","Sulphur Ointment 10%","","Medicine","Cream/Ointment"
"4812","Sulphur Ointment 5%","","Medicine","Cream/Ointment"
"4815","Sulpitac 200Mg","Tablet","Medicine","Tablet"
"4814","Sulpitac 100Mg","Tablet","Medicine","Tablet"
"4813","Sulpitac 300","Tablet","Medicine","Tablet"
"9680","Sun & Fun ( Suns Creen Lotion )","Lotion","Personal Care","Cream/Ointment"
"4816","Sun & Fun Daily Pro Lotion 110Ml","","Personal Care","Cream/Ointment"
"4817","Sun & Fun Daily Pro Lotion 80Ml","","Personal Care","Cream/Ointment"
"5881","Sun And Fun Lotion 80Ml","Other","Personal Care","Cream/Ointment"
"1063","Sun Crush","othres","Other","Unit"
"9732","Sunbles 1000Mg","Tablet","Medicine","Tablet"
"9751","Sunblock 60","cream","Personal Care","Cream/Ointment"
"8130","Sunblock Uv90","CREAM","Personal Care","Cream/Ointment"
"4818","Suncourt Cream","","Personal Care","Cream/Ointment"
"4819","Sungligh Soap Care","","Personal Care","Unit"
"4823","Sunlight Care 115G","","Other","Unit"
"4824","Sunlight Care Soap Naturals","","Personal Care","Unit"
"4820","Sunlight Detergent Powder 400G","Other","Other","Unit"
"6012","Sunlight Dp 115G","Other","Other","Unit"
"4821","Sunlight Dp Lemon&jasmine; 1Kg","Other","Other","Unit"
"4822","Sunlight Soap","Other","Personal Care","Unit"
"5777","Sunlight Soap Lemon&rose;","Other","Personal Care","Unit"
"5775","Sunlight Soap Nil Manel","Other","Personal Care","Unit"
"4825","Sunlight Soap Pink Floral","","Personal Care","Unit"
"5776","Sunlight Soap Real Lemon","Other","Personal Care","Unit"
"4826","Sunlight Soap Yellow","","Personal Care","Unit"
"9671","Sunsilk Conditiner 180Ml","shampoo","Personal Care","Unit"
"4829","Sunsilk Conditioner 180Ml","shampoo","Personal Care","Unit"
"4098","Sunsilk Conditioner 80Ml","Other","Personal Care","Unit"
"4830","Sunsilk Long & Healthy","shampoo","Personal Care","Unit"
"4832","Sunsilk Shampoo 180 Ml","Other","Personal Care","Unit"
"9384","Sunsilk Shampoo 180 Ml","shampoo","Personal Care","Unit"
"9603","Sunsilk Shampoo 180Ml","shampoo","Personal Care","Unit"
"4833","Sunsilk Shampoo 180Ml New","shampoo","Personal Care","Unit"
"4835","Sunsilk Shampoo 40Ml","shampoo","Personal Care","Unit"
"4834","Sunsilk Shampoo 80Ml","othres","Personal Care","Unit"
"9387","Sunsilk Shampoo 80Ml","shampoo","Personal Care","Unit"
"4831","Sunsilk Shampoo New 80Ml","shampoo","Personal Care","Unit"
"9135","Sunsilk Shampoo New 80Ml","shampoo","Personal Care","Unit"
"8285","Super Cream Cracker 220G","biscuit","Biscuit","Cream/Ointment"
"8287","Super Cream Cracker Handy 120G","biscuit","Biscuit","Cream/Ointment"
"8286","Super Cream Cracker Handy 85G","biscuit","Biscuit","Cream/Ointment"
"8356","Super Cream Cracker Handy Pack 120G New","other","Biscuit","Cream/Ointment"
"9079","Super Guard Gel 50Ml","gel","Medicine","Cream/Ointment"
"9149","Super Guard Hand Sanitizer 50Ml","other","Personal Care","Unit"
"5938","Supiriviky Tooth Brush","Other","Other","Unit"
"4842","Supiriviky Toothpaste 40G","Other","Personal Care","Unit"
"5919","Supiriviky Toothpaste 70G","Other","Personal Care","Unit"
"4843","Supirocin Oninment","oinment","Other","Unit"
"4844","Supracal","Tablet","Medicine","Tablet"
"4845","Supravit Cap","Tablet","Medicine","Tablet"
"4846","Supricort Cream 15G","cream","Personal Care","Cream/Ointment"
"4850","Supricort N Cream 15G","cream","Personal Care","Cream/Ointment"
"4849","Surbex-z","Tablet","Medicine","Tablet"
"1278","Surgdene Ointment","other","Medicine","Cream/Ointment"
"8155","Surgical Mask Box (New)","Other","Other","Packet"
"10005","Surgical 500Ml","surgical item","Other","Unit"
"8913","Surgical Bandage 3X3y","bandage","Other","Unit"
"4852","Surgical Blade 11Gage","Other","Other","Unit"
"2470","Surgical Blade 15","other","Other","Unit"
"4598","Surgical Cap","others","Medicine","Capsule"
"8126","Surgical Mask Baby","mask","Baby Care","Unit"
"8658","Surgical Mask Black","mask","Other","Unit"
"8047","Surgical Mask Box","mask","Other","Packet"
"8392","Surgical Mask Kids Pink","mask","Other","Unit"
"8393","Surgical Mask Single ( D Life","mask","Other","Unit"
"8266","Surgical Mask Single Black","mask","Other","Unit"
"8251","Surgical Mask Single New1","mask","Other","Unit"
"7601","Surgical Mask Single New2","Other","Other","Unit"
"5583","Surgical Spirit 28Ml","Other","Other","Unit"
"8912","Surgical Spirit 500Ml","spirit","Other","Unit"
"8182","Surgical Sprit 100Ml","spirit","Other","Unit"
"9591","Surgical Sprite 100Ml New","sprit","Other","Unit"
"9552","Surgical Sprite 60Ml","spirit","Other","Unit"
"8098","Surgicle Gloves 6 1/2","gloves","Other","Unit"
"8099","Surgicle Gloves 7 1/2","gloves","Other","Unit"
"4865","Sustacal Vanila 400G","Tin","Other","Packet"
"4866","Sustagen Chocolate","milk powder","Snack","Unit"
"2475","Sustagen Junior","milk powder","Snack","Unit"
"4867","Sustagen Vanila","milk powder","Snack","Unit"
"4869","Susten 200Mg","Tablet","Medicine","Tablet"
"5516","Suvast 10Mg","Tablet","Medicine","Tablet"
"5517","Suvast 5Mg","Tablet","Medicine","Tablet"
"5830","Suvegan 8G","Other","Other","Unit"
"9032","Suvengan","other","Other","Unit"
"8146","Suwa Darani","drink","Beverage","Unit"
"9791","Suwa Darani","Other","Other","Unit"
"9087","Swabh Ceylon Baby Cream 100Ml","cream","Baby Care","Cream/Ointment"
"6056","Swabha Acne Day Cream 50G","Other","Personal Care","Cream/Ointment"
"6059","Swabha Acne Face Wash 50Ml","Other","Personal Care","Unit"
"6060","Swabha Acne Night Cream 50G","Other","Personal Care","Cream/Ointment"
"6062","Swabha Aloe Body Lotion 100Ml","Other","Personal Care","Cream/Ointment"
"6058","Swabha Baby Colong 100Ml","Other","Baby Care","Unit"
"1219","Swabha Body Lotion","Other","Personal Care","Cream/Ointment"
"1218","Swabha Brht Nght Cream 25G","cream","Personal Care","Cream/Ointment"
"6065","Swabha Ceylon Conditioner 80Ml","Other","Personal Care","Unit"
"6063","Swabha Ceylon Anti Dandurf Shampoo 80Ml","Other","Personal Care","Unit"
"6066","Swabha Ceylon Black Shine Shampoo 180Ml","Other","Personal Care","Unit"
"6064","Swabha Ceylon Conditionar 180Ml","conditionar","Other","Unit"
"6074","Swabha Natural Body Lotion 100Ml","Other","Personal Care","Cream/Ointment"
"6069","Swabha Natural Bright Day Cream 25G","cream","Personal Care","Cream/Ointment"
"6068","Swabha Natural Bright Day Cream 50G","Other","Personal Care","Cream/Ointment"
"6070","Swabha Natural Bright Face Wash 100Ml","Other","Personal Care","Unit"
"6073","Swabha Natural Bright Night Cream 25G","cream","Personal Care","Cream/Ointment"
"4871","Swastha Amurtha","","Other","Unit"
"4870","Swastha Tripala 120","Tablet","Medicine","Tablet"
"4872","Swastha Tripala 30","Tablet","Medicine","Tablet"
"4873","Swastha Tripala 60","Tablet","Medicine","Tablet"
"2289","Swetha Chandanadeelapaya. 25G","cream","Personal Care","Cream/Ointment"
"9393","Swetha Chandanadeelapaya. 45G","cream","Personal Care","Cream/Ointment"
"9287","Swing","other","Other","Unit"
"6440","Swiso Gel 2%","cream","Personal Care","Cream/Ointment"
"4874","Symbicort 160/4.5","Tablet","Medicine","Tablet"
"4875","Syndopa 275Mg","Tablet","Medicine","Tablet"
"4876","Syndopa Cr 200Mg","Tablet","Medicine","Tablet"
"4877","Syndopa Plus 100Mg","Tablet","Medicine","Tablet"
"5837","Syringer 10Ml","Other","Other","Unit"
"5856","Syringer 1Ml Insuling","Other","Other","Unit"
"9037","Syringer 20Ml","other","Other","Unit"
"5744","Syringer 3Ml","SYRIGER","Other","Unit"
"9038","Syringer 50Ml","other","Other","Unit"
"5829","Syringer 5Ml","Other","Other","Unit"
"4878","Systane Ultra","eye drops","Medicine","Drops"
"4879","Systear Eye Drop 10Ml","eye drops","Medicine","Drops"
"4880","Szodon 2","","Other","Unit"
"4881","T 3 Mycin Lotion","","Personal Care","Cream/Ointment"
"6923","T-sar 20Mg","Tablet","Medicine","Tablet"
"6542","T-sar 40Mg","Tablet","Medicine","Tablet"
"4883","T3 Acnc Cleansing Bar","","Other","Unit"
"4884","T3 Ada 25G","other","Other","Unit"
"4885","T3 Mycin Gel 25G","gel","Medicine","Cream/Ointment"
"5525","T3 Mycin Lotion","Lotion","Personal Care","Cream/Ointment"
"6118","T4 100Mcg","Tablet","Medicine","Tablet"
"4886","T4 50Mcg","Tablet","Medicine","Tablet"
"1038","Tacgraf 0.5Mg","Tablet","Medicine","Tablet"
"8368","Tacgraf 1Mg","Tablet","Medicine","Tablet"
"8184","Tacroz 0.03% Oinment","cream","Personal Care","Cream/Ointment"
"8220","Tacroz 0.1% Oinment New","cream","Personal Care","Cream/Ointment"
"4887","Tacroz 1% W/w Ointment","oinment","Medicine","Cream/Ointment"
"4888","Taflotan 2.5Ml","","Other","Unit"
"4889","Taiko Hot Large","","Other","Unit"
"4890","Taiko Vakum Flask 600Ml","","Other","Unit"
"4891","Taiko Vakum Plask S","","Other","Unit"
"5682","Takool 100Mg Bar","Other","Other","Unit"
"7707","Takool Shampoo","shampoo","Personal Care","Unit"
"5324","Talfo Lavender Shampoo","pet sampoo","Personal Care","Unit"
"5328","Talfo Rash","For pets","Other","Unit"
"6920","Talfo Shampoo 200Ml","shampoo","Personal Care","Unit"
"4892","Talimus Ointment 0.03% 10G","","Medicine","Cream/Ointment"
"4893","Talimus Ointment 0.1% 10Gm","other","Medicine","Cream/Ointment"
"4894","Talpo Lavender","","Other","Unit"
"8390","Tamisol Mr","Tablet","Medicine","Tablet"
"4895","Tamoxis 20 Mg","other","Medicine","Unit"
"6089","Tampoons.","Other","Other","Unit"
"4896","Tamsin 0.4","Tablet","Medicine","Tablet"
"5711","Tamsulosin 0.4Mg","Tablet","Medicine","Tablet"
"4899","Tanatril 10 Mg","Tablet.","Medicine","Tablet"
"1044","Tanatril 5Mg","tab","Medicine","Tablet"
"10057","Tape Roll","others","Other","Unit"
"10058","Tape Roll","others","Other","Unit"
"4901","Tas-med Cotton Wool 50G","Other","Other","Unit"
"4902","Tascit 1080Mg","","Other","Unit"
"4903","Tasmi 20Mg","Tablet","Medicine","Tablet"
"4904","Tasmi 40Mg","Tablet","Medicine","Tablet"
"4905","Tasmi 80Mg Expired","Tablet","Medicine","Tablet"
"4906","Taven 10 Mg","","Medicine","Unit"
"4907","Taxim O Dt 100Mg","Tablet","Medicine","Tablet"
"8343","Taxim O Forte Dry Syrup","Syrup","Medicine","Syrup"
"4908","Taxim O Syrup 60Ml","Syrup","Medicine","Syrup"
"4909","Tazloc 20","Tablet","Medicine","Tablet"
"4910","Tazloc 40Mg","Tablet","Medicine","Tablet"
"4911","Tazloc 80","tab","Medicine","Tablet"
"4912","Tazloc H","","Other","Unit"
"4913","Tcars Forte Os 5 Ml","","Other","Unit"
"4914","Tea Tree Oil Face Wash","","Beverage","Unit"
"4915","Tea Tree Oil Foaming Face Wash 100Ml","","Beverage","Unit"
"4916","Tears Forte Eye Drop 15Ml","","Other","Drops"
"4917","Tears Naturale Ii","eye drops","Medicine","Drops"
"4918","Teater Ring","other","Other","Unit"
"9063","Teatree Oil Face Wash 100Ml","FACE WASH","Personal Care","Unit"
"4919","Tedibar","","Other","Unit"
"9643","Teen Derm Gel","gel","Medicine","Cream/Ointment"
"8208","Teenderm Gel","gel","Medicine","Cream/Ointment"
"4921","Teething Ring","others","Other","Unit"
"4922","Tegaderm 1623W","","Other","Unit"
"4923","Tegaderm 1624W","Other","Other","Unit"
"4924","Tegaderm 1626","","Other","Unit"
"4925","Tegaderm 1627W","","Other","Unit"
"4926","Tegaderm 3582","","Other","Unit"
"4927","Tegaderm 3584","","Other","Unit"
"4928","Tegaderm 3586","","Other","Unit"
"4929","Tegaderm 3589","","Other","Unit"
"4930","Tegaderm 3593","","Other","Unit"
"4931","Tegaderm Plus Pad","","Other","Unit"
"4932","Tegretol 2% Syrup 100Ml","","Medicine","Syrup"
"4933","Tegretol 200 Mg","Tablet","Medicine","Tablet"
"4934","Tel Od 20","Tablet","Medicine","Tablet"
"4935","Tel Od 40","Tablet","Medicine","Tablet"
"4936","Tel Od 80","Tablet","Medicine","Tablet"
"4937","Telcard 40","tab","Medicine","Tablet"
"1198","Telco 40","tablet","Medicine","Tablet"
"4938","Telday 20","Tablet","Medicine","Tablet"
"4939","Telday 40","Tablet","Medicine","Tablet"
"4940","Telday 80","Tablet","Medicine","Tablet"
"4941","Telday H Tabs","Tablet","Medicine","Tablet"
"8187","Teli 40Mg","Tablet","Medicine","Tablet"
"6786","Telmis 20Mg","Tablet","Medicine","Tablet"
"9318","Telmisartan 40Mg (Spc/torrent)","other","Other","Unit"
"9753","Telmisartan 80Mg","Tablet","Medicine","Tablet"
"5693","Telmisartan Tab 20Mg (Spc)","Tablet","Medicine","Tablet"
"4943","Telmisartan Tab20mg Innotel","Tablet","Medicine","Tablet"
"4944","Telmisatan 40Mg Spc","Tablet","Medicine","Tablet"
"4945","Telsart 20Mg","Tablet","Medicine","Tablet"
"4946","Telsart 40Mg","Tablet","Medicine","Tablet"
"4947","Telsart 80Mg","Tablet","Medicine","Tablet"
"4948","Telsart H","Tablet","Medicine","Tablet"
"4949","Telzi 40","Tablet","Medicine","Tablet"
"7552","Telzi 80 Ex","Tablet","Medicine","Tablet"
"2152","Tennis Ball","others","Other","Unit"
"4950","Tenolol 25","","Other","Unit"
"4951","Tenolol 50","","Other","Unit"
"8152","Terbiderm 125Mg","Tablet","Medicine","Tablet"
"9561","Terbiderm Cream 10G","cream","Personal Care","Cream/Ointment"
"4952","Terbiderm Cream 10G","cream","Personal Care","Cream/Ointment"
"4953","Terbiderm Forte Tab","tablets","Medicine","Tablet"
"9245","Terbinafine Cream 15G","other","Personal Care","Cream/Ointment"
"4954","Terbinaforce 250Mg","tab","Medicine","Tablet"
"4955","Terbinaforce Cream","cream","Personal Care","Cream/Ointment"
"4956","Terbinox Cream","cream","Personal Care","Cream/Ointment"
"9661","Terbisil 250Mg","Tablet","Medicine","Tablet"
"6525","Terbisil Cream","cream","Personal Care","Cream/Ointment"
"7620","Terbized 250Mg","Tablet","Medicine","Tablet"
"7621","Terbized Cream 10G","cream","Personal Care","Cream/Ointment"
"4957","Ternilla 100 Mg Expired","Tablet","Medicine","Tablet"
"4958","Test Tube","others","Other","Tub"
"4959","Test Tube Holder","others","Other","Tub"
"6054","Tetanus Toxoid 0.5Ml","Other","Other","Unit"
"4960","Tetanus Vaccine","","Other","Unit"
"4961","Tetra - Cort Topical Ointment 15Gm","cream","Personal Care","Cream/Ointment"
"7541","Tetracycline Eye Ointment 1%","eye oinment","Medicine","Cream/Ointment"
"4962","Tetracycline Ointment 15G","oinment","Medicine","Cream/Ointment"
"4963","Tetret 250","Tablet","Medicine","Tablet"
"4964","Tetta Oni","","Other","Unit"
"4965","Thai Rose Cream","","Personal Care","Cream/Ointment"
"4966","Thal Oil","","Other","Unit"
"4967","Thala Tel 30Ml","Other","Other","Unit"
"4968","Theoclav (Spc) 625","","Other","Unit"
"4969","Theoclav 375","","Other","Unit"
"4970","Theoclav Spc","","Other","Unit"
"4971","Theoclot 75Mg","Tablet","Medicine","Tablet"
"4972","Theofin Pr 125","Tablet","Medicine","Tablet"
"8244","Theofin Syrup 100Ml","Syrup","Medicine","Syrup"
"4973","Theofin Syrup 60Ml","Syrup","Medicine","Syrup"
"8191","Theofin Syrup 60Ml","Syrup","Medicine","Syrup"
"4974","Theoflix 200","","Other","Unit"
"7602","Theoglip 100Mg","Tablet","Medicine","Tablet"
"6871","Theohist 16Mg","Tablet","Medicine","Tablet"
"9211","Theohist 8Mg","other","Other","Unit"
"4975","Theracal","Tablet","Medicine","Tablet"
"4977","Thermoseal 50 Mg","tooth paste","Medicine","Unit"
"8169","Thromban 2.5Mg","Tablet","Medicine","Tablet"
"4920","Thromban 5Mg","Tablet","Medicine","Tablet"
"3365","Thulasi Cough Syrup","syrup","Medicine","Syrup"
"10004","Thymol","other","Other","Unit"
"4979","Thymol 3%","Other","Other","Unit"
"4980","Thymol 4%","spirit","Other","Unit"
"1064","Thyrocarb 10Mg","Tablet","Medicine","Tablet"
"4981","Thyrocarb 5 Mg","Tablet","Medicine","Tablet"
"4982","Thyromega 100 100Mg","","Other","Unit"
"4983","Thyronorm 100Mg","Tablet","Medicine","Tablet"
"4984","Thyronorm 25Mg","Tablet","Medicine","Tablet"
"4985","Thyronorm 50Mg","Tablet","Medicine","Tablet"
"4986","Thyrox 50","","Other","Unit"
"4987","Thyroxin (Acme) 50Mg","","Other","Unit"
"4988","Thyroxin 50Mg","","Other","Unit"
"8062","Thyvex 100Mg","tablet","Medicine","Tablet"
"8063","Thyvex 50Mg","tablet","Medicine","Tablet"
"5671","Tiara Ok","others","Other","Unit"
"9330","Tiara Rollo","chocolate","Snack","Unit"
"4990","Tiazole Cream","","Personal Care","Cream/Ointment"
"4991","Tibion","","Other","Unit"
"4992","Ticgard","","Other","Unit"
"9231","Tickamit 12.5","other","Other","Unit"
"4993","Tickemit","Other","Other","Unit"
"4994","Ticks Out Powder","","Other","Unit"
"9545","Ticus 90Mg","Tablet","Medicine","Tablet"
"4995","Tifin Onion 125G","","Other","Unit"
"4996","Tifin Original 125G","","Other","Unit"
"8385","Tiginor 20Mg","Tablet","Medicine","Tablet"
"4999","Timoptol Opthalmic Solution 0.5%","eye drops","Medicine","Drops"
"5000","Tiohale 18","Capsule","Medicine","Capsule"
"7502","Tioram Soap","soap","Personal Care","Unit"
"5001","Tiova Dp 18Mg","Tablet","Medicine","Tablet"
"5002","Tiova Hfa Inhaler","other","Medicine","Inhaler"
"5003","Tipi Tip","","Other","Unit"
"4080","Tissue Box","Other","Other","Packet"
"4997","Tixfree 10-20Kg","for dog","Other","Unit"
"8288","Tixfree 20-40Kg","for dog","Other","Unit"
"5004","Tizorel 2 Mg","Tablet","Medicine","Tablet"
"5005","Tizorel 4 Mg","Tablet","Medicine","Tablet"
"5006","Tlova Hfa Inhelar","","Other","Inhaler"
"6882","Tobradex Eye Drop","eye drops","Medicine","Drops"
"5007","Tobradex Eye Drop 0.1%","","Other","Drops"
"5008","Tobradex Oinment","oinment","Other","Unit"
"5009","Tobrex Eye Drop 0.3% 5Ml","eye drops","Medicine","Drops"
"5010","Tobrex Eye Oinment 0.3%","eye oinment","Other","Unit"
"4597","Toch","othre","Other","Unit"
"9742","Toch 2","other","Other","Unit"
"9744","Toch 3","othere","Other","Unit"
"9745","Toch 4","other","Other","Unit"
"9746","Toch 5","other","Other","Unit"
"8296","Tocosoft (Vitamin E 400 )","Capsule","Medicine","Capsule"
"5011","Tocosoft 400","Tablet","Medicine","Tablet"
"4637","Toilet Paper","others","Other","Unit"
"5012","Toilet Paper Roll","Other","Other","Unit"
"5013","Toladine 2 Mg","Tablet","Medicine","Tablet"
"5014","Tolaz 2.5","Tablet","Medicine","Tablet"
"5015","Tolbutamide 500Mg","Tablet","Medicine","Tablet"
"5016","Tolnaftate Solution 10Ml","Other","Other","Unit"
"9666","Tolnaftate Topical Solution 10Ml","solution","Other","Unit"
"5017","Toothache Care","","Other","Unit"
"5018","Top Cal M","","Other","Unit"
"5019","Top Cal-o","","Other","Unit"
"5020","Top Dog Shampoo","","Personal Care","Unit"
"5021","Top Toe Baby Wash","","Baby Care","Unit"
"5022","Top Toe Baby Wash 100 Mg","","Baby Care","Unit"
"5023","Top Toe Wash 50 Ml","","Personal Care","Unit"
"7002","Topiram 25Mg","teblets","Other","Unit"
"5563","Topiramate 25Mg (Spc)","Tablet","Medicine","Tablet"
"5564","Topiramate 50Mg (Spc)","Tablet","Medicine","Tablet"
"5024","Topirol 25Mg","Tablet","Medicine","Tablet"
"5025","Topirol Tabs 50Mg","Tablet","Medicine","Tablet"
"5026","Topline Gel","others","Medicine","Cream/Ointment"
"7003","Toprimate 50 Mg","teblets","Medicine","Unit"
"8065","Topvex 25Mg","Tablet","Medicine","Tablet"
"8064","Topvex 50Mg","Tablet","Medicine","Tablet"
"5027","Torleva 250 Mg","Tablet","Medicine","Tablet"
"5028","Torleva 500Mg","tab","Medicine","Tablet"
"10091","Torleva 750Mg","Tablet","Medicine","Tablet"
"3651","Tourch 200/=","others","Other","Unit"
"59","Toy 59","other","Other","Unit"
"3298","Toy Ball","others","Other","Unit"
"6952","Toys Number 1","others","Other","Unit"
"6983","Toys Number 10","other","Other","Unit"
"6984","Toys Number 11","others","Other","Unit"
"6992","Toys Number 12","others","Other","Unit"
"6993","Toys Number 13","other","Other","Unit"
"6994","Toys Number 14","other","Other","Unit"
"6995","Toys Number 15","other","Other","Unit"
"6996","Toys Number 16","other","Other","Unit"
"6997","Toys Number 17","others","Other","Unit"
"6998","Toys Number 18","other","Other","Unit"
"6235","Toys Number 19","others","Other","Unit"
"6953","Toys Number 2","others","Other","Unit"
"6331","Toys Number 20","toys","Other","Unit"
"8084","Toys Number 21","others","Other","Unit"
"9332","Toys Number 22","other","Other","Unit"
"6931","Toys Number 24","others","Other","Unit"
"2303","Toys Number 25","others","Other","Unit"
"4276","Toys Number 26","others","Other","Unit"
"9098","Toys Number 27","others","Other","Unit"
"2772","Toys Number 28","others","Other","Unit"
"2771","Toys Number 29","others","Other","Unit"
"6954","Toys Number 3","others","Other","Unit"
"1067","Toys Number 30","others","Other","Unit"
"8036","Toys Number 31","others","Other","Unit"
"1099","Toys Number 32","others","Other","Unit"
"1100","Toys Number 33","others","Other","Unit"
"1094","Toys Number 34","others","Other","Unit"
"1098","Toys Number 35","others","Other","Unit"
"1107","Toys Number 36","others","Other","Unit"
"8150","Toys Number 37","other","Other","Unit"
"1087","Toys Number 38","others","Other","Unit"
"1089","Toys Number 39","others","Other","Unit"
"6955","Toys Number 4","others","Other","Unit"
"8127","Toys Number 40","others","Other","Unit"
"6957","Toys Number 5","other","Other","Unit"
"6958","Toys Number 6","other","Other","Unit"
"6959","Toys Number 7","others","Other","Unit"
"6981","Toys Number 8","other","Other","Unit"
"6982","Toys Number 9","other","Other","Unit"
"1220","Toyy Car","toy","Other","Unit"
"5029","Tranatacort Cream 10 G","","Personal Care","Cream/Ointment"
"5030","Tranattil","","Other","Unit"
"7685","Traneta 5Mg","Tablet","Medicine","Tablet"
"7698","Tranex 500Mg","Tablet","Medicine","Tablet"
"5031","Tranexamic Acid Tab 500Mg(spc)","Tablet","Medicine","Tablet"
"3539","Transamin 500Mg","Tablet","Medicine","Tablet"
"5032","Transamin Caps 250Mg","Tablet","Medicine","Tablet"
"9264","Translipo C Cream","cream","Personal Care","Cream/Ointment"
"9205","Translipo Cb Cream 15G","other","Personal Care","Cream/Ointment"
"5033","Transpain C","cream","Personal Care","Cream/Ointment"
"9252","Transpain Gel 30G","other","Medicine","Cream/Ointment"
"5035","Travata Eye Drop","eye drops","Medicine","Drops"
"5036","Travocort Cream 10G","cream","Personal Care","Cream/Ointment"
"5037","Travogen Cream 20 Mg","Other","Personal Care","Cream/Ointment"
"7619","Trego Oinment 10G","ointment","Medicine","Cream/Ointment"
"5038","Trenexa 500 Mg","","Medicine","Unit"
"5039","Treret 250","","Other","Unit"
"9381","Tresemme Shampoo 185Ml","shampoo","Personal Care","Unit"
"5040","Tretin A","cream","Personal Care","Cream/Ointment"
"5041","Tretracycline Oinment","","Other","Unit"
"5042","Treven 100","","Other","Unit"
"5043","Trevia 100Mg","Tablet","Medicine","Tablet"
"5044","Trevia 50Mg","Tablet","Medicine","Tablet"
"8157","Triam Iv","injection","Medicine","Injection"
"9356","Tricoderma Cream 10G","cream","Personal Care","Cream/Ointment"
"4796","Tridosil 250","tablet","Medicine","Tablet"
"5046","Trifer Drops","","Medicine","Drops"
"5047","Trifix Suspension","Syrup","Medicine","Syrup"
"5048","Trifluoperazine 5 Mg","Tablet","Medicine","Tablet"
"5994","Trimate 10Mg","Tablet","Medicine","Tablet"
"5049","Trimax 1000","Tablet","Medicine","Tablet"
"5050","Trioderm Cream","cream","Personal Care","Cream/Ointment"
"5051","Triomate 18","Tablet","Medicine","Tablet"
"5052","Trioplast","","Other","Unit"
"7553","Trioplast 5Gm Ex","cream","Personal Care","Cream/Ointment"
"1751","Triptor 250Mg","Capsule","Medicine","Capsule"
"8225","Triz Syrup","Syrup","Medicine","Syrup"
"1011","Trizocl 4 Mg","","Medicine","Unit"
"8074","Troken 75","Tablet","Medicine","Tablet"
"5053","Tronolane Cream 20Gm","cream","Personal Care","Cream/Ointment"
"5054","Tropic Eye Drop","eye drops","Medicine","Drops"
"5055","Tropica","Tablet","Medicine","Tablet"
"5056","Tryptanol 25 Mg","Tablet","Medicine","Tablet"
"8103","Tufnil 200Mg","Tablet","Medicine","Tablet"
"5059","Turbozinc Syrup 100Ml","","Medicine","Syrup"
"5061","Turbute 2.5Mg","Tablet","Medicine","Tablet"
"5060","Turbute Syrup","Syrup","Medicine","Syrup"
"9538","Turline Syrup 100Ml","syrup","Medicine","Syrup"
"4191","Turmeric Golden Cream 50Ml","cream","Personal Care","Cream/Ointment"
"9302","Tusq-dx Syrup","other","Medicine","Syrup"
"8140","U Progest 200Mg","Capsule","Medicine","Capsule"
"5062","Ubesekara Oil","","Other","Unit"
"5063","Udihep","","Other","Unit"
"5064","Udiliv 300","","Other","Unit"
"6573","Ujooba Cream","cream","Personal Care","Cream/Ointment"
"5066","Umetac 150 Mg","","Medicine","Unit"
"1163","Under Eye Cream","cream","Personal Care","Cream/Ointment"
"8341","Under Eye Cream (Aurica)","other","Personal Care","Cream/Ointment"
"9086","Under Eye Gel 15Ml","gel","Medicine","Cream/Ointment"
"5067","Under Pad","","Other","Unit"
"6989","Uniclav Syrup","syrup","Medicine","Syrup"
"8009","Uniclave 625Mg","Capsule","Medicine","Capsule"
"9357","Unimelc Tabs 7.5Mg","tablets","Other","Tablet"
"5068","Uniren 1% Spray New","Tablet","Personal Care","Tablet"
"5547","Uniren Spray 60Ml","Spray","Personal Care","Unit"
"5070","Unizink 50","Tablet","Medicine","Tablet"
"5071","Uno Candy Bar","chocolate","Snack","Unit"
"5167","Unosat 10","tablet","Medicine","Tablet"
"6814","Uptech Go","spacer","Other","Unit"
"8179","Uptech Go Adult","others","Other","Unit"
"8259","Urea 10% Auqeous Cream Felona","cream","Personal Care","Cream/Ointment"
"7692","Urea In Aques 10% Cr 90G","cream","Personal Care","Cream/Ointment"
"5073","Urifl","","Other","Unit"
"9199","Uriflo 0.4Mg","other","Other","Unit"
"5074","Urimax 0.4Mg","Tablet","Medicine","Tablet"
"5075","Urinal","Other","Other","Unit"
"5076","Urinal M/f","Other","Other","Unit"
"5077","Urine Bag","Other","Other","Unit"
"100021","Urine Bag Paediactric","urine bag","Other","Unit"
"7634","Urine Container Sterile","Other","Other","Unit"
"5079","Urine Leg Bag (Small)","","Other","Unit"
"5078","Urine Leg Bag 750Ml","","Other","Unit"
"5080","Uring Bags P","","Other","Unit"
"5607","Urisol Sache","Other","Other","Unit"
"5081","Ursodeoxycholic Acid 300Mg","","Other","Unit"
"5082","Ursodil 250","Tablet","Medicine","Tablet"
"5083","Ursovic 300","Tablet","Medicine","Tablet"
"8351","Uswattha Lolipop","other","Other","Unit"
"5551","Ut Norm","Tablet","Medicine","Tablet"
"1259","Utiwell","Tablet","Medicine","Tablet"
"7548","Uveblock Day Secure 40Ml","gel","Medicine","Cream/Ointment"
"5084","V Wash 100Ml","","Personal Care","Unit"
"5085","Vagibact Cream","other","Personal Care","Cream/Ointment"
"5086","Valmelix Cough Syrup 100Ml","Other","Medicine","Syrup"
"5087","Valmelix Lozenge","Other","Other","Unit"
"5673","Valparin Chrono 300Mg","Tablet","Medicine","Tablet"
"5088","Valparin 200Mg","Tablet","Medicine","Tablet"
"5672","Valparin Chrono 500Mg","Tablet","Medicine","Tablet"
"5091","Valparin Solution","syrup","Medicine","Syrup"
"5092","Vanila Wafers","","Other","Unit"
"9597","Vanilla Cream Wafers Biscuits","biscuit","Biscuit","Cream/Ointment"
"5093","Vaptor 10 Mg","Tablet","Medicine","Tablet"
"5095","Vaptor 5 Mg","Tablet","Medicine","Tablet"
"5094","Vaptor 20 Mg","Tablet","Medicine","Tablet"
"5096","Varicose Oil 30Ml","","Other","Unit"
"5097","Vaselin New","Other","Other","Unit"
"5595","Vaseline 100 Ml","Other","Other","Unit"
"9148","Vaseline Advanced 100Ml","other","Other","Unit"
"9146","Vaseline Advanced Repair 100Ml","other","Other","Unit"
"9147","Vaseline Aloe Fresh 100Ml","other","Other","Unit"
"5099","Vaseline Body Lotion Cocoa Glow","Other","Personal Care","Cream/Ointment"
"9388","Vaseline Body Lotion Deep Restore 100Ml","cream","Personal Care","Cream/Ointment"
"5100","Vaseline Body Lotion Deep Restore 200Ml","cream","Personal Care","Cream/Ointment"
"5101","Vaseline Body Lotion Healthy Wh Pollution","","Personal Care","Cream/Ointment"
"5098","Vaseline Cocoa Glow","cream","Personal Care","Cream/Ointment"
"5103","Vaseline Cocoa Radiant 400Ml","cream","Personal Care","Cream/Ointment"
"8136","Vaseline Deep Restore 40Ml","cream","Personal Care","Cream/Ointment"
"9039","Vaseline Gauze","other","Other","Unit"
"9386","Vaseline Green Tea Body Lotion","Lotion","Beverage","Cream/Ointment"
"9646","Vaseline Healthy Bright 100Ml","cream","Personal Care","Cream/Ointment"
"5104","Vaseline Healthy Bright 40Ml","cream","Personal Care","Cream/Ointment"
"5105","Vaseline Healthy White 100Ml","cream","Personal Care","Cream/Ointment"
"5106","Vaseline Healthy White 200Ml","cream","Personal Care","Cream/Ointment"
"5102","Vaseline Ice Cool 100Ml","cream","Personal Care","Cream/Ointment"
"9554","Vaseline Ice Cool 100Mlnew","cream","Personal Care","Cream/Ointment"
"2586","Vaseline Ice Cool 40Ml","cream","Personal Care","Cream/Ointment"
"8186","Vaseline Original.","cream","Personal Care","Cream/Ointment"
"5839","Vaseline Protectine Gel","Other","Medicine","Cream/Ointment"
"5107","Vaslin Healthy White 100Ml","cream","Personal Care","Cream/Ointment"
"7691","Vasline","oinment","Other","Unit"
"8059","Vasline","oinment","Other","Unit"
"3995","Vasline Health Bright 40Ml","vasline","Other","Unit"
"5119","Vasolip 10 Mg","Tablet","Medicine","Tablet"
"5120","Vasolip 20 Mg","Tablet","Medicine","Tablet"
"9254","Vastine 90G","other","Other","Unit"
"3151","Vata Thailaya","oil","Other","Unit"
"5121","Ve Cu Adult M","","Other","Unit"
"6079","Veet 25G","Other","Other","Unit"
"6078","Veet 50G","Other","Other","Unit"
"5123","Veet Dry Skin 25G (Green)","cream","Personal Care","Cream/Ointment"
"3845","Veg.cracker 170G","Other","Biscuit","Unit"
"5128","Vegeston 200Mg","Tablet","Medicine","Tablet"
"5129","Vel Cud Adut L","","Other","Unit"
"5130","Vellona Diapers - Adult 10 Large","","Baby Care","Unit"
"5131","Vellona Diapers - Adult Xl 10Pc","","Baby Care","Unit"
"5132","Vellona Progard Diapers - Adult M 10Pcs","","Baby Care","Unit"
"5137","Velona Cuddles Baby Diapers L 4Pcs","diapers","Baby Care","Unit"
"5138","Velona Cuddles Baby Diapers M 8Pcs","diapers","Baby Care","Unit"
"5139","Velona Cuddles Baby Diapers S 4Pcs","diapers","Baby Care","Unit"
"5141","Velona Cuddles Diapers Jumbo","DIAPER","Baby Care","Unit"
"9725","Velona Cuddles Diapers Jumbo M","diapers","Baby Care","Unit"
"9724","Velona Cuddles Diapers Jumbo S","diapers","Baby Care","Unit"
"5905","Velona Cuddles Ezy Pants 18Pcs L","Other","Other","Unit"
"5134","Velona Cuddles Jambo Nb","diapers","Baby Care","Unit"
"9366","Velona Cuddles M 4Pcs","other","Other","Unit"
"5953","Velona Cuddles Nb 4Pcs","Other","Other","Unit"
"9780","Velona Cuddles Over Nyts (L) 4Pcs","pampas","Other","Unit"
"9779","Velona Cuddles Over Nyts (M) 4Pcs","pampas","Other","Unit"
"9778","Velona Cuddles Over Nyts (S) 4Pcs","pampas","Other","Unit"
"5954","Velona Cuddles Xl","diapers","Baby Care","Unit"
"6035","Velona Diapers 18Pcs M","Other","Baby Care","Unit"
"6037","Velona Easy Pant L","diapers","Baby Care","Unit"
"6036","Velona Easy Pant Xxl 8Pcs","Other","Other","Unit"
"5140","Velona Eazy Pant 54Pcs","","Other","Unit"
"5136","Velona Ezy Pant M","diapers","Baby Care","Unit"
"5135","Velona Ezy Pant S","diapers","Baby Care","Unit"
"5142","Velowa Cuddle Baby Diaper","","Baby Care","Unit"
"5143","Velowna Cuddles Nb 4Pcs","","Other","Unit"
"5772","Velvat Rose Soap","Other","Personal Care","Unit"
"5770","Velvat Soap","Other","Personal Care","Unit"
"5144","Velvate Body Lotion","cream","Personal Care","Cream/Ointment"
"3283","Velvet Body Lotion","lotion","Personal Care","Cream/Ointment"
"5145","Velvet Body Lotion Lotus And Lavender 250Ml","Lotion","Personal Care","Cream/Ointment"
"5798","Velvet Body Wash 140Ml","Other","Personal Care","Unit"
"5146","Velvet Soap","Other","Personal Care","Unit"
"5797","Velvet Soap Sandalwood","Other","Personal Care","Unit"
"9064","Venival Face Wash100ml","FACE WASH","Personal Care","Unit"
"5147","Venival Soap","","Personal Care","Unit"
"9099","Venivel Face Wash 50Ml","FACE WASH","Personal Care","Unit"
"9071","Venivel Moisturising Body Milk 100Ml","other","Beverage","Unit"
"5148","Venivel Moisturising Body Milk 130Ml","","Beverage","Unit"
"5149","Venivel Whitening Body Wash 300Ml","","Personal Care","Unit"
"5150","Venivel Whitening Face Wash 100Ml","","Personal Care","Unit"
"5151","Venivel Whitening Face Wash 50Ml","","Personal Care","Unit"
"5152","Veniwel Whitning Face Wash","","Personal Care","Unit"
"5153","Veniwel Whitning Face Wash 100Ml","","Personal Care","Unit"
"5154","Veniz Xr 150 Mg","Tablet","Medicine","Tablet"
"5155","Veniz Xr 37.5 Mg","Tablet","Medicine","Tablet"
"5156","Veniz Xr 75Mg","Tablet","Medicine","Tablet"
"5157","Ventek 10Mg","Tablet","Medicine","Tablet"
"7533","Ventek 4Mg","Tablet","Medicine","Tablet"
"5158","Ventohaler","other","Other","Unit"
"5626","Ventokast 05","Tablet","Medicine","Tablet"
"5159","Ventokast 10","tab","Medicine","Tablet"
"5160","Ventolin Evohaler 100Mg","Inhaler","Medicine","Inhaler"
"9236","Veramon 5Mg","other","Other","Unit"
"5161","Verapamil 40Mg","Bottle","Beverage","Bottle"
"3196","Vericose Vein Stoking B/n -L/m","stoking","Other","Unit"
"5162","Vermox 500Mg","Tablet","Medicine","Tablet"
"7702","Vermox 100Mg","Tablet","Medicine","Tablet"
"9590","Veromon 5Mg","Tablet","Medicine","Tablet"
"6844","Veroxib 60Mg","Tablet","Medicine","Tablet"
"6845","Veroxib 90Mg","Tablet","Medicine","Tablet"
"9755","Veroxib 90Mg (Spc)","Tablet","Medicine","Tablet"
"5164","Vertiko 16Mg","Tablet","Medicine","Tablet"
"8248","Vertiko 8Mg","Tablet","Medicine","Tablet"
"5166","Vetzymeb + E 200Pcs","","Other","Unit"
"5168","Vexdipine 30 Mg","","Medicine","Unit"
"8164","Vexer 50Mg","Capsule","Medicine","Capsule"
"8165","Vexer 75Mg","Capsule","Medicine","Capsule"
"5169","Vexgid 60 Mg","","Medicine","Unit"
"5170","Vexgid Mr 30 Mg","","Medicine","Unit"
"5171","Vexmet 500","","Other","Unit"
"4587","Viagra 50Mg","Tablet","Medicine","Tablet"
"5172","Vicks 10 Ml","balm","Other","Unit"
"5601","Vicks 10Ml","balm","Other","Unit"
"5173","Vicks 5 Ml","balm","Other","Unit"
"5174","Vicks Inhaler","Inhaler","Medicine","Inhaler"
"9525","Vicks Vaporub 50Ml","gel","Medicine","Cream/Ointment"
"5176","Vicryl 2-0 (W9025)","","Other","Unit"
"5177","Vicryl 2-0 (W9121)","","Other","Unit"
"5178","Vicryl 3-0","","Other","Unit"
"5179","Vicryl 3-0 (W9120)","","Other","Unit"
"5180","Vicryl 5-0","","Other","Unit"
"7629","Vifas 120Mg","Tablet","Medicine","Tablet"
"7630","Vifas 180Mg","Tablet","Medicine","Tablet"
"5181","Vigamox 5Ml","other","Other","Unit"
"5182","Vilda 50 Mg","Tablet","Medicine","Tablet"
"5183","Vildagliptin Tab 50Mg","","Medicine","Tablet"
"5185","Vim Liquid 250Ml","liquid","Other","Unit"
"9270","Vim Soap","other","Personal Care","Unit"
"5187","Viptin 50Mg","Tablet","Medicine","Tablet"
"6980","Viqo Spray","Spray","Personal Care","Unit"
"1417","Virgin Coconut Oil 750Ml","oil","Other","Unit"
"5188","Virless Tab","","Medicine","Tablet"
"5189","Virus Blocker Card","","Other","Unit"
"8211","Viscid Syrup","Syrup","Medicine","Syrup"
"1301","Vita Cd","Tablet","Medicine","Tablet"
"9023","Vita Stress","other","Other","Unit"
"5193","Vitacal 500","","Other","Unit"
"5194","Vitacap","Tablet","Medicine","Tablet"
"6356","Vitacee 500","Tablet","Medicine","Tablet"
"5195","Vitagen 400G","milk powder","Snack","Unit"
"5196","Vitalise Syrup 100 Ml","other","Medicine","Syrup"
"5197","Vitalise Syrup 200 Ml","Syrup","Medicine","Syrup"
"7535","Vitamin A&d","Capsule","Medicine","Capsule"
"5199","Vitamin A&d Cap (Retcal - 4)","Tablet","Medicine","Tablet"
"5198","Vitamin A&d New","Tablet","Medicine","Tablet"
"5200","Vitamin B Co Tab","Tablet","Medicine","Tablet"
"7536","Vitamin C (Msj)","Tablet","Medicine","Tablet"
"5201","Vitamin C 100 Mg","Tablet","Medicine","Tablet"
"1651","Vitamin C 100Mg","Tablet","Medicine","Tablet"
"9722","Vitamin C Day Cream","cream","Personal Care","Cream/Ointment"
"9720","Vitamin C Face Wash","face wash","Personal Care","Unit"
"9721","Vitamin C Night Cream","cream","Personal Care","Cream/Ointment"
"5204","Vitamin D3 1000 U","Tablet","Medicine","Tablet"
"9295","Vitamin E 200Mg (E Cap-200)","Capsule","Medicine","Capsule"
"9310","Vitamin E 400Mg (Tocosoft)","other","Other","Unit"
"3966","Vitamin E Hair","for hair","Other","Unit"
"5742","Vitavite Plicap","Capsule","Medicine","Capsule"
"5206","Vitra A-z","Tablet","Medicine","Tablet"
"9712","Vitra A-z","Tablet","Medicine","Tablet"
"5207","Vitra Ginko","","Other","Unit"
"5208","Vitra Mama","Tablet","Medicine","Tablet"
"5209","Vitracal","Tablet","Medicine","Tablet"
"5210","Vitrite Complete","Tablet","Medicine","Tablet"
"8083","Vitrite Plus","Tablet","Medicine","Tablet"
"5211","Vitromega 1000Mg","Tablet","Medicine","Tablet"
"5213","Viva 400G","milk powder","Snack","Unit"
"5214","Viva Original 400G Jar","","Other","Bottle"
"9770","Viva Umbrella 1150/=","umbrella","Other","Unit"
"9769","Viva Umbrella 1200/=","umbrella","Other","Unit"
"9771","Viva Umbrella 1350/=","umbrella","Other","Unit"
"9772","Viva Umbrella 1600/=","umbrella","Other","Unit"
"9768","Viva Umbrella 990/=","umbrella","Other","Unit"
"5215","Vivacheck Eco","","Other","Unit"
"9606","Vivian 50Mg [Diclofenac]","Tablet","Medicine","Tablet"
"5819","Vivya Day Cream","Other","Personal Care","Cream/Ointment"
"5821","Vivya Face Wash","Other","Personal Care","Unit"
"3287","Vivya Night Cream","cream","Personal Care","Cream/Ointment"
"5217","Volini Gel 30G","gel","Medicine","Cream/Ointment"
"5218","Volta Gel 30G","gel","Medicine","Cream/Ointment"
"5227","Voltabid 2","other","Other","Unit"
"1145","Voltabid 50Mg","Tablet","Medicine","Tablet"
"5221","Voltaren 12.5Mg","","Other","Unit"
"5220","Voltaren 50Mg","Tablet","Medicine","Tablet"
"2102","Voltaren Jel","jel","Other","Cream/Ointment"
"5223","Voltaren Suppo 100Mg","suppo","Medicine","Unit"
"7545","Voltaren Suppo 50Mg","Tablet","Medicine","Tablet"
"5224","Voltarin Suppo 25","","Medicine","Unit"
"5225","Voltren 1% 20G","","Other","Unit"
"5724","Voltren Gel","gel","Medicine","Cream/Ointment"
"5226","Volumatic (Spacer Device)","","Other","Unit"
"5228","Vometa Ft Tab","tab","Medicine","Tablet"
"5229","Vometa Syrup 60Ml","Syrup","Medicine","Syrup"
"5230","Vomikind - Md 4","Tablet","Medicine","Tablet"
"9168","Vomikind 5Ml Solution","other","Other","Unit"
"1685","Vomikind Md 8Mg","Tablet","Medicine","Tablet"
"5231","Vomikind Oral Solution 50Ml","","Other","Unit"
"5232","Vomin 30","","Other","Unit"
"5233","Vomvin 10 Suppositary","Other","Other","Unit"
"2744","Vomvin 30Mg Suppository","others","Other","Unit"
"5234","Vomvin 60 Suppository","Tablet","Medicine","Tablet"
"9635","Voodoo Talc","talc","Other","Unit"
"5236","Voren Gel","cream","Personal Care","Cream/Ointment"
"8185","Walacot Tab Betamethason","Tablet","Medicine","Tablet"
"8252","Warf- 5Mg","Tablet","Medicine","Tablet"
"5239","Warf-1","Tablet","Medicine","Tablet"
"8413","Wartex Cream (Felona)","cream","Personal Care","Cream/Ointment"
"6353","Washable Panty.","others","Other","Unit"
"5757","Watawala Tea 50G","Other","Beverage","Unit"
"9305","Watch","others","Other","Unit"
"3143","Water Bottel","other","Beverage","Unit"
"9331","Water Bottle","water","Beverage","Bottle"
"8066","Water Bottle 500Ml","water","Beverage","Bottle"
"8299","Water Bottle Clear","Bottle","Beverage","Bottle"
"6389","Wathaviduranga Oil 30Ml","others","Other","Unit"
"5246","Wave Ceylone Hand Sanitizer 35Ml","","Personal Care","Unit"
"5248","Wax","other","Other","Unit"
"9201","Waxnil","other","Other","Unit"
"5249","Waxsol Ear Drops 10Ml","drop","Medicine","Drops"
"7586","Weight Gainer","milk powder","Snack","Unit"
"5301","Welclave 375Mg","Tablet","Medicine","Tablet"
"8000","Welclave 625Mg","Tablet","Medicine","Tablet"
"5250","Wellman","","Other","Unit"
"5251","Welwomen","","Other","Unit"
"2638","Wermozim 500Mg","Tablet","Medicine","Tablet"
"5253","Wet Wipes","Other","Other","Unit"
"5235","Whiskas Cat Food","others","Other","Unit"
"5254","Whisper Choice 7S","pampas","Other","Unit"
"5258","Whisper Heavy Flow Wings 10S @225","","Other","Unit"
"9528","Whisper Ultra Xl 15S New","pampas","Other","Unit"
"9527","Whisper Ultra Xl+15s","pampas","Other","Unit"
"5523","White Chocolat 93G","chocalat","Other","Unit"
"4490","White Cholate 45G","chocolate","Snack","Unit"
"5574","White Oats 500G","Tablet","Medicine","Tablet"
"10016","White Ots","other","Other","Unit"
"8339","Whitening Face Wash Pomegranate (Aurica)","other","Personal Care","Unit"
"5263","Wincream 30G","cream","Personal Care","Cream/Ointment"
"6259","Winmatazine Oinment","oinment","Other","Unit"
"5264","Winolap Ds 0.2% W/v","eye drops","Medicine","Drops"
"5265","Winspray 60G Aerosol","","Other","Unit"
"5266","Wintagino Cream","","Personal Care","Cream/Ointment"
"5267","Wintagino Cream (Spc)","","Personal Care","Cream/Ointment"
"5268","Winter Balm","others","Other","Unit"
"5269","Winterpan Gel 30G","cream","Personal Care","Cream/Ointment"
"5270","Wisper 10 S","","Other","Unit"
"5271","Wisper 8S","","Other","Unit"
"2952","Wokali Wax","other","Other","Unit"
"5588","Wokazan","Other","Other","Unit"
"5274","Wormin 100Mg","Tablet","Medicine","Tablet"
"5273","Wormin 500Mg","Tablet","Medicine","Tablet"
"9536","Wormin Syrup 30Ml","syrup","Medicine","Syrup"
"6685","Wosulin 30/70","insulin","Other","Unit"
"7236","Wosulin 30/70 10Ml","injection","Medicine","Injection"
"5275","Wrist Support M","","Other","Unit"
"9176","X - Plendad 10Mg","other","Other","Unit"
"6041","X Oil 10Ml","oil","Other","Unit"
"5276","X Oil 5Ml","oil","Other","Unit"
"100030","X-plendad 10Mg","Tablet","Medicine","Tablet"
"5681","X-plended 5Mg","Tablet","Medicine","Tablet"
"7534","Xadine 120Mg","Tablet","Medicine","Tablet"
"8123","Xadine 180Mg","Tablet","Medicine","Tablet"
"8077","Xadine Tabs 60Mg","Tablet","Medicine","Tablet"
"9274","Xalia 10Mg","other","Other","Unit"
"8170","Xamic 500Mg","Tablet","Medicine","Tablet"
"4700","Xenglu 10Mg","Tablet","Medicine","Tablet"
"8167","Xenglu 25Mg","Tablet","Medicine","Tablet"
"5280","Xepat Forte","eye drops","Medicine","Drops"
"8159","Xeros Cream","cream","Personal Care","Cream/Ointment"
"8024","Xibra 120Mg","Tablet","Medicine","Tablet"
"5281","Xibra 90","Tablet","Medicine","Tablet"
"5282","Xon Ce Tabs 500Mg 50X2 S","Tablet","Medicine","Tablet"
"5283","Xplended 10Mg","Tablet","Medicine","Tablet"
"5284","Xplended 20Mg","","Other","Unit"
"5287","Xsprin 75Mg","Tablet","Medicine","Tablet"
"5288","Xylocaine 2% Iv","","Other","Injection"
"5289","Xylocaine Jelly 2%","jelly","Other","Unit"
"5290","Xyloproct Oinment","oinment","Other","Unit"
"5291","Xyloproct Suppo","","Medicine","Unit"
"5292","Yasmin Tabs","Tablet","Medicine","Tablet"
"5294","Yescort 6 Mg","Tablet","Medicine","Tablet"
"5295","Zaart 25Mg","Tablet","Medicine","Tablet"
"8044","Zaart 50Mg","Tablet","Medicine","Tablet"
"5297","Zaart H","Tablet","Medicine","Tablet"
"5298","Zabesta 2.5 Mg","tablets","Medicine","Tablet"
"5299","Zabesta 5 Mg","Tablet","Medicine","Tablet"
"5302","Zantin 100Mg","Tablet","Medicine","Tablet"
"5303","Zebesta 5Mg","Tablet","Medicine","Tablet"
"5304","Zecet 10 Mg","Tablet","Medicine","Tablet"
"8183","Zecet Syrup","syrup","Medicine","Syrup"
"4007","Zecid 20Mg","other","Other","Unit"
"5306","Zeespa 135Mg","","Other","Unit"
"5307","Zeest Tablet","","Medicine","Tablet"
"5552","Zegavit Tablat","Tablet","Medicine","Tablet"
"5308","Zem Xl 120Mg","Tablet","Medicine","Tablet"
"5309","Zem Xl 90Mg","Tablet","Medicine","Tablet"
"5313","Zenbar 60Mg","Capsule","Medicine","Capsule"
"7690","Zentel 200Mg","Tablet","Medicine","Tablet"
"8110","Zentocox 60Mg","Tablet","Medicine","Tablet"
"8069","Zentocox 90Mg","Tablet","Medicine","Tablet"
"5316","Zeos 10Mg","Tablet","Medicine","Tablet"
"9308","Zeos Syrup 60Ml","other","Medicine","Syrup"
"5317","Zeradol 100 Mg","Tablet","Medicine","Tablet"
"7701","Zerodol Cr 200Mg","Tablet","Medicine","Tablet"
"5320","Zeropen Cream","cream","Personal Care","Cream/Ointment"
"1434","Zerostatvt Spacer","spacer","Other","Unit"
"2864","Zetimer 10Mg","other","Other","Unit"
"5322","Zetro 500Mg","tab","Medicine","Tablet"
"6885","Zetro Syrup 15Ml","syrup","Medicine","Syrup"
"2643","Zex 120Mg","Tablet","Medicine","Tablet"
"5325","Zibra 120","","Other","Unit"
"5326","Ziconal Cream 15G","cream","Personal Care","Cream/Ointment"
"5331","Zimax Sy 200Mg 5 Ml 15 Ml","","Other","Unit"
"5521","Zin(zecet) 10Mg","Tablet","Medicine","Tablet"
"3857","Zinc Oxide Plaster 0.5X05","plaster","Other","Unit"
"3063","Zinc Oxide Plaster 1 X 5","plaster","Other","Unit"
"9418","Zinc Oxide Plaster 2.5Cmx1m","plaster","Other","Unit"
"95100","Zinc Oxide Plaster 3X5yard Hope","plaster","Other","Unit"
",","0","0","Other","Unit"
"9776","Zinco - B Capsule","Capsule","Medicine","Capsule"
"5335","Zinco Plus Syrup 60Ml","syrup","Medicine","Syrup"
"5336","Zinco-b Syrup","syrup","Medicine","Syrup"
"5338","Zincoderm G 15G","cream","Personal Care","Cream/Ointment"
"5339","Zincoderm M 15G","cream","Personal Care","Cream/Ointment"
"5340","Zincoderm S Ointment 15G","cream","Personal Care","Cream/Ointment"
"5341","Zincofer Caps","Capsule","Medicine","Capsule"
"5337","Zincorup Syrup 100Ml","syrup","Medicine","Syrup"
"8114","Zincovit B Syrup New","Syrup","Medicine","Syrup"
"5345","Zincovit D Drops 15Ml","others","Medicine","Drops"
"5346","Zincovit Syrup 200Ml","syrup","Medicine","Syrup"
"5347","Zincovit Tabs","Tablet","Medicine","Tablet"
"5348","Zinnat 125Mg","Tablet","Medicine","Tablet"
"5349","Zinnat 250Mg","Tablet","Medicine","Tablet"
"5350","Zinnat 500Mg","Tablet","Medicine","Tablet"
"5589","Zipyran Plus","Other","Other","Unit"
"5356","Zithrin 15Ml Suspension","liquid","Other","Unit"
"5352","Zithrin 250 Mg","other","Medicine","Unit"
"5353","Zithrin 500 Mg","Tablet","Medicine","Tablet"
"5354","Zithrin Suspension 35Ml","","Other","Unit"
"1129","Zithrox 500Mg","Tablet","Medicine","Tablet"
"5358","Zithrox Suspesun","syrup","Medicine","Syrup"
"5359","Zix Strong Rub Gel 30Gm","cream","Personal Care","Cream/Ointment"
"6426","Zocalm 5Mg","Tablet","Medicine","Tablet"
"5361","Zocef 500Mg","Tablet","Medicine","Tablet"
"5362","Zocef Dry Syrup 70Ml","syrup","Medicine","Syrup"
"8212","Zocef Suspension","Syrup","Medicine","Syrup"
"8346","Zolan 2.5Mg","Tablet","Medicine","Tablet"
"5363","Zoleric 40 Mg","","Medicine","Unit"
"9358","Zolpirex Tab 20'S","Tablet","Medicine","Tablet"
"5369","Zosert 50Mg","Tablet","Medicine","Tablet"
"5368","Zosert 25Mg","Tablet","Medicine","Tablet"
"5366","Zosert Tab 100Mg","Tablet","Medicine","Tablet"
"5370","Zosta 5Mg","","Other","Unit"
"95104","Zotral 100Mg","Tablet","Medicine","Tablet"
"5371","Zotral 50Mg","Tablet","Medicine","Tablet"
"5372","Zrostat","","Other","Unit"
"5375","Zycel 100Mg","Tablet","Medicine","Tablet"
"5376","Zycel 200Mg","Tablet","Medicine","Tablet"
"5377","Zycolax 10","Other","Other","Unit"
"8302","Zycolax 5Mg","Capsule","Medicine","Capsule"
"5379","Zycopan 10Mg","Tablet","Medicine","Tablet"
"5380","Zylo-p Ointment","cream","Personal Care","Cream/Ointment"
"1237","Zylo-p Solutions","othre","Other","Unit"
"5381","Zymar 5Ml","eye drops","Medicine","Drops"
"5382","Zymaxid 0.5Ml","eye drops","Medicine","Drops"
"5383","Zyncet Syrup 60Ml","Syrup","Medicine","Syrup"
"5384","Zyncet Tab 10Mg","Tablet","Medicine","Tablet"
"5386","Zypent 10","Tablet","Medicine","Tablet"
"5387","Zypent Syrup","","Medicine","Syrup"
"5390","Zyrova 10","Tablet","Medicine","Tablet"
"5388","Zyrova 20","Tablet","Medicine","Tablet"
"5389","Zyrova 5Mg","Tablet","Medicine","Tablet"